PERIOD_ID,DATE_RANGE,STATE,NAICS2,MSA,NAICS3,EMPSIZE,ESTIMATE_PERCENTAGE,STANDARD_ERROR,INDEX_ESTIMATE_PERCENTAGE,INDEX_STANDARD_ERROR,QUESTION,ANSWER,OPTION_TEXT
107,8/10/2026 - 8/23/2026,AK,,,,,17.8,3.91,0.0,0.0,"In the last two weeks, did this business use Artificial Intelligence (AI) in any of its business functions? (Examples of AI: machine learning, natural language processing, virtual agents, voice recognition, etc.)",Yes,AI current
107,8/10/2026 - 8/23/2026,AL,,,,,17.3,2.57,0.0,0.0,"In the last two weeks, did this business use Artificial Intelligence (AI) in any of its business functions? (Examples of AI: machine learning, natural language processing, virtual agents, voice recognition, etc.)",Yes,AI current
107,8/10/2026 - 8/23/2026,AR,,,,,19.7,4.09,0.0,0.0,"In the last two weeks, did this business use Artificial Intelligence (AI) in any of its business functions? (Examples of AI: machine learning, natural language processing, virtual agents, voice recognition, etc.)",Yes,AI current
107,8/10/2026 - 8/23/2026,AZ,,,,,20.4,2.66,0.0,0.0,"In the last two weeks, did this business use Artificial Intelligence (AI) in any of its business functions? (Examples of AI: machine learning, natural language processing, virtual agents, voice recognition, etc.)",Yes,AI current
107,8/10/2026 - 8/23/2026,CA,,,,,23.6,0.8,0.0,0.0,"In the last two weeks, did this business use Artificial Intelligence (AI) in any of its business functions? (Examples of AI: machine learning, natural language processing, virtual agents, voice recognition, etc.)",Yes,AI current
107,8/10/2026 - 8/23/2026,CO,,,,,29.0,1.9,0.0,0.0,"In the last two weeks, did this business use Artificial Intelligence (AI) in any of its business functions? (Examples of AI: machine learning, natural language processing, virtual agents, voice recognition, etc.)",Yes,AI current
107,8/10/2026 - 8/23/2026,CT,,,,,18.2,1.39,0.0,0.0,"In the last two weeks, did this business use Artificial Intelligence (AI) in any of its business functions? (Examples of AI: machine learning, natural language processing, virtual agents, voice recognition, etc.)",Yes,AI current
107,8/10/2026 - 8/23/2026,DC,,,,,33.7,6.91,0.0,0.0,"In the last two weeks, did this business use Artificial Intelligence (AI) in any of its business functions? (Examples of AI: machine learning, natural language processing, virtual agents, voice recognition, etc.)",Yes,AI current
107,8/10/2026 - 8/23/2026,DE,,,,,25.2,3.34,0.0,0.0,"In the last two weeks, did this business use Artificial Intelligence (AI) in any of its business functions? (Examples of AI: machine learning, natural language processing, virtual agents, voice recognition, etc.)",Yes,AI current
107,8/10/2026 - 8/23/2026,FL,,,,,25.7,1.46,0.0,0.0,"In the last two weeks, did this business use Artificial Intelligence (AI) in any of its business functions? (Examples of AI: machine learning, natural language processing, virtual agents, voice recognition, etc.)",Yes,AI current
107,8/10/2026 - 8/23/2026,GA,,,,,26.5,2.0,0.0,0.0,"In the last two weeks, did this business use Artificial Intelligence (AI) in any of its business functions? (Examples of AI: machine learning, natural language processing, virtual agents, voice recognition, etc.)",Yes,AI current
107,8/10/2026 - 8/23/2026,HI,,,,,23.3,4.11,0.0,0.0,"In the last two weeks, did this business use Artificial Intelligence (AI) in any of its business functions? (Examples of AI: machine learning, natural language processing, virtual agents, voice recognition, etc.)",Yes,AI current
107,8/10/2026 - 8/23/2026,IA,,,,,21.2,1.94,0.0,0.0,"In the last two weeks, did this business use Artificial Intelligence (AI) in any of its business functions? (Examples of AI: machine learning, natural language processing, virtual agents, voice recognition, etc.)",Yes,AI current
107,8/10/2026 - 8/23/2026,ID,,,,,26.1,4.34,0.0,0.0,"In the last two weeks, did this business use Artificial Intelligence (AI) in any of its business functions? (Examples of AI: machine learning, natural language processing, virtual agents, voice recognition, etc.)",Yes,AI current
107,8/10/2026 - 8/23/2026,IL,,,,,17.3,0.87,0.0,0.0,"In the last two weeks, did this business use Artificial Intelligence (AI) in any of its business functions? (Examples of AI: machine learning, natural language processing, virtual agents, voice recognition, etc.)",Yes,AI current
107,8/10/2026 - 8/23/2026,IN,,,,,18.1,1.9,0.0,0.0,"In the last two weeks, did this business use Artificial Intelligence (AI) in any of its business functions? (Examples of AI: machine learning, natural language processing, virtual agents, voice recognition, etc.)",Yes,AI current
107,8/10/2026 - 8/23/2026,KS,,,,,20.2,3.05,0.0,0.0,"In the last two weeks, did this business use Artificial Intelligence (AI) in any of its business functions? (Examples of AI: machine learning, natural language processing, virtual agents, voice recognition, etc.)",Yes,AI current
107,8/10/2026 - 8/23/2026,KY,,,,,22.9,2.42,0.0,0.0,"In the last two weeks, did this business use Artificial Intelligence (AI) in any of its business functions? (Examples of AI: machine learning, natural language processing, virtual agents, voice recognition, etc.)",Yes,AI current
107,8/10/2026 - 8/23/2026,LA,,,,,21.4,2.13,0.0,0.0,"In the last two weeks, did this business use Artificial Intelligence (AI) in any of its business functions? (Examples of AI: machine learning, natural language processing, virtual agents, voice recognition, etc.)",Yes,AI current
107,8/10/2026 - 8/23/2026,MA,,,,,17.2,2.47,0.0,0.0,"In the last two weeks, did this business use Artificial Intelligence (AI) in any of its business functions? (Examples of AI: machine learning, natural language processing, virtual agents, voice recognition, etc.)",Yes,AI current
107,8/10/2026 - 8/23/2026,MD,,,,,24.8,2.39,0.0,0.0,"In the last two weeks, did this business use Artificial Intelligence (AI) in any of its business functions? (Examples of AI: machine learning, natural language processing, virtual agents, voice recognition, etc.)",Yes,AI current
107,8/10/2026 - 8/23/2026,ME,,,,,16.0,3.29,0.0,0.0,"In the last two weeks, did this business use Artificial Intelligence (AI) in any of its business functions? (Examples of AI: machine learning, natural language processing, virtual agents, voice recognition, etc.)",Yes,AI current
107,8/10/2026 - 8/23/2026,MI,,,,,20.6,1.86,0.0,0.0,"In the last two weeks, did this business use Artificial Intelligence (AI) in any of its business functions? (Examples of AI: machine learning, natural language processing, virtual agents, voice recognition, etc.)",Yes,AI current
107,8/10/2026 - 8/23/2026,MN,,,,,24.8,1.22,0.0,0.0,"In the last two weeks, did this business use Artificial Intelligence (AI) in any of its business functions? (Examples of AI: machine learning, natural language processing, virtual agents, voice recognition, etc.)",Yes,AI current
107,8/10/2026 - 8/23/2026,MO,,,,,19.5,1.33,0.0,0.0,"In the last two weeks, did this business use Artificial Intelligence (AI) in any of its business functions? (Examples of AI: machine learning, natural language processing, virtual agents, voice recognition, etc.)",Yes,AI current
107,8/10/2026 - 8/23/2026,MS,,,,,16.8,3.68,0.0,0.0,"In the last two weeks, did this business use Artificial Intelligence (AI) in any of its business functions? (Examples of AI: machine learning, natural language processing, virtual agents, voice recognition, etc.)",Yes,AI current
107,8/10/2026 - 8/23/2026,MT,,,,,26.4,4.06,0.0,0.0,"In the last two weeks, did this business use Artificial Intelligence (AI) in any of its business functions? (Examples of AI: machine learning, natural language processing, virtual agents, voice recognition, etc.)",Yes,AI current
107,8/10/2026 - 8/23/2026,NC,,,,,22.4,1.46,0.0,0.0,"In the last two weeks, did this business use Artificial Intelligence (AI) in any of its business functions? (Examples of AI: machine learning, natural language processing, virtual agents, voice recognition, etc.)",Yes,AI current
107,8/10/2026 - 8/23/2026,ND,,,,,,,0.0,0.0,"In the last two weeks, did this business use Artificial Intelligence (AI) in any of its business functions? (Examples of AI: machine learning, natural language processing, virtual agents, voice recognition, etc.)",Yes,AI current
107,8/10/2026 - 8/23/2026,NE,,,,,25.0,3.29,0.0,0.0,"In the last two weeks, did this business use Artificial Intelligence (AI) in any of its business functions? (Examples of AI: machine learning, natural language processing, virtual agents, voice recognition, etc.)",Yes,AI current
107,8/10/2026 - 8/23/2026,NH,,,,,18.7,4.95,0.0,0.0,"In the last two weeks, did this business use Artificial Intelligence (AI) in any of its business functions? (Examples of AI: machine learning, natural language processing, virtual agents, voice recognition, etc.)",Yes,AI current
107,8/10/2026 - 8/23/2026,NJ,,,,,17.6,1.46,0.0,0.0,"In the last two weeks, did this business use Artificial Intelligence (AI) in any of its business functions? (Examples of AI: machine learning, natural language processing, virtual agents, voice recognition, etc.)",Yes,AI current
107,8/10/2026 - 8/23/2026,NM,,,,,16.7,2.41,0.0,0.0,"In the last two weeks, did this business use Artificial Intelligence (AI) in any of its business functions? (Examples of AI: machine learning, natural language processing, virtual agents, voice recognition, etc.)",Yes,AI current
107,8/10/2026 - 8/23/2026,NV,,,,,21.3,3.15,0.0,0.0,"In the last two weeks, did this business use Artificial Intelligence (AI) in any of its business functions? (Examples of AI: machine learning, natural language processing, virtual agents, voice recognition, etc.)",Yes,AI current
107,8/10/2026 - 8/23/2026,NY,,,,,16.7,0.63,0.0,0.0,"In the last two weeks, did this business use Artificial Intelligence (AI) in any of its business functions? (Examples of AI: machine learning, natural language processing, virtual agents, voice recognition, etc.)",Yes,AI current
107,8/10/2026 - 8/23/2026,OH,,,,,20.7,0.9,0.0,0.0,"In the last two weeks, did this business use Artificial Intelligence (AI) in any of its business functions? (Examples of AI: machine learning, natural language processing, virtual agents, voice recognition, etc.)",Yes,AI current
107,8/10/2026 - 8/23/2026,OK,,,,,19.5,2.3,0.0,0.0,"In the last two weeks, did this business use Artificial Intelligence (AI) in any of its business functions? (Examples of AI: machine learning, natural language processing, virtual agents, voice recognition, etc.)",Yes,AI current
107,8/10/2026 - 8/23/2026,OR,,,,,24.1,1.16,0.0,0.0,"In the last two weeks, did this business use Artificial Intelligence (AI) in any of its business functions? (Examples of AI: machine learning, natural language processing, virtual agents, voice recognition, etc.)",Yes,AI current
107,8/10/2026 - 8/23/2026,PA,,,,,20.6,1.41,0.0,0.0,"In the last two weeks, did this business use Artificial Intelligence (AI) in any of its business functions? (Examples of AI: machine learning, natural language processing, virtual agents, voice recognition, etc.)",Yes,AI current
107,8/10/2026 - 8/23/2026,PR,,,,,11.7,2.54,0.0,0.0,"In the last two weeks, did this business use Artificial Intelligence (AI) in any of its business functions? (Examples of AI: machine learning, natural language processing, virtual agents, voice recognition, etc.)",Yes,AI current
107,8/10/2026 - 8/23/2026,RI,,,,,,,0.0,0.0,"In the last two weeks, did this business use Artificial Intelligence (AI) in any of its business functions? (Examples of AI: machine learning, natural language processing, virtual agents, voice recognition, etc.)",Yes,AI current
107,8/10/2026 - 8/23/2026,SC,,,,,26.0,3.01,0.0,0.0,"In the last two weeks, did this business use Artificial Intelligence (AI) in any of its business functions? (Examples of AI: machine learning, natural language processing, virtual agents, voice recognition, etc.)",Yes,AI current
107,8/10/2026 - 8/23/2026,SD,,,,,19.3,5.4,0.0,0.0,"In the last two weeks, did this business use Artificial Intelligence (AI) in any of its business functions? (Examples of AI: machine learning, natural language processing, virtual agents, voice recognition, etc.)",Yes,AI current
107,8/10/2026 - 8/23/2026,TN,,,,,21.2,2.42,0.0,0.0,"In the last two weeks, did this business use Artificial Intelligence (AI) in any of its business functions? (Examples of AI: machine learning, natural language processing, virtual agents, voice recognition, etc.)",Yes,AI current
107,8/10/2026 - 8/23/2026,TX,,,,,25.9,0.9,0.0,0.0,"In the last two weeks, did this business use Artificial Intelligence (AI) in any of its business functions? (Examples of AI: machine learning, natural language processing, virtual agents, voice recognition, etc.)",Yes,AI current
107,8/10/2026 - 8/23/2026,UT,,,,,30.3,3.71,0.0,0.0,"In the last two weeks, did this business use Artificial Intelligence (AI) in any of its business functions? (Examples of AI: machine learning, natural language processing, virtual agents, voice recognition, etc.)",Yes,AI current
107,8/10/2026 - 8/23/2026,VA,,,,,23.1,2.0,0.0,0.0,"In the last two weeks, did this business use Artificial Intelligence (AI) in any of its business functions? (Examples of AI: machine learning, natural language processing, virtual agents, voice recognition, etc.)",Yes,AI current
107,8/10/2026 - 8/23/2026,VT,,,,,24.4,4.95,0.0,0.0,"In the last two weeks, did this business use Artificial Intelligence (AI) in any of its business functions? (Examples of AI: machine learning, natural language processing, virtual agents, voice recognition, etc.)",Yes,AI current
107,8/10/2026 - 8/23/2026,WA,,,,,28.9,2.32,0.0,0.0,"In the last two weeks, did this business use Artificial Intelligence (AI) in any of its business functions? (Examples of AI: machine learning, natural language processing, virtual agents, voice recognition, etc.)",Yes,AI current
107,8/10/2026 - 8/23/2026,WI,,,,,19.5,1.65,0.0,0.0,"In the last two weeks, did this business use Artificial Intelligence (AI) in any of its business functions? (Examples of AI: machine learning, natural language processing, virtual agents, voice recognition, etc.)",Yes,AI current
107,8/10/2026 - 8/23/2026,WV,,,,,21.7,3.89,0.0,0.0,"In the last two weeks, did this business use Artificial Intelligence (AI) in any of its business functions? (Examples of AI: machine learning, natural language processing, virtual agents, voice recognition, etc.)",Yes,AI current
107,8/10/2026 - 8/23/2026,WY,,,,,24.3,3.68,0.0,0.0,"In the last two weeks, did this business use Artificial Intelligence (AI) in any of its business functions? (Examples of AI: machine learning, natural language processing, virtual agents, voice recognition, etc.)",Yes,AI current
107,8/10/2026 - 8/23/2026,XX,,,,,35.3,2.22,0.0,0.0,"In the last two weeks, did this business use Artificial Intelligence (AI) in any of its business functions? (Examples of AI: machine learning, natural language processing, virtual agents, voice recognition, etc.)",Yes,AI current
107,8/10/2026 - 8/23/2026,,11,,,C,,,0.0,0.0,"In the last two weeks, did this business use Artificial Intelligence (AI) in any of its business functions? (Examples of AI: machine learning, natural language processing, virtual agents, voice recognition, etc.)",Yes,AI current
107,8/10/2026 - 8/23/2026,,11,,,,,,0.0,0.0,"In the last two weeks, did this business use Artificial Intelligence (AI) in any of its business functions? (Examples of AI: machine learning, natural language processing, virtual agents, voice recognition, etc.)",Yes,AI current
107,8/10/2026 - 8/23/2026,,11,,,B,,,0.0,0.0,"In the last two weeks, did this business use Artificial Intelligence (AI) in any of its business functions? (Examples of AI: machine learning, natural language processing, virtual agents, voice recognition, etc.)",Yes,AI current
107,8/10/2026 - 8/23/2026,,21,,,G,,,0.0,0.0,"In the last two weeks, did this business use Artificial Intelligence (AI) in any of its business functions? (Examples of AI: machine learning, natural language processing, virtual agents, voice recognition, etc.)",Yes,AI current
107,8/10/2026 - 8/23/2026,,21,,,E,58.6,17.23,0.0,0.0,"In the last two weeks, did this business use Artificial Intelligence (AI) in any of its business functions? (Examples of AI: machine learning, natural language processing, virtual agents, voice recognition, etc.)",Yes,AI current
107,8/10/2026 - 8/23/2026,,21,,,B,,,0.0,0.0,"In the last two weeks, did this business use Artificial Intelligence (AI) in any of its business functions? (Examples of AI: machine learning, natural language processing, virtual agents, voice recognition, etc.)",Yes,AI current
107,8/10/2026 - 8/23/2026,,21,,,,8.2,2.46,0.0,0.0,"In the last two weeks, did this business use Artificial Intelligence (AI) in any of its business functions? (Examples of AI: machine learning, natural language processing, virtual agents, voice recognition, etc.)",Yes,AI current
107,8/10/2026 - 8/23/2026,,21,,,A,,,0.0,0.0,"In the last two weeks, did this business use Artificial Intelligence (AI) in any of its business functions? (Examples of AI: machine learning, natural language processing, virtual agents, voice recognition, etc.)",Yes,AI current
107,8/10/2026 - 8/23/2026,,21,,,F,,,0.0,0.0,"In the last two weeks, did this business use Artificial Intelligence (AI) in any of its business functions? (Examples of AI: machine learning, natural language processing, virtual agents, voice recognition, etc.)",Yes,AI current
107,8/10/2026 - 8/23/2026,,21,,,D,,,0.0,0.0,"In the last two weeks, did this business use Artificial Intelligence (AI) in any of its business functions? (Examples of AI: machine learning, natural language processing, virtual agents, voice recognition, etc.)",Yes,AI current
107,8/10/2026 - 8/23/2026,,22,,,E,,,0.0,0.0,"In the last two weeks, did this business use Artificial Intelligence (AI) in any of its business functions? (Examples of AI: machine learning, natural language processing, virtual agents, voice recognition, etc.)",Yes,AI current
107,8/10/2026 - 8/23/2026,,22,,,G,,,0.0,0.0,"In the last two weeks, did this business use Artificial Intelligence (AI) in any of its business functions? (Examples of AI: machine learning, natural language processing, virtual agents, voice recognition, etc.)",Yes,AI current
107,8/10/2026 - 8/23/2026,,22,,,A,16.7,5.65,0.0,0.0,"In the last two weeks, did this business use Artificial Intelligence (AI) in any of its business functions? (Examples of AI: machine learning, natural language processing, virtual agents, voice recognition, etc.)",Yes,AI current
107,8/10/2026 - 8/23/2026,,22,,,D,,,0.0,0.0,"In the last two weeks, did this business use Artificial Intelligence (AI) in any of its business functions? (Examples of AI: machine learning, natural language processing, virtual agents, voice recognition, etc.)",Yes,AI current
107,8/10/2026 - 8/23/2026,,22,,,,21.2,5.33,0.0,0.0,"In the last two weeks, did this business use Artificial Intelligence (AI) in any of its business functions? (Examples of AI: machine learning, natural language processing, virtual agents, voice recognition, etc.)",Yes,AI current
107,8/10/2026 - 8/23/2026,,22,,,C,39.2,17.22,0.0,0.0,"In the last two weeks, did this business use Artificial Intelligence (AI) in any of its business functions? (Examples of AI: machine learning, natural language processing, virtual agents, voice recognition, etc.)",Yes,AI current
107,8/10/2026 - 8/23/2026,,22,,,F,,,0.0,0.0,"In the last two weeks, did this business use Artificial Intelligence (AI) in any of its business functions? (Examples of AI: machine learning, natural language processing, virtual agents, voice recognition, etc.)",Yes,AI current
107,8/10/2026 - 8/23/2026,,22,,,B,,,0.0,0.0,"In the last two weeks, did this business use Artificial Intelligence (AI) in any of its business functions? (Examples of AI: machine learning, natural language processing, virtual agents, voice recognition, etc.)",Yes,AI current
107,8/10/2026 - 8/23/2026,,23,,,G,31.5,12.34,0.0,0.0,"In the last two weeks, did this business use Artificial Intelligence (AI) in any of its business functions? (Examples of AI: machine learning, natural language processing, virtual agents, voice recognition, etc.)",Yes,AI current
107,8/10/2026 - 8/23/2026,,23,,,D,22.1,2.43,0.0,0.0,"In the last two weeks, did this business use Artificial Intelligence (AI) in any of its business functions? (Examples of AI: machine learning, natural language processing, virtual agents, voice recognition, etc.)",Yes,AI current
107,8/10/2026 - 8/23/2026,,23,,,E,18.2,4.8,0.0,0.0,"In the last two weeks, did this business use Artificial Intelligence (AI) in any of its business functions? (Examples of AI: machine learning, natural language processing, virtual agents, voice recognition, etc.)",Yes,AI current
107,8/10/2026 - 8/23/2026,,23,,,,14.3,0.84,0.0,0.0,"In the last two weeks, did this business use Artificial Intelligence (AI) in any of its business functions? (Examples of AI: machine learning, natural language processing, virtual agents, voice recognition, etc.)",Yes,AI current
107,8/10/2026 - 8/23/2026,,23,,,B,13.9,2.39,0.0,0.0,"In the last two weeks, did this business use Artificial Intelligence (AI) in any of its business functions? (Examples of AI: machine learning, natural language processing, virtual agents, voice recognition, etc.)",Yes,AI current
107,8/10/2026 - 8/23/2026,,23,,,A,13.3,1.31,0.0,0.0,"In the last two weeks, did this business use Artificial Intelligence (AI) in any of its business functions? (Examples of AI: machine learning, natural language processing, virtual agents, voice recognition, etc.)",Yes,AI current
107,8/10/2026 - 8/23/2026,,23,,,C,14.9,1.39,0.0,0.0,"In the last two weeks, did this business use Artificial Intelligence (AI) in any of its business functions? (Examples of AI: machine learning, natural language processing, virtual agents, voice recognition, etc.)",Yes,AI current
107,8/10/2026 - 8/23/2026,,23,,,F,31.6,4.92,0.0,0.0,"In the last two weeks, did this business use Artificial Intelligence (AI) in any of its business functions? (Examples of AI: machine learning, natural language processing, virtual agents, voice recognition, etc.)",Yes,AI current
107,8/10/2026 - 8/23/2026,,31,,,,20.3,0.88,0.0,0.0,"In the last two weeks, did this business use Artificial Intelligence (AI) in any of its business functions? (Examples of AI: machine learning, natural language processing, virtual agents, voice recognition, etc.)",Yes,AI current
107,8/10/2026 - 8/23/2026,,31,,,D,16.6,2.37,0.0,0.0,"In the last two weeks, did this business use Artificial Intelligence (AI) in any of its business functions? (Examples of AI: machine learning, natural language processing, virtual agents, voice recognition, etc.)",Yes,AI current
107,8/10/2026 - 8/23/2026,,31,,,F,36.2,4.41,0.0,0.0,"In the last two weeks, did this business use Artificial Intelligence (AI) in any of its business functions? (Examples of AI: machine learning, natural language processing, virtual agents, voice recognition, etc.)",Yes,AI current
107,8/10/2026 - 8/23/2026,,31,,,G,34.9,6.09,0.0,0.0,"In the last two weeks, did this business use Artificial Intelligence (AI) in any of its business functions? (Examples of AI: machine learning, natural language processing, virtual agents, voice recognition, etc.)",Yes,AI current
107,8/10/2026 - 8/23/2026,,31,,,C,24.0,2.29,0.0,0.0,"In the last two weeks, did this business use Artificial Intelligence (AI) in any of its business functions? (Examples of AI: machine learning, natural language processing, virtual agents, voice recognition, etc.)",Yes,AI current
107,8/10/2026 - 8/23/2026,,31,,,E,24.0,3.99,0.0,0.0,"In the last two weeks, did this business use Artificial Intelligence (AI) in any of its business functions? (Examples of AI: machine learning, natural language processing, virtual agents, voice recognition, etc.)",Yes,AI current
107,8/10/2026 - 8/23/2026,,31,,,A,17.2,1.67,0.0,0.0,"In the last two weeks, did this business use Artificial Intelligence (AI) in any of its business functions? (Examples of AI: machine learning, natural language processing, virtual agents, voice recognition, etc.)",Yes,AI current
107,8/10/2026 - 8/23/2026,,31,,,B,21.0,2.7,0.0,0.0,"In the last two weeks, did this business use Artificial Intelligence (AI) in any of its business functions? (Examples of AI: machine learning, natural language processing, virtual agents, voice recognition, etc.)",Yes,AI current
107,8/10/2026 - 8/23/2026,,42,,,F,35.6,10.27,0.0,0.0,"In the last two weeks, did this business use Artificial Intelligence (AI) in any of its business functions? (Examples of AI: machine learning, natural language processing, virtual agents, voice recognition, etc.)",Yes,AI current
107,8/10/2026 - 8/23/2026,,42,,,C,23.3,1.89,0.0,0.0,"In the last two weeks, did this business use Artificial Intelligence (AI) in any of its business functions? (Examples of AI: machine learning, natural language processing, virtual agents, voice recognition, etc.)",Yes,AI current
107,8/10/2026 - 8/23/2026,,42,,,G,,,0.0,0.0,"In the last two weeks, did this business use Artificial Intelligence (AI) in any of its business functions? (Examples of AI: machine learning, natural language processing, virtual agents, voice recognition, etc.)",Yes,AI current
107,8/10/2026 - 8/23/2026,,42,,,,18.8,1.07,0.0,0.0,"In the last two weeks, did this business use Artificial Intelligence (AI) in any of its business functions? (Examples of AI: machine learning, natural language processing, virtual agents, voice recognition, etc.)",Yes,AI current
107,8/10/2026 - 8/23/2026,,42,,,A,17.0,1.46,0.0,0.0,"In the last two weeks, did this business use Artificial Intelligence (AI) in any of its business functions? (Examples of AI: machine learning, natural language processing, virtual agents, voice recognition, etc.)",Yes,AI current
107,8/10/2026 - 8/23/2026,,42,,,B,18.3,1.95,0.0,0.0,"In the last two weeks, did this business use Artificial Intelligence (AI) in any of its business functions? (Examples of AI: machine learning, natural language processing, virtual agents, voice recognition, etc.)",Yes,AI current
107,8/10/2026 - 8/23/2026,,42,,,D,23.8,3.65,0.0,0.0,"In the last two weeks, did this business use Artificial Intelligence (AI) in any of its business functions? (Examples of AI: machine learning, natural language processing, virtual agents, voice recognition, etc.)",Yes,AI current
107,8/10/2026 - 8/23/2026,,42,,,E,18.1,4.95,0.0,0.0,"In the last two weeks, did this business use Artificial Intelligence (AI) in any of its business functions? (Examples of AI: machine learning, natural language processing, virtual agents, voice recognition, etc.)",Yes,AI current
107,8/10/2026 - 8/23/2026,,44,,,E,36.2,5.46,0.0,0.0,"In the last two weeks, did this business use Artificial Intelligence (AI) in any of its business functions? (Examples of AI: machine learning, natural language processing, virtual agents, voice recognition, etc.)",Yes,AI current
107,8/10/2026 - 8/23/2026,,44,,,G,36.8,13.68,0.0,0.0,"In the last two weeks, did this business use Artificial Intelligence (AI) in any of its business functions? (Examples of AI: machine learning, natural language processing, virtual agents, voice recognition, etc.)",Yes,AI current
107,8/10/2026 - 8/23/2026,,44,,,,15.2,0.71,0.0,0.0,"In the last two weeks, did this business use Artificial Intelligence (AI) in any of its business functions? (Examples of AI: machine learning, natural language processing, virtual agents, voice recognition, etc.)",Yes,AI current
107,8/10/2026 - 8/23/2026,,44,,,B,14.9,1.17,0.0,0.0,"In the last two weeks, did this business use Artificial Intelligence (AI) in any of its business functions? (Examples of AI: machine learning, natural language processing, virtual agents, voice recognition, etc.)",Yes,AI current
107,8/10/2026 - 8/23/2026,,44,,,A,13.4,1.13,0.0,0.0,"In the last two weeks, did this business use Artificial Intelligence (AI) in any of its business functions? (Examples of AI: machine learning, natural language processing, virtual agents, voice recognition, etc.)",Yes,AI current
107,8/10/2026 - 8/23/2026,,44,,,C,18.9,1.97,0.0,0.0,"In the last two weeks, did this business use Artificial Intelligence (AI) in any of its business functions? (Examples of AI: machine learning, natural language processing, virtual agents, voice recognition, etc.)",Yes,AI current
107,8/10/2026 - 8/23/2026,,44,,,F,19.8,8.35,0.0,0.0,"In the last two weeks, did this business use Artificial Intelligence (AI) in any of its business functions? (Examples of AI: machine learning, natural language processing, virtual agents, voice recognition, etc.)",Yes,AI current
107,8/10/2026 - 8/23/2026,,44,,,D,19.9,1.71,0.0,0.0,"In the last two weeks, did this business use Artificial Intelligence (AI) in any of its business functions? (Examples of AI: machine learning, natural language processing, virtual agents, voice recognition, etc.)",Yes,AI current
107,8/10/2026 - 8/23/2026,,48,,,E,23.1,5.78,0.0,0.0,"In the last two weeks, did this business use Artificial Intelligence (AI) in any of its business functions? (Examples of AI: machine learning, natural language processing, virtual agents, voice recognition, etc.)",Yes,AI current
107,8/10/2026 - 8/23/2026,,48,,,F,41.1,11.37,0.0,0.0,"In the last two weeks, did this business use Artificial Intelligence (AI) in any of its business functions? (Examples of AI: machine learning, natural language processing, virtual agents, voice recognition, etc.)",Yes,AI current
107,8/10/2026 - 8/23/2026,,48,,,G,,,0.0,0.0,"In the last two weeks, did this business use Artificial Intelligence (AI) in any of its business functions? (Examples of AI: machine learning, natural language processing, virtual agents, voice recognition, etc.)",Yes,AI current
107,8/10/2026 - 8/23/2026,,48,,,,10.2,0.76,0.0,0.0,"In the last two weeks, did this business use Artificial Intelligence (AI) in any of its business functions? (Examples of AI: machine learning, natural language processing, virtual agents, voice recognition, etc.)",Yes,AI current
107,8/10/2026 - 8/23/2026,,48,,,D,17.2,5.0,0.0,0.0,"In the last two weeks, did this business use Artificial Intelligence (AI) in any of its business functions? (Examples of AI: machine learning, natural language processing, virtual agents, voice recognition, etc.)",Yes,AI current
107,8/10/2026 - 8/23/2026,,48,,,C,12.1,2.16,0.0,0.0,"In the last two weeks, did this business use Artificial Intelligence (AI) in any of its business functions? (Examples of AI: machine learning, natural language processing, virtual agents, voice recognition, etc.)",Yes,AI current
107,8/10/2026 - 8/23/2026,,48,,,A,7.1,1.03,0.0,0.0,"In the last two weeks, did this business use Artificial Intelligence (AI) in any of its business functions? (Examples of AI: machine learning, natural language processing, virtual agents, voice recognition, etc.)",Yes,AI current
107,8/10/2026 - 8/23/2026,,48,,,B,18.0,3.15,0.0,0.0,"In the last two weeks, did this business use Artificial Intelligence (AI) in any of its business functions? (Examples of AI: machine learning, natural language processing, virtual agents, voice recognition, etc.)",Yes,AI current
107,8/10/2026 - 8/23/2026,,51,,,C,51.5,8.16,0.0,0.0,"In the last two weeks, did this business use Artificial Intelligence (AI) in any of its business functions? (Examples of AI: machine learning, natural language processing, virtual agents, voice recognition, etc.)",Yes,AI current
107,8/10/2026 - 8/23/2026,,51,,,G,89.2,11.27,0.0,0.0,"In the last two weeks, did this business use Artificial Intelligence (AI) in any of its business functions? (Examples of AI: machine learning, natural language processing, virtual agents, voice recognition, etc.)",Yes,AI current
107,8/10/2026 - 8/23/2026,,51,,,E,67.6,12.68,0.0,0.0,"In the last two weeks, did this business use Artificial Intelligence (AI) in any of its business functions? (Examples of AI: machine learning, natural language processing, virtual agents, voice recognition, etc.)",Yes,AI current
107,8/10/2026 - 8/23/2026,,51,,,D,49.3,7.43,0.0,0.0,"In the last two weeks, did this business use Artificial Intelligence (AI) in any of its business functions? (Examples of AI: machine learning, natural language processing, virtual agents, voice recognition, etc.)",Yes,AI current
107,8/10/2026 - 8/23/2026,,51,,,F,65.0,10.87,0.0,0.0,"In the last two weeks, did this business use Artificial Intelligence (AI) in any of its business functions? (Examples of AI: machine learning, natural language processing, virtual agents, voice recognition, etc.)",Yes,AI current
107,8/10/2026 - 8/23/2026,,51,,,B,55.0,5.2,0.0,0.0,"In the last two weeks, did this business use Artificial Intelligence (AI) in any of its business functions? (Examples of AI: machine learning, natural language processing, virtual agents, voice recognition, etc.)",Yes,AI current
107,8/10/2026 - 8/23/2026,,51,,,,46.0,2.44,0.0,0.0,"In the last two weeks, did this business use Artificial Intelligence (AI) in any of its business functions? (Examples of AI: machine learning, natural language processing, virtual agents, voice recognition, etc.)",Yes,AI current
107,8/10/2026 - 8/23/2026,,51,,,A,42.5,2.23,0.0,0.0,"In the last two weeks, did this business use Artificial Intelligence (AI) in any of its business functions? (Examples of AI: machine learning, natural language processing, virtual agents, voice recognition, etc.)",Yes,AI current
107,8/10/2026 - 8/23/2026,,52,,,C,51.8,4.48,0.0,0.0,"In the last two weeks, did this business use Artificial Intelligence (AI) in any of its business functions? (Examples of AI: machine learning, natural language processing, virtual agents, voice recognition, etc.)",Yes,AI current
107,8/10/2026 - 8/23/2026,,52,,,E,49.6,16.72,0.0,0.0,"In the last two weeks, did this business use Artificial Intelligence (AI) in any of its business functions? (Examples of AI: machine learning, natural language processing, virtual agents, voice recognition, etc.)",Yes,AI current
107,8/10/2026 - 8/23/2026,,52,,,,40.0,1.23,0.0,0.0,"In the last two weeks, did this business use Artificial Intelligence (AI) in any of its business functions? (Examples of AI: machine learning, natural language processing, virtual agents, voice recognition, etc.)",Yes,AI current
107,8/10/2026 - 8/23/2026,,52,,,D,48.1,7.42,0.0,0.0,"In the last two weeks, did this business use Artificial Intelligence (AI) in any of its business functions? (Examples of AI: machine learning, natural language processing, virtual agents, voice recognition, etc.)",Yes,AI current
107,8/10/2026 - 8/23/2026,,52,,,G,59.5,14.78,0.0,0.0,"In the last two weeks, did this business use Artificial Intelligence (AI) in any of its business functions? (Examples of AI: machine learning, natural language processing, virtual agents, voice recognition, etc.)",Yes,AI current
107,8/10/2026 - 8/23/2026,,52,,,F,43.8,7.87,0.0,0.0,"In the last two weeks, did this business use Artificial Intelligence (AI) in any of its business functions? (Examples of AI: machine learning, natural language processing, virtual agents, voice recognition, etc.)",Yes,AI current
107,8/10/2026 - 8/23/2026,,52,,,A,37.7,1.14,0.0,0.0,"In the last two weeks, did this business use Artificial Intelligence (AI) in any of its business functions? (Examples of AI: machine learning, natural language processing, virtual agents, voice recognition, etc.)",Yes,AI current
107,8/10/2026 - 8/23/2026,,52,,,B,43.0,4.64,0.0,0.0,"In the last two weeks, did this business use Artificial Intelligence (AI) in any of its business functions? (Examples of AI: machine learning, natural language processing, virtual agents, voice recognition, etc.)",Yes,AI current
107,8/10/2026 - 8/23/2026,,53,,,A,29.0,1.81,0.0,0.0,"In the last two weeks, did this business use Artificial Intelligence (AI) in any of its business functions? (Examples of AI: machine learning, natural language processing, virtual agents, voice recognition, etc.)",Yes,AI current
107,8/10/2026 - 8/23/2026,,53,,,G,,,0.0,0.0,"In the last two weeks, did this business use Artificial Intelligence (AI) in any of its business functions? (Examples of AI: machine learning, natural language processing, virtual agents, voice recognition, etc.)",Yes,AI current
107,8/10/2026 - 8/23/2026,,53,,,E,40.7,10.17,0.0,0.0,"In the last two weeks, did this business use Artificial Intelligence (AI) in any of its business functions? (Examples of AI: machine learning, natural language processing, virtual agents, voice recognition, etc.)",Yes,AI current
107,8/10/2026 - 8/23/2026,,53,,,B,25.5,2.48,0.0,0.0,"In the last two weeks, did this business use Artificial Intelligence (AI) in any of its business functions? (Examples of AI: machine learning, natural language processing, virtual agents, voice recognition, etc.)",Yes,AI current
107,8/10/2026 - 8/23/2026,,53,,,,28.9,1.75,0.0,0.0,"In the last two weeks, did this business use Artificial Intelligence (AI) in any of its business functions? (Examples of AI: machine learning, natural language processing, virtual agents, voice recognition, etc.)",Yes,AI current
107,8/10/2026 - 8/23/2026,,53,,,D,28.9,4.9,0.0,0.0,"In the last two weeks, did this business use Artificial Intelligence (AI) in any of its business functions? (Examples of AI: machine learning, natural language processing, virtual agents, voice recognition, etc.)",Yes,AI current
107,8/10/2026 - 8/23/2026,,53,,,C,30.1,4.76,0.0,0.0,"In the last two weeks, did this business use Artificial Intelligence (AI) in any of its business functions? (Examples of AI: machine learning, natural language processing, virtual agents, voice recognition, etc.)",Yes,AI current
107,8/10/2026 - 8/23/2026,,53,,,F,34.6,14.49,0.0,0.0,"In the last two weeks, did this business use Artificial Intelligence (AI) in any of its business functions? (Examples of AI: machine learning, natural language processing, virtual agents, voice recognition, etc.)",Yes,AI current
107,8/10/2026 - 8/23/2026,,54,,,E,60.9,6.09,0.0,0.0,"In the last two weeks, did this business use Artificial Intelligence (AI) in any of its business functions? (Examples of AI: machine learning, natural language processing, virtual agents, voice recognition, etc.)",Yes,AI current
107,8/10/2026 - 8/23/2026,,54,,,B,42.9,2.46,0.0,0.0,"In the last two weeks, did this business use Artificial Intelligence (AI) in any of its business functions? (Examples of AI: machine learning, natural language processing, virtual agents, voice recognition, etc.)",Yes,AI current
107,8/10/2026 - 8/23/2026,,54,,,F,47.1,5.58,0.0,0.0,"In the last two weeks, did this business use Artificial Intelligence (AI) in any of its business functions? (Examples of AI: machine learning, natural language processing, virtual agents, voice recognition, etc.)",Yes,AI current
107,8/10/2026 - 8/23/2026,,54,,,G,50.7,12.9,0.0,0.0,"In the last two weeks, did this business use Artificial Intelligence (AI) in any of its business functions? (Examples of AI: machine learning, natural language processing, virtual agents, voice recognition, etc.)",Yes,AI current
107,8/10/2026 - 8/23/2026,,54,,,C,45.9,3.82,0.0,0.0,"In the last two weeks, did this business use Artificial Intelligence (AI) in any of its business functions? (Examples of AI: machine learning, natural language processing, virtual agents, voice recognition, etc.)",Yes,AI current
107,8/10/2026 - 8/23/2026,,54,,,D,44.2,2.02,0.0,0.0,"In the last two weeks, did this business use Artificial Intelligence (AI) in any of its business functions? (Examples of AI: machine learning, natural language processing, virtual agents, voice recognition, etc.)",Yes,AI current
107,8/10/2026 - 8/23/2026,,54,,,,41.9,0.86,0.0,0.0,"In the last two weeks, did this business use Artificial Intelligence (AI) in any of its business functions? (Examples of AI: machine learning, natural language processing, virtual agents, voice recognition, etc.)",Yes,AI current
107,8/10/2026 - 8/23/2026,,54,,,A,40.9,0.92,0.0,0.0,"In the last two weeks, did this business use Artificial Intelligence (AI) in any of its business functions? (Examples of AI: machine learning, natural language processing, virtual agents, voice recognition, etc.)",Yes,AI current
107,8/10/2026 - 8/23/2026,,55,,,,,,0.0,0.0,"In the last two weeks, did this business use Artificial Intelligence (AI) in any of its business functions? (Examples of AI: machine learning, natural language processing, virtual agents, voice recognition, etc.)",Yes,AI current
107,8/10/2026 - 8/23/2026,,55,,,A,,,0.0,0.0,"In the last two weeks, did this business use Artificial Intelligence (AI) in any of its business functions? (Examples of AI: machine learning, natural language processing, virtual agents, voice recognition, etc.)",Yes,AI current
107,8/10/2026 - 8/23/2026,,55,,,G,,,0.0,0.0,"In the last two weeks, did this business use Artificial Intelligence (AI) in any of its business functions? (Examples of AI: machine learning, natural language processing, virtual agents, voice recognition, etc.)",Yes,AI current
107,8/10/2026 - 8/23/2026,,55,,,D,,,0.0,0.0,"In the last two weeks, did this business use Artificial Intelligence (AI) in any of its business functions? (Examples of AI: machine learning, natural language processing, virtual agents, voice recognition, etc.)",Yes,AI current
107,8/10/2026 - 8/23/2026,,56,,,E,24.0,8.59,0.0,0.0,"In the last two weeks, did this business use Artificial Intelligence (AI) in any of its business functions? (Examples of AI: machine learning, natural language processing, virtual agents, voice recognition, etc.)",Yes,AI current
107,8/10/2026 - 8/23/2026,,56,,,,20.8,1.58,0.0,0.0,"In the last two weeks, did this business use Artificial Intelligence (AI) in any of its business functions? (Examples of AI: machine learning, natural language processing, virtual agents, voice recognition, etc.)",Yes,AI current
107,8/10/2026 - 8/23/2026,,56,,,A,20.6,1.72,0.0,0.0,"In the last two weeks, did this business use Artificial Intelligence (AI) in any of its business functions? (Examples of AI: machine learning, natural language processing, virtual agents, voice recognition, etc.)",Yes,AI current
107,8/10/2026 - 8/23/2026,,56,,,D,25.8,2.99,0.0,0.0,"In the last two weeks, did this business use Artificial Intelligence (AI) in any of its business functions? (Examples of AI: machine learning, natural language processing, virtual agents, voice recognition, etc.)",Yes,AI current
107,8/10/2026 - 8/23/2026,,56,,,F,25.1,5.51,0.0,0.0,"In the last two weeks, did this business use Artificial Intelligence (AI) in any of its business functions? (Examples of AI: machine learning, natural language processing, virtual agents, voice recognition, etc.)",Yes,AI current
107,8/10/2026 - 8/23/2026,,56,,,B,16.9,3.53,0.0,0.0,"In the last two weeks, did this business use Artificial Intelligence (AI) in any of its business functions? (Examples of AI: machine learning, natural language processing, virtual agents, voice recognition, etc.)",Yes,AI current
107,8/10/2026 - 8/23/2026,,56,,,C,21.3,3.23,0.0,0.0,"In the last two weeks, did this business use Artificial Intelligence (AI) in any of its business functions? (Examples of AI: machine learning, natural language processing, virtual agents, voice recognition, etc.)",Yes,AI current
107,8/10/2026 - 8/23/2026,,56,,,G,43.0,13.29,0.0,0.0,"In the last two weeks, did this business use Artificial Intelligence (AI) in any of its business functions? (Examples of AI: machine learning, natural language processing, virtual agents, voice recognition, etc.)",Yes,AI current
107,8/10/2026 - 8/23/2026,,61,,,C,33.2,4.45,0.0,0.0,"In the last two weeks, did this business use Artificial Intelligence (AI) in any of its business functions? (Examples of AI: machine learning, natural language processing, virtual agents, voice recognition, etc.)",Yes,AI current
107,8/10/2026 - 8/23/2026,,61,,,G,,,0.0,0.0,"In the last two weeks, did this business use Artificial Intelligence (AI) in any of its business functions? (Examples of AI: machine learning, natural language processing, virtual agents, voice recognition, etc.)",Yes,AI current
107,8/10/2026 - 8/23/2026,,61,,,B,19.2,3.31,0.0,0.0,"In the last two weeks, did this business use Artificial Intelligence (AI) in any of its business functions? (Examples of AI: machine learning, natural language processing, virtual agents, voice recognition, etc.)",Yes,AI current
107,8/10/2026 - 8/23/2026,,61,,,,33.8,2.05,0.0,0.0,"In the last two weeks, did this business use Artificial Intelligence (AI) in any of its business functions? (Examples of AI: machine learning, natural language processing, virtual agents, voice recognition, etc.)",Yes,AI current
107,8/10/2026 - 8/23/2026,,61,,,A,38.2,4.68,0.0,0.0,"In the last two weeks, did this business use Artificial Intelligence (AI) in any of its business functions? (Examples of AI: machine learning, natural language processing, virtual agents, voice recognition, etc.)",Yes,AI current
107,8/10/2026 - 8/23/2026,,61,,,F,37.0,10.15,0.0,0.0,"In the last two weeks, did this business use Artificial Intelligence (AI) in any of its business functions? (Examples of AI: machine learning, natural language processing, virtual agents, voice recognition, etc.)",Yes,AI current
107,8/10/2026 - 8/23/2026,,61,,,D,37.8,4.64,0.0,0.0,"In the last two weeks, did this business use Artificial Intelligence (AI) in any of its business functions? (Examples of AI: machine learning, natural language processing, virtual agents, voice recognition, etc.)",Yes,AI current
107,8/10/2026 - 8/23/2026,,61,,,E,24.9,8.36,0.0,0.0,"In the last two weeks, did this business use Artificial Intelligence (AI) in any of its business functions? (Examples of AI: machine learning, natural language processing, virtual agents, voice recognition, etc.)",Yes,AI current
107,8/10/2026 - 8/23/2026,,62,,,E,27.4,2.83,0.0,0.0,"In the last two weeks, did this business use Artificial Intelligence (AI) in any of its business functions? (Examples of AI: machine learning, natural language processing, virtual agents, voice recognition, etc.)",Yes,AI current
107,8/10/2026 - 8/23/2026,,62,,,,24.0,0.52,0.0,0.0,"In the last two weeks, did this business use Artificial Intelligence (AI) in any of its business functions? (Examples of AI: machine learning, natural language processing, virtual agents, voice recognition, etc.)",Yes,AI current
107,8/10/2026 - 8/23/2026,,62,,,C,25.7,1.21,0.0,0.0,"In the last two weeks, did this business use Artificial Intelligence (AI) in any of its business functions? (Examples of AI: machine learning, natural language processing, virtual agents, voice recognition, etc.)",Yes,AI current
107,8/10/2026 - 8/23/2026,,62,,,A,23.2,1.14,0.0,0.0,"In the last two weeks, did this business use Artificial Intelligence (AI) in any of its business functions? (Examples of AI: machine learning, natural language processing, virtual agents, voice recognition, etc.)",Yes,AI current
107,8/10/2026 - 8/23/2026,,62,,,B,23.4,1.78,0.0,0.0,"In the last two weeks, did this business use Artificial Intelligence (AI) in any of its business functions? (Examples of AI: machine learning, natural language processing, virtual agents, voice recognition, etc.)",Yes,AI current
107,8/10/2026 - 8/23/2026,,62,,,F,25.2,4.84,0.0,0.0,"In the last two weeks, did this business use Artificial Intelligence (AI) in any of its business functions? (Examples of AI: machine learning, natural language processing, virtual agents, voice recognition, etc.)",Yes,AI current
107,8/10/2026 - 8/23/2026,,62,,,D,23.7,1.94,0.0,0.0,"In the last two weeks, did this business use Artificial Intelligence (AI) in any of its business functions? (Examples of AI: machine learning, natural language processing, virtual agents, voice recognition, etc.)",Yes,AI current
107,8/10/2026 - 8/23/2026,,62,,,G,37.7,5.95,0.0,0.0,"In the last two weeks, did this business use Artificial Intelligence (AI) in any of its business functions? (Examples of AI: machine learning, natural language processing, virtual agents, voice recognition, etc.)",Yes,AI current
107,8/10/2026 - 8/23/2026,,71,,,D,12.8,3.25,0.0,0.0,"In the last two weeks, did this business use Artificial Intelligence (AI) in any of its business functions? (Examples of AI: machine learning, natural language processing, virtual agents, voice recognition, etc.)",Yes,AI current
107,8/10/2026 - 8/23/2026,,71,,,E,14.9,4.25,0.0,0.0,"In the last two weeks, did this business use Artificial Intelligence (AI) in any of its business functions? (Examples of AI: machine learning, natural language processing, virtual agents, voice recognition, etc.)",Yes,AI current
107,8/10/2026 - 8/23/2026,,71,,,F,19.8,8.88,0.0,0.0,"In the last two weeks, did this business use Artificial Intelligence (AI) in any of its business functions? (Examples of AI: machine learning, natural language processing, virtual agents, voice recognition, etc.)",Yes,AI current
107,8/10/2026 - 8/23/2026,,71,,,,16.6,1.36,0.0,0.0,"In the last two weeks, did this business use Artificial Intelligence (AI) in any of its business functions? (Examples of AI: machine learning, natural language processing, virtual agents, voice recognition, etc.)",Yes,AI current
107,8/10/2026 - 8/23/2026,,71,,,A,15.1,1.5,0.0,0.0,"In the last two weeks, did this business use Artificial Intelligence (AI) in any of its business functions? (Examples of AI: machine learning, natural language processing, virtual agents, voice recognition, etc.)",Yes,AI current
107,8/10/2026 - 8/23/2026,,71,,,C,24.6,5.52,0.0,0.0,"In the last two weeks, did this business use Artificial Intelligence (AI) in any of its business functions? (Examples of AI: machine learning, natural language processing, virtual agents, voice recognition, etc.)",Yes,AI current
107,8/10/2026 - 8/23/2026,,71,,,G,54.0,13.21,0.0,0.0,"In the last two weeks, did this business use Artificial Intelligence (AI) in any of its business functions? (Examples of AI: machine learning, natural language processing, virtual agents, voice recognition, etc.)",Yes,AI current
107,8/10/2026 - 8/23/2026,,71,,,B,17.8,2.37,0.0,0.0,"In the last two weeks, did this business use Artificial Intelligence (AI) in any of its business functions? (Examples of AI: machine learning, natural language processing, virtual agents, voice recognition, etc.)",Yes,AI current
107,8/10/2026 - 8/23/2026,,72,,,B,8.2,1.85,0.0,0.0,"In the last two weeks, did this business use Artificial Intelligence (AI) in any of its business functions? (Examples of AI: machine learning, natural language processing, virtual agents, voice recognition, etc.)",Yes,AI current
107,8/10/2026 - 8/23/2026,,72,,,D,8.5,1.15,0.0,0.0,"In the last two weeks, did this business use Artificial Intelligence (AI) in any of its business functions? (Examples of AI: machine learning, natural language processing, virtual agents, voice recognition, etc.)",Yes,AI current
107,8/10/2026 - 8/23/2026,,72,,,C,7.9,0.98,0.0,0.0,"In the last two weeks, did this business use Artificial Intelligence (AI) in any of its business functions? (Examples of AI: machine learning, natural language processing, virtual agents, voice recognition, etc.)",Yes,AI current
107,8/10/2026 - 8/23/2026,,72,,,,8.6,0.66,0.0,0.0,"In the last two weeks, did this business use Artificial Intelligence (AI) in any of its business functions? (Examples of AI: machine learning, natural language processing, virtual agents, voice recognition, etc.)",Yes,AI current
107,8/10/2026 - 8/23/2026,,72,,,A,8.5,1.16,0.0,0.0,"In the last two weeks, did this business use Artificial Intelligence (AI) in any of its business functions? (Examples of AI: machine learning, natural language processing, virtual agents, voice recognition, etc.)",Yes,AI current
107,8/10/2026 - 8/23/2026,,72,,,F,15.5,3.49,0.0,0.0,"In the last two weeks, did this business use Artificial Intelligence (AI) in any of its business functions? (Examples of AI: machine learning, natural language processing, virtual agents, voice recognition, etc.)",Yes,AI current
107,8/10/2026 - 8/23/2026,,72,,,G,9.7,4.14,0.0,0.0,"In the last two weeks, did this business use Artificial Intelligence (AI) in any of its business functions? (Examples of AI: machine learning, natural language processing, virtual agents, voice recognition, etc.)",Yes,AI current
107,8/10/2026 - 8/23/2026,,72,,,E,12.7,1.85,0.0,0.0,"In the last two weeks, did this business use Artificial Intelligence (AI) in any of its business functions? (Examples of AI: machine learning, natural language processing, virtual agents, voice recognition, etc.)",Yes,AI current
107,8/10/2026 - 8/23/2026,,81,,,D,19.9,4.37,0.0,0.0,"In the last two weeks, did this business use Artificial Intelligence (AI) in any of its business functions? (Examples of AI: machine learning, natural language processing, virtual agents, voice recognition, etc.)",Yes,AI current
107,8/10/2026 - 8/23/2026,,81,,,C,19.1,2.0,0.0,0.0,"In the last two weeks, did this business use Artificial Intelligence (AI) in any of its business functions? (Examples of AI: machine learning, natural language processing, virtual agents, voice recognition, etc.)",Yes,AI current
107,8/10/2026 - 8/23/2026,,81,,,,12.6,1.23,0.0,0.0,"In the last two weeks, did this business use Artificial Intelligence (AI) in any of its business functions? (Examples of AI: machine learning, natural language processing, virtual agents, voice recognition, etc.)",Yes,AI current
107,8/10/2026 - 8/23/2026,,81,,,A,11.7,1.46,0.0,0.0,"In the last two weeks, did this business use Artificial Intelligence (AI) in any of its business functions? (Examples of AI: machine learning, natural language processing, virtual agents, voice recognition, etc.)",Yes,AI current
107,8/10/2026 - 8/23/2026,,81,,,E,22.4,8.05,0.0,0.0,"In the last two weeks, did this business use Artificial Intelligence (AI) in any of its business functions? (Examples of AI: machine learning, natural language processing, virtual agents, voice recognition, etc.)",Yes,AI current
107,8/10/2026 - 8/23/2026,,81,,,B,10.6,1.92,0.0,0.0,"In the last two weeks, did this business use Artificial Intelligence (AI) in any of its business functions? (Examples of AI: machine learning, natural language processing, virtual agents, voice recognition, etc.)",Yes,AI current
107,8/10/2026 - 8/23/2026,,81,,,F,,,0.0,0.0,"In the last two weeks, did this business use Artificial Intelligence (AI) in any of its business functions? (Examples of AI: machine learning, natural language processing, virtual agents, voice recognition, etc.)",Yes,AI current
107,8/10/2026 - 8/23/2026,,81,,,G,,,0.0,0.0,"In the last two weeks, did this business use Artificial Intelligence (AI) in any of its business functions? (Examples of AI: machine learning, natural language processing, virtual agents, voice recognition, etc.)",Yes,AI current
107,8/10/2026 - 8/23/2026,,XX,,,B,,,0.0,0.0,"In the last two weeks, did this business use Artificial Intelligence (AI) in any of its business functions? (Examples of AI: machine learning, natural language processing, virtual agents, voice recognition, etc.)",Yes,AI current
107,8/10/2026 - 8/23/2026,,XX,,,F,38.3,3.45,0.0,0.0,"In the last two weeks, did this business use Artificial Intelligence (AI) in any of its business functions? (Examples of AI: machine learning, natural language processing, virtual agents, voice recognition, etc.)",Yes,AI current
107,8/10/2026 - 8/23/2026,,XX,,,D,32.2,4.91,0.0,0.0,"In the last two weeks, did this business use Artificial Intelligence (AI) in any of its business functions? (Examples of AI: machine learning, natural language processing, virtual agents, voice recognition, etc.)",Yes,AI current
107,8/10/2026 - 8/23/2026,,XX,,,,34.6,2.07,0.0,0.0,"In the last two weeks, did this business use Artificial Intelligence (AI) in any of its business functions? (Examples of AI: machine learning, natural language processing, virtual agents, voice recognition, etc.)",Yes,AI current
107,8/10/2026 - 8/23/2026,,XX,,,G,45.9,3.48,0.0,0.0,"In the last two weeks, did this business use Artificial Intelligence (AI) in any of its business functions? (Examples of AI: machine learning, natural language processing, virtual agents, voice recognition, etc.)",Yes,AI current
107,8/10/2026 - 8/23/2026,,XX,,,C,22.5,9.07,0.0,0.0,"In the last two weeks, did this business use Artificial Intelligence (AI) in any of its business functions? (Examples of AI: machine learning, natural language processing, virtual agents, voice recognition, etc.)",Yes,AI current
107,8/10/2026 - 8/23/2026,,XX,,,E,22.1,4.53,0.0,0.0,"In the last two weeks, did this business use Artificial Intelligence (AI) in any of its business functions? (Examples of AI: machine learning, natural language processing, virtual agents, voice recognition, etc.)",Yes,AI current
107,8/10/2026 - 8/23/2026,,XX,,,A,,,0.0,0.0,"In the last two weeks, did this business use Artificial Intelligence (AI) in any of its business functions? (Examples of AI: machine learning, natural language processing, virtual agents, voice recognition, etc.)",Yes,AI current
107,8/10/2026 - 8/23/2026,,,,113,,,,0.0,0.0,"In the last two weeks, did this business use Artificial Intelligence (AI) in any of its business functions? (Examples of AI: machine learning, natural language processing, virtual agents, voice recognition, etc.)",Yes,AI current
107,8/10/2026 - 8/23/2026,,,,115,,,,0.0,0.0,"In the last two weeks, did this business use Artificial Intelligence (AI) in any of its business functions? (Examples of AI: machine learning, natural language processing, virtual agents, voice recognition, etc.)",Yes,AI current
107,8/10/2026 - 8/23/2026,,,,211,,,,0.0,0.0,"In the last two weeks, did this business use Artificial Intelligence (AI) in any of its business functions? (Examples of AI: machine learning, natural language processing, virtual agents, voice recognition, etc.)",Yes,AI current
107,8/10/2026 - 8/23/2026,,,,212,,,,0.0,0.0,"In the last two weeks, did this business use Artificial Intelligence (AI) in any of its business functions? (Examples of AI: machine learning, natural language processing, virtual agents, voice recognition, etc.)",Yes,AI current
107,8/10/2026 - 8/23/2026,,,,213,,12.7,5.23,0.0,0.0,"In the last two weeks, did this business use Artificial Intelligence (AI) in any of its business functions? (Examples of AI: machine learning, natural language processing, virtual agents, voice recognition, etc.)",Yes,AI current
107,8/10/2026 - 8/23/2026,,,,221,,21.2,5.33,0.0,0.0,"In the last two weeks, did this business use Artificial Intelligence (AI) in any of its business functions? (Examples of AI: machine learning, natural language processing, virtual agents, voice recognition, etc.)",Yes,AI current
107,8/10/2026 - 8/23/2026,,,,236,,20.8,0.71,0.0,0.0,"In the last two weeks, did this business use Artificial Intelligence (AI) in any of its business functions? (Examples of AI: machine learning, natural language processing, virtual agents, voice recognition, etc.)",Yes,AI current
107,8/10/2026 - 8/23/2026,,,,237,,12.7,4.42,0.0,0.0,"In the last two weeks, did this business use Artificial Intelligence (AI) in any of its business functions? (Examples of AI: machine learning, natural language processing, virtual agents, voice recognition, etc.)",Yes,AI current
107,8/10/2026 - 8/23/2026,,,,238,,10.9,1.26,0.0,0.0,"In the last two weeks, did this business use Artificial Intelligence (AI) in any of its business functions? (Examples of AI: machine learning, natural language processing, virtual agents, voice recognition, etc.)",Yes,AI current
107,8/10/2026 - 8/23/2026,,,,23X,,52.6,23.98,0.0,0.0,"In the last two weeks, did this business use Artificial Intelligence (AI) in any of its business functions? (Examples of AI: machine learning, natural language processing, virtual agents, voice recognition, etc.)",Yes,AI current
107,8/10/2026 - 8/23/2026,,,,311,,18.6,4.36,0.0,0.0,"In the last two weeks, did this business use Artificial Intelligence (AI) in any of its business functions? (Examples of AI: machine learning, natural language processing, virtual agents, voice recognition, etc.)",Yes,AI current
107,8/10/2026 - 8/23/2026,,,,312,,31.6,4.02,0.0,0.0,"In the last two weeks, did this business use Artificial Intelligence (AI) in any of its business functions? (Examples of AI: machine learning, natural language processing, virtual agents, voice recognition, etc.)",Yes,AI current
107,8/10/2026 - 8/23/2026,,,,313,,,,0.0,0.0,"In the last two weeks, did this business use Artificial Intelligence (AI) in any of its business functions? (Examples of AI: machine learning, natural language processing, virtual agents, voice recognition, etc.)",Yes,AI current
107,8/10/2026 - 8/23/2026,,,,314,,29.2,9.27,0.0,0.0,"In the last two weeks, did this business use Artificial Intelligence (AI) in any of its business functions? (Examples of AI: machine learning, natural language processing, virtual agents, voice recognition, etc.)",Yes,AI current
107,8/10/2026 - 8/23/2026,,,,315,,,,0.0,0.0,"In the last two weeks, did this business use Artificial Intelligence (AI) in any of its business functions? (Examples of AI: machine learning, natural language processing, virtual agents, voice recognition, etc.)",Yes,AI current
107,8/10/2026 - 8/23/2026,,,,316,,,,0.0,0.0,"In the last two weeks, did this business use Artificial Intelligence (AI) in any of its business functions? (Examples of AI: machine learning, natural language processing, virtual agents, voice recognition, etc.)",Yes,AI current
107,8/10/2026 - 8/23/2026,,,,31X,,31.5,7.61,0.0,0.0,"In the last two weeks, did this business use Artificial Intelligence (AI) in any of its business functions? (Examples of AI: machine learning, natural language processing, virtual agents, voice recognition, etc.)",Yes,AI current
107,8/10/2026 - 8/23/2026,,,,321,,,,0.0,0.0,"In the last two weeks, did this business use Artificial Intelligence (AI) in any of its business functions? (Examples of AI: machine learning, natural language processing, virtual agents, voice recognition, etc.)",Yes,AI current
107,8/10/2026 - 8/23/2026,,,,322,,,,0.0,0.0,"In the last two weeks, did this business use Artificial Intelligence (AI) in any of its business functions? (Examples of AI: machine learning, natural language processing, virtual agents, voice recognition, etc.)",Yes,AI current
107,8/10/2026 - 8/23/2026,,,,323,,22.9,3.02,0.0,0.0,"In the last two weeks, did this business use Artificial Intelligence (AI) in any of its business functions? (Examples of AI: machine learning, natural language processing, virtual agents, voice recognition, etc.)",Yes,AI current
107,8/10/2026 - 8/23/2026,,,,325,,35.4,4.15,0.0,0.0,"In the last two weeks, did this business use Artificial Intelligence (AI) in any of its business functions? (Examples of AI: machine learning, natural language processing, virtual agents, voice recognition, etc.)",Yes,AI current
107,8/10/2026 - 8/23/2026,,,,326,,16.8,4.75,0.0,0.0,"In the last two weeks, did this business use Artificial Intelligence (AI) in any of its business functions? (Examples of AI: machine learning, natural language processing, virtual agents, voice recognition, etc.)",Yes,AI current
107,8/10/2026 - 8/23/2026,,,,327,,11.7,4.34,0.0,0.0,"In the last two weeks, did this business use Artificial Intelligence (AI) in any of its business functions? (Examples of AI: machine learning, natural language processing, virtual agents, voice recognition, etc.)",Yes,AI current
107,8/10/2026 - 8/23/2026,,,,331,,,,0.0,0.0,"In the last two weeks, did this business use Artificial Intelligence (AI) in any of its business functions? (Examples of AI: machine learning, natural language processing, virtual agents, voice recognition, etc.)",Yes,AI current
107,8/10/2026 - 8/23/2026,,,,332,,13.3,2.1,0.0,0.0,"In the last two weeks, did this business use Artificial Intelligence (AI) in any of its business functions? (Examples of AI: machine learning, natural language processing, virtual agents, voice recognition, etc.)",Yes,AI current
107,8/10/2026 - 8/23/2026,,,,333,,21.9,5.63,0.0,0.0,"In the last two weeks, did this business use Artificial Intelligence (AI) in any of its business functions? (Examples of AI: machine learning, natural language processing, virtual agents, voice recognition, etc.)",Yes,AI current
107,8/10/2026 - 8/23/2026,,,,334,,40.0,4.81,0.0,0.0,"In the last two weeks, did this business use Artificial Intelligence (AI) in any of its business functions? (Examples of AI: machine learning, natural language processing, virtual agents, voice recognition, etc.)",Yes,AI current
107,8/10/2026 - 8/23/2026,,,,335,,36.7,10.5,0.0,0.0,"In the last two weeks, did this business use Artificial Intelligence (AI) in any of its business functions? (Examples of AI: machine learning, natural language processing, virtual agents, voice recognition, etc.)",Yes,AI current
107,8/10/2026 - 8/23/2026,,,,336,,16.1,2.94,0.0,0.0,"In the last two weeks, did this business use Artificial Intelligence (AI) in any of its business functions? (Examples of AI: machine learning, natural language processing, virtual agents, voice recognition, etc.)",Yes,AI current
107,8/10/2026 - 8/23/2026,,,,337,,16.5,3.83,0.0,0.0,"In the last two weeks, did this business use Artificial Intelligence (AI) in any of its business functions? (Examples of AI: machine learning, natural language processing, virtual agents, voice recognition, etc.)",Yes,AI current
107,8/10/2026 - 8/23/2026,,,,339,,25.4,4.06,0.0,0.0,"In the last two weeks, did this business use Artificial Intelligence (AI) in any of its business functions? (Examples of AI: machine learning, natural language processing, virtual agents, voice recognition, etc.)",Yes,AI current
107,8/10/2026 - 8/23/2026,,,,423,,18.2,1.49,0.0,0.0,"In the last two weeks, did this business use Artificial Intelligence (AI) in any of its business functions? (Examples of AI: machine learning, natural language processing, virtual agents, voice recognition, etc.)",Yes,AI current
107,8/10/2026 - 8/23/2026,,,,424,,19.9,1.6,0.0,0.0,"In the last two weeks, did this business use Artificial Intelligence (AI) in any of its business functions? (Examples of AI: machine learning, natural language processing, virtual agents, voice recognition, etc.)",Yes,AI current
107,8/10/2026 - 8/23/2026,,,,425,,18.9,2.44,0.0,0.0,"In the last two weeks, did this business use Artificial Intelligence (AI) in any of its business functions? (Examples of AI: machine learning, natural language processing, virtual agents, voice recognition, etc.)",Yes,AI current
107,8/10/2026 - 8/23/2026,,,,441,,18.0,2.21,0.0,0.0,"In the last two weeks, did this business use Artificial Intelligence (AI) in any of its business functions? (Examples of AI: machine learning, natural language processing, virtual agents, voice recognition, etc.)",Yes,AI current
107,8/10/2026 - 8/23/2026,,,,444,,11.6,2.15,0.0,0.0,"In the last two weeks, did this business use Artificial Intelligence (AI) in any of its business functions? (Examples of AI: machine learning, natural language processing, virtual agents, voice recognition, etc.)",Yes,AI current
107,8/10/2026 - 8/23/2026,,,,445,,6.1,0.85,0.0,0.0,"In the last two weeks, did this business use Artificial Intelligence (AI) in any of its business functions? (Examples of AI: machine learning, natural language processing, virtual agents, voice recognition, etc.)",Yes,AI current
107,8/10/2026 - 8/23/2026,,,,449,,18.8,3.34,0.0,0.0,"In the last two weeks, did this business use Artificial Intelligence (AI) in any of its business functions? (Examples of AI: machine learning, natural language processing, virtual agents, voice recognition, etc.)",Yes,AI current
107,8/10/2026 - 8/23/2026,,,,44X,,,,0.0,0.0,"In the last two weeks, did this business use Artificial Intelligence (AI) in any of its business functions? (Examples of AI: machine learning, natural language processing, virtual agents, voice recognition, etc.)",Yes,AI current
107,8/10/2026 - 8/23/2026,,,,450,,,,0.0,0.0,"In the last two weeks, did this business use Artificial Intelligence (AI) in any of its business functions? (Examples of AI: machine learning, natural language processing, virtual agents, voice recognition, etc.)",Yes,AI current
107,8/10/2026 - 8/23/2026,,,,455,,33.2,5.67,0.0,0.0,"In the last two weeks, did this business use Artificial Intelligence (AI) in any of its business functions? (Examples of AI: machine learning, natural language processing, virtual agents, voice recognition, etc.)",Yes,AI current
107,8/10/2026 - 8/23/2026,,,,456,,17.2,3.61,0.0,0.0,"In the last two weeks, did this business use Artificial Intelligence (AI) in any of its business functions? (Examples of AI: machine learning, natural language processing, virtual agents, voice recognition, etc.)",Yes,AI current
107,8/10/2026 - 8/23/2026,,,,457,,5.3,0.98,0.0,0.0,"In the last two weeks, did this business use Artificial Intelligence (AI) in any of its business functions? (Examples of AI: machine learning, natural language processing, virtual agents, voice recognition, etc.)",Yes,AI current
107,8/10/2026 - 8/23/2026,,,,458,,24.8,2.75,0.0,0.0,"In the last two weeks, did this business use Artificial Intelligence (AI) in any of its business functions? (Examples of AI: machine learning, natural language processing, virtual agents, voice recognition, etc.)",Yes,AI current
107,8/10/2026 - 8/23/2026,,,,459,,16.6,1.55,0.0,0.0,"In the last two weeks, did this business use Artificial Intelligence (AI) in any of its business functions? (Examples of AI: machine learning, natural language processing, virtual agents, voice recognition, etc.)",Yes,AI current
107,8/10/2026 - 8/23/2026,,,,483,,,,0.0,0.0,"In the last two weeks, did this business use Artificial Intelligence (AI) in any of its business functions? (Examples of AI: machine learning, natural language processing, virtual agents, voice recognition, etc.)",Yes,AI current
107,8/10/2026 - 8/23/2026,,,,484,,8.5,0.97,0.0,0.0,"In the last two weeks, did this business use Artificial Intelligence (AI) in any of its business functions? (Examples of AI: machine learning, natural language processing, virtual agents, voice recognition, etc.)",Yes,AI current
107,8/10/2026 - 8/23/2026,,,,485,,9.6,2.85,0.0,0.0,"In the last two weeks, did this business use Artificial Intelligence (AI) in any of its business functions? (Examples of AI: machine learning, natural language processing, virtual agents, voice recognition, etc.)",Yes,AI current
107,8/10/2026 - 8/23/2026,,,,486,,,,0.0,0.0,"In the last two weeks, did this business use Artificial Intelligence (AI) in any of its business functions? (Examples of AI: machine learning, natural language processing, virtual agents, voice recognition, etc.)",Yes,AI current
107,8/10/2026 - 8/23/2026,,,,487,,24.5,6.92,0.0,0.0,"In the last two weeks, did this business use Artificial Intelligence (AI) in any of its business functions? (Examples of AI: machine learning, natural language processing, virtual agents, voice recognition, etc.)",Yes,AI current
107,8/10/2026 - 8/23/2026,,,,488,,9.2,1.14,0.0,0.0,"In the last two weeks, did this business use Artificial Intelligence (AI) in any of its business functions? (Examples of AI: machine learning, natural language processing, virtual agents, voice recognition, etc.)",Yes,AI current
107,8/10/2026 - 8/23/2026,,,,48X,,,,0.0,0.0,"In the last two weeks, did this business use Artificial Intelligence (AI) in any of its business functions? (Examples of AI: machine learning, natural language processing, virtual agents, voice recognition, etc.)",Yes,AI current
107,8/10/2026 - 8/23/2026,,,,492,,16.1,7.35,0.0,0.0,"In the last two weeks, did this business use Artificial Intelligence (AI) in any of its business functions? (Examples of AI: machine learning, natural language processing, virtual agents, voice recognition, etc.)",Yes,AI current
107,8/10/2026 - 8/23/2026,,,,493,,17.4,6.27,0.0,0.0,"In the last two weeks, did this business use Artificial Intelligence (AI) in any of its business functions? (Examples of AI: machine learning, natural language processing, virtual agents, voice recognition, etc.)",Yes,AI current
107,8/10/2026 - 8/23/2026,,,,512,,35.6,2.48,0.0,0.0,"In the last two weeks, did this business use Artificial Intelligence (AI) in any of its business functions? (Examples of AI: machine learning, natural language processing, virtual agents, voice recognition, etc.)",Yes,AI current
107,8/10/2026 - 8/23/2026,,,,513,,60.8,4.23,0.0,0.0,"In the last two weeks, did this business use Artificial Intelligence (AI) in any of its business functions? (Examples of AI: machine learning, natural language processing, virtual agents, voice recognition, etc.)",Yes,AI current
107,8/10/2026 - 8/23/2026,,,,516,,40.8,7.8,0.0,0.0,"In the last two weeks, did this business use Artificial Intelligence (AI) in any of its business functions? (Examples of AI: machine learning, natural language processing, virtual agents, voice recognition, etc.)",Yes,AI current
107,8/10/2026 - 8/23/2026,,,,517,,29.9,7.84,0.0,0.0,"In the last two weeks, did this business use Artificial Intelligence (AI) in any of its business functions? (Examples of AI: machine learning, natural language processing, virtual agents, voice recognition, etc.)",Yes,AI current
107,8/10/2026 - 8/23/2026,,,,518,,55.9,4.47,0.0,0.0,"In the last two weeks, did this business use Artificial Intelligence (AI) in any of its business functions? (Examples of AI: machine learning, natural language processing, virtual agents, voice recognition, etc.)",Yes,AI current
107,8/10/2026 - 8/23/2026,,,,519,,20.3,5.5,0.0,0.0,"In the last two weeks, did this business use Artificial Intelligence (AI) in any of its business functions? (Examples of AI: machine learning, natural language processing, virtual agents, voice recognition, etc.)",Yes,AI current
107,8/10/2026 - 8/23/2026,,,,51X,,,,0.0,0.0,"In the last two weeks, did this business use Artificial Intelligence (AI) in any of its business functions? (Examples of AI: machine learning, natural language processing, virtual agents, voice recognition, etc.)",Yes,AI current
107,8/10/2026 - 8/23/2026,,,,522,,25.6,4.52,0.0,0.0,"In the last two weeks, did this business use Artificial Intelligence (AI) in any of its business functions? (Examples of AI: machine learning, natural language processing, virtual agents, voice recognition, etc.)",Yes,AI current
107,8/10/2026 - 8/23/2026,,,,523,,51.4,2.99,0.0,0.0,"In the last two weeks, did this business use Artificial Intelligence (AI) in any of its business functions? (Examples of AI: machine learning, natural language processing, virtual agents, voice recognition, etc.)",Yes,AI current
107,8/10/2026 - 8/23/2026,,,,524,,35.7,2.55,0.0,0.0,"In the last two weeks, did this business use Artificial Intelligence (AI) in any of its business functions? (Examples of AI: machine learning, natural language processing, virtual agents, voice recognition, etc.)",Yes,AI current
107,8/10/2026 - 8/23/2026,,,,52X,,40.0,15.76,0.0,0.0,"In the last two weeks, did this business use Artificial Intelligence (AI) in any of its business functions? (Examples of AI: machine learning, natural language processing, virtual agents, voice recognition, etc.)",Yes,AI current
107,8/10/2026 - 8/23/2026,,,,531,,29.9,1.9,0.0,0.0,"In the last two weeks, did this business use Artificial Intelligence (AI) in any of its business functions? (Examples of AI: machine learning, natural language processing, virtual agents, voice recognition, etc.)",Yes,AI current
107,8/10/2026 - 8/23/2026,,,,532,,16.4,3.57,0.0,0.0,"In the last two weeks, did this business use Artificial Intelligence (AI) in any of its business functions? (Examples of AI: machine learning, natural language processing, virtual agents, voice recognition, etc.)",Yes,AI current
107,8/10/2026 - 8/23/2026,,,,533,,,,0.0,0.0,"In the last two weeks, did this business use Artificial Intelligence (AI) in any of its business functions? (Examples of AI: machine learning, natural language processing, virtual agents, voice recognition, etc.)",Yes,AI current
107,8/10/2026 - 8/23/2026,,,,541,,41.9,0.86,0.0,0.0,"In the last two weeks, did this business use Artificial Intelligence (AI) in any of its business functions? (Examples of AI: machine learning, natural language processing, virtual agents, voice recognition, etc.)",Yes,AI current
107,8/10/2026 - 8/23/2026,,,,551,,,,0.0,0.0,"In the last two weeks, did this business use Artificial Intelligence (AI) in any of its business functions? (Examples of AI: machine learning, natural language processing, virtual agents, voice recognition, etc.)",Yes,AI current
107,8/10/2026 - 8/23/2026,,,,561,,20.8,1.75,0.0,0.0,"In the last two weeks, did this business use Artificial Intelligence (AI) in any of its business functions? (Examples of AI: machine learning, natural language processing, virtual agents, voice recognition, etc.)",Yes,AI current
107,8/10/2026 - 8/23/2026,,,,562,,21.3,4.06,0.0,0.0,"In the last two weeks, did this business use Artificial Intelligence (AI) in any of its business functions? (Examples of AI: machine learning, natural language processing, virtual agents, voice recognition, etc.)",Yes,AI current
107,8/10/2026 - 8/23/2026,,,,611,,33.8,2.05,0.0,0.0,"In the last two weeks, did this business use Artificial Intelligence (AI) in any of its business functions? (Examples of AI: machine learning, natural language processing, virtual agents, voice recognition, etc.)",Yes,AI current
107,8/10/2026 - 8/23/2026,,,,621,,25.2,0.79,0.0,0.0,"In the last two weeks, did this business use Artificial Intelligence (AI) in any of its business functions? (Examples of AI: machine learning, natural language processing, virtual agents, voice recognition, etc.)",Yes,AI current
107,8/10/2026 - 8/23/2026,,,,622,,,,0.0,0.0,"In the last two weeks, did this business use Artificial Intelligence (AI) in any of its business functions? (Examples of AI: machine learning, natural language processing, virtual agents, voice recognition, etc.)",Yes,AI current
107,8/10/2026 - 8/23/2026,,,,623,,15.6,3.54,0.0,0.0,"In the last two weeks, did this business use Artificial Intelligence (AI) in any of its business functions? (Examples of AI: machine learning, natural language processing, virtual agents, voice recognition, etc.)",Yes,AI current
107,8/10/2026 - 8/23/2026,,,,624,,20.7,1.77,0.0,0.0,"In the last two weeks, did this business use Artificial Intelligence (AI) in any of its business functions? (Examples of AI: machine learning, natural language processing, virtual agents, voice recognition, etc.)",Yes,AI current
107,8/10/2026 - 8/23/2026,,,,62X,,36.8,10.64,0.0,0.0,"In the last two weeks, did this business use Artificial Intelligence (AI) in any of its business functions? (Examples of AI: machine learning, natural language processing, virtual agents, voice recognition, etc.)",Yes,AI current
107,8/10/2026 - 8/23/2026,,,,711,,14.8,1.88,0.0,0.0,"In the last two weeks, did this business use Artificial Intelligence (AI) in any of its business functions? (Examples of AI: machine learning, natural language processing, virtual agents, voice recognition, etc.)",Yes,AI current
107,8/10/2026 - 8/23/2026,,,,712,,25.4,4.65,0.0,0.0,"In the last two weeks, did this business use Artificial Intelligence (AI) in any of its business functions? (Examples of AI: machine learning, natural language processing, virtual agents, voice recognition, etc.)",Yes,AI current
107,8/10/2026 - 8/23/2026,,,,713,,16.8,2.18,0.0,0.0,"In the last two weeks, did this business use Artificial Intelligence (AI) in any of its business functions? (Examples of AI: machine learning, natural language processing, virtual agents, voice recognition, etc.)",Yes,AI current
107,8/10/2026 - 8/23/2026,,,,721,,10.6,2.61,0.0,0.0,"In the last two weeks, did this business use Artificial Intelligence (AI) in any of its business functions? (Examples of AI: machine learning, natural language processing, virtual agents, voice recognition, etc.)",Yes,AI current
107,8/10/2026 - 8/23/2026,,,,722,,8.3,0.49,0.0,0.0,"In the last two weeks, did this business use Artificial Intelligence (AI) in any of its business functions? (Examples of AI: machine learning, natural language processing, virtual agents, voice recognition, etc.)",Yes,AI current
107,8/10/2026 - 8/23/2026,,,,811,,11.3,1.33,0.0,0.0,"In the last two weeks, did this business use Artificial Intelligence (AI) in any of its business functions? (Examples of AI: machine learning, natural language processing, virtual agents, voice recognition, etc.)",Yes,AI current
107,8/10/2026 - 8/23/2026,,,,812,,14.1,1.73,0.0,0.0,"In the last two weeks, did this business use Artificial Intelligence (AI) in any of its business functions? (Examples of AI: machine learning, natural language processing, virtual agents, voice recognition, etc.)",Yes,AI current
107,8/10/2026 - 8/23/2026,,,,XXX,,34.6,2.07,0.0,0.0,"In the last two weeks, did this business use Artificial Intelligence (AI) in any of its business functions? (Examples of AI: machine learning, natural language processing, virtual agents, voice recognition, etc.)",Yes,AI current
107,8/10/2026 - 8/23/2026,,,12060.0,,,29.7,1.83,0.0,0.0,"In the last two weeks, did this business use Artificial Intelligence (AI) in any of its business functions? (Examples of AI: machine learning, natural language processing, virtual agents, voice recognition, etc.)",Yes,AI current
107,8/10/2026 - 8/23/2026,,,12580.0,,,28.9,2.6,0.0,0.0,"In the last two weeks, did this business use Artificial Intelligence (AI) in any of its business functions? (Examples of AI: machine learning, natural language processing, virtual agents, voice recognition, etc.)",Yes,AI current
107,8/10/2026 - 8/23/2026,,,14460.0,,,17.2,2.26,0.0,0.0,"In the last two weeks, did this business use Artificial Intelligence (AI) in any of its business functions? (Examples of AI: machine learning, natural language processing, virtual agents, voice recognition, etc.)",Yes,AI current
107,8/10/2026 - 8/23/2026,,,16740.0,,,24.6,3.68,0.0,0.0,"In the last two weeks, did this business use Artificial Intelligence (AI) in any of its business functions? (Examples of AI: machine learning, natural language processing, virtual agents, voice recognition, etc.)",Yes,AI current
107,8/10/2026 - 8/23/2026,,,16980.0,,,17.2,0.91,0.0,0.0,"In the last two weeks, did this business use Artificial Intelligence (AI) in any of its business functions? (Examples of AI: machine learning, natural language processing, virtual agents, voice recognition, etc.)",Yes,AI current
107,8/10/2026 - 8/23/2026,,,19100.0,,,31.2,1.33,0.0,0.0,"In the last two weeks, did this business use Artificial Intelligence (AI) in any of its business functions? (Examples of AI: machine learning, natural language processing, virtual agents, voice recognition, etc.)",Yes,AI current
107,8/10/2026 - 8/23/2026,,,19740.0,,,30.5,2.76,0.0,0.0,"In the last two weeks, did this business use Artificial Intelligence (AI) in any of its business functions? (Examples of AI: machine learning, natural language processing, virtual agents, voice recognition, etc.)",Yes,AI current
107,8/10/2026 - 8/23/2026,,,19820.0,,,19.7,2.68,0.0,0.0,"In the last two weeks, did this business use Artificial Intelligence (AI) in any of its business functions? (Examples of AI: machine learning, natural language processing, virtual agents, voice recognition, etc.)",Yes,AI current
107,8/10/2026 - 8/23/2026,,,26420.0,,,25.4,2.22,0.0,0.0,"In the last two weeks, did this business use Artificial Intelligence (AI) in any of its business functions? (Examples of AI: machine learning, natural language processing, virtual agents, voice recognition, etc.)",Yes,AI current
107,8/10/2026 - 8/23/2026,,,31080.0,,,21.2,1.07,0.0,0.0,"In the last two weeks, did this business use Artificial Intelligence (AI) in any of its business functions? (Examples of AI: machine learning, natural language processing, virtual agents, voice recognition, etc.)",Yes,AI current
107,8/10/2026 - 8/23/2026,,,33100.0,,,30.9,2.12,0.0,0.0,"In the last two weeks, did this business use Artificial Intelligence (AI) in any of its business functions? (Examples of AI: machine learning, natural language processing, virtual agents, voice recognition, etc.)",Yes,AI current
107,8/10/2026 - 8/23/2026,,,33460.0,,,31.2,1.85,0.0,0.0,"In the last two weeks, did this business use Artificial Intelligence (AI) in any of its business functions? (Examples of AI: machine learning, natural language processing, virtual agents, voice recognition, etc.)",Yes,AI current
107,8/10/2026 - 8/23/2026,,,35620.0,,,17.0,0.86,0.0,0.0,"In the last two weeks, did this business use Artificial Intelligence (AI) in any of its business functions? (Examples of AI: machine learning, natural language processing, virtual agents, voice recognition, etc.)",Yes,AI current
107,8/10/2026 - 8/23/2026,,,36740.0,,,29.1,4.75,0.0,0.0,"In the last two weeks, did this business use Artificial Intelligence (AI) in any of its business functions? (Examples of AI: machine learning, natural language processing, virtual agents, voice recognition, etc.)",Yes,AI current
107,8/10/2026 - 8/23/2026,,,37980.0,,,23.7,1.19,0.0,0.0,"In the last two weeks, did this business use Artificial Intelligence (AI) in any of its business functions? (Examples of AI: machine learning, natural language processing, virtual agents, voice recognition, etc.)",Yes,AI current
107,8/10/2026 - 8/23/2026,,,38060.0,,,21.0,3.09,0.0,0.0,"In the last two weeks, did this business use Artificial Intelligence (AI) in any of its business functions? (Examples of AI: machine learning, natural language processing, virtual agents, voice recognition, etc.)",Yes,AI current
107,8/10/2026 - 8/23/2026,,,38900.0,,,30.0,1.22,0.0,0.0,"In the last two weeks, did this business use Artificial Intelligence (AI) in any of its business functions? (Examples of AI: machine learning, natural language processing, virtual agents, voice recognition, etc.)",Yes,AI current
107,8/10/2026 - 8/23/2026,,,40140.0,,,20.8,2.56,0.0,0.0,"In the last two weeks, did this business use Artificial Intelligence (AI) in any of its business functions? (Examples of AI: machine learning, natural language processing, virtual agents, voice recognition, etc.)",Yes,AI current
107,8/10/2026 - 8/23/2026,,,41180.0,,,20.3,2.59,0.0,0.0,"In the last two weeks, did this business use Artificial Intelligence (AI) in any of its business functions? (Examples of AI: machine learning, natural language processing, virtual agents, voice recognition, etc.)",Yes,AI current
107,8/10/2026 - 8/23/2026,,,41700.0,,,21.7,4.36,0.0,0.0,"In the last two weeks, did this business use Artificial Intelligence (AI) in any of its business functions? (Examples of AI: machine learning, natural language processing, virtual agents, voice recognition, etc.)",Yes,AI current
107,8/10/2026 - 8/23/2026,,,41740.0,,,34.0,4.24,0.0,0.0,"In the last two weeks, did this business use Artificial Intelligence (AI) in any of its business functions? (Examples of AI: machine learning, natural language processing, virtual agents, voice recognition, etc.)",Yes,AI current
107,8/10/2026 - 8/23/2026,,,41860.0,,,29.3,1.92,0.0,0.0,"In the last two weeks, did this business use Artificial Intelligence (AI) in any of its business functions? (Examples of AI: machine learning, natural language processing, virtual agents, voice recognition, etc.)",Yes,AI current
107,8/10/2026 - 8/23/2026,,,42660.0,,,31.9,3.44,0.0,0.0,"In the last two weeks, did this business use Artificial Intelligence (AI) in any of its business functions? (Examples of AI: machine learning, natural language processing, virtual agents, voice recognition, etc.)",Yes,AI current
107,8/10/2026 - 8/23/2026,,,45300.0,,,26.7,2.65,0.0,0.0,"In the last two weeks, did this business use Artificial Intelligence (AI) in any of its business functions? (Examples of AI: machine learning, natural language processing, virtual agents, voice recognition, etc.)",Yes,AI current
107,8/10/2026 - 8/23/2026,,,47900.0,,,27.1,2.19,0.0,0.0,"In the last two weeks, did this business use Artificial Intelligence (AI) in any of its business functions? (Examples of AI: machine learning, natural language processing, virtual agents, voice recognition, etc.)",Yes,AI current
107,8/10/2026 - 8/23/2026,,,,,B,20.4,0.88,0.0,0.0,"In the last two weeks, did this business use Artificial Intelligence (AI) in any of its business functions? (Examples of AI: machine learning, natural language processing, virtual agents, voice recognition, etc.)",Yes,AI current
107,8/10/2026 - 8/23/2026,,,,,D,21.8,0.75,0.0,0.0,"In the last two weeks, did this business use Artificial Intelligence (AI) in any of its business functions? (Examples of AI: machine learning, natural language processing, virtual agents, voice recognition, etc.)",Yes,AI current
107,8/10/2026 - 8/23/2026,,,,,C,21.8,0.63,0.0,0.0,"In the last two weeks, did this business use Artificial Intelligence (AI) in any of its business functions? (Examples of AI: machine learning, natural language processing, virtual agents, voice recognition, etc.)",Yes,AI current
107,8/10/2026 - 8/23/2026,,,,,G,39.9,2.73,0.0,0.0,"In the last two weeks, did this business use Artificial Intelligence (AI) in any of its business functions? (Examples of AI: machine learning, natural language processing, virtual agents, voice recognition, etc.)",Yes,AI current
107,8/10/2026 - 8/23/2026,,,,,F,30.3,1.52,0.0,0.0,"In the last two weeks, did this business use Artificial Intelligence (AI) in any of its business functions? (Examples of AI: machine learning, natural language processing, virtual agents, voice recognition, etc.)",Yes,AI current
107,8/10/2026 - 8/23/2026,,,,,E,26.2,1.02,0.0,0.0,"In the last two weeks, did this business use Artificial Intelligence (AI) in any of its business functions? (Examples of AI: machine learning, natural language processing, virtual agents, voice recognition, etc.)",Yes,AI current
107,8/10/2026 - 8/23/2026,,,,,,22.4,0.36,0.0,0.0,"In the last two weeks, did this business use Artificial Intelligence (AI) in any of its business functions? (Examples of AI: machine learning, natural language processing, virtual agents, voice recognition, etc.)",Yes,AI current
107,8/10/2026 - 8/23/2026,,,,,A,22.5,0.5,0.0,0.0,"In the last two weeks, did this business use Artificial Intelligence (AI) in any of its business functions? (Examples of AI: machine learning, natural language processing, virtual agents, voice recognition, etc.)",Yes,AI current
107,8/10/2026 - 8/23/2026,AK,,,,,79.1,3.95,0.0,0.0,"In the last two weeks, did this business use Artificial Intelligence (AI) in any of its business functions? (Examples of AI: machine learning, natural language processing, virtual agents, voice recognition, etc.)",No,AI current
107,8/10/2026 - 8/23/2026,AL,,,,,73.6,3.58,0.0,0.0,"In the last two weeks, did this business use Artificial Intelligence (AI) in any of its business functions? (Examples of AI: machine learning, natural language processing, virtual agents, voice recognition, etc.)",No,AI current
107,8/10/2026 - 8/23/2026,AR,,,,,70.2,4.41,0.0,0.0,"In the last two weeks, did this business use Artificial Intelligence (AI) in any of its business functions? (Examples of AI: machine learning, natural language processing, virtual agents, voice recognition, etc.)",No,AI current
107,8/10/2026 - 8/23/2026,AZ,,,,,73.2,2.49,0.0,0.0,"In the last two weeks, did this business use Artificial Intelligence (AI) in any of its business functions? (Examples of AI: machine learning, natural language processing, virtual agents, voice recognition, etc.)",No,AI current
107,8/10/2026 - 8/23/2026,CA,,,,,65.5,0.78,0.0,0.0,"In the last two weeks, did this business use Artificial Intelligence (AI) in any of its business functions? (Examples of AI: machine learning, natural language processing, virtual agents, voice recognition, etc.)",No,AI current
107,8/10/2026 - 8/23/2026,CO,,,,,62.3,1.63,0.0,0.0,"In the last two weeks, did this business use Artificial Intelligence (AI) in any of its business functions? (Examples of AI: machine learning, natural language processing, virtual agents, voice recognition, etc.)",No,AI current
107,8/10/2026 - 8/23/2026,CT,,,,,73.0,1.86,0.0,0.0,"In the last two weeks, did this business use Artificial Intelligence (AI) in any of its business functions? (Examples of AI: machine learning, natural language processing, virtual agents, voice recognition, etc.)",No,AI current
107,8/10/2026 - 8/23/2026,DC,,,,,56.4,6.06,0.0,0.0,"In the last two weeks, did this business use Artificial Intelligence (AI) in any of its business functions? (Examples of AI: machine learning, natural language processing, virtual agents, voice recognition, etc.)",No,AI current
107,8/10/2026 - 8/23/2026,DE,,,,,59.8,3.98,0.0,0.0,"In the last two weeks, did this business use Artificial Intelligence (AI) in any of its business functions? (Examples of AI: machine learning, natural language processing, virtual agents, voice recognition, etc.)",No,AI current
107,8/10/2026 - 8/23/2026,FL,,,,,66.6,1.51,0.0,0.0,"In the last two weeks, did this business use Artificial Intelligence (AI) in any of its business functions? (Examples of AI: machine learning, natural language processing, virtual agents, voice recognition, etc.)",No,AI current
107,8/10/2026 - 8/23/2026,GA,,,,,65.2,2.39,0.0,0.0,"In the last two weeks, did this business use Artificial Intelligence (AI) in any of its business functions? (Examples of AI: machine learning, natural language processing, virtual agents, voice recognition, etc.)",No,AI current
107,8/10/2026 - 8/23/2026,HI,,,,,72.3,5.07,0.0,0.0,"In the last two weeks, did this business use Artificial Intelligence (AI) in any of its business functions? (Examples of AI: machine learning, natural language processing, virtual agents, voice recognition, etc.)",No,AI current
107,8/10/2026 - 8/23/2026,IA,,,,,69.5,3.52,0.0,0.0,"In the last two weeks, did this business use Artificial Intelligence (AI) in any of its business functions? (Examples of AI: machine learning, natural language processing, virtual agents, voice recognition, etc.)",No,AI current
107,8/10/2026 - 8/23/2026,ID,,,,,64.3,3.34,0.0,0.0,"In the last two weeks, did this business use Artificial Intelligence (AI) in any of its business functions? (Examples of AI: machine learning, natural language processing, virtual agents, voice recognition, etc.)",No,AI current
107,8/10/2026 - 8/23/2026,IL,,,,,71.3,1.58,0.0,0.0,"In the last two weeks, did this business use Artificial Intelligence (AI) in any of its business functions? (Examples of AI: machine learning, natural language processing, virtual agents, voice recognition, etc.)",No,AI current
107,8/10/2026 - 8/23/2026,IN,,,,,73.9,2.43,0.0,0.0,"In the last two weeks, did this business use Artificial Intelligence (AI) in any of its business functions? (Examples of AI: machine learning, natural language processing, virtual agents, voice recognition, etc.)",No,AI current
107,8/10/2026 - 8/23/2026,KS,,,,,73.0,3.42,0.0,0.0,"In the last two weeks, did this business use Artificial Intelligence (AI) in any of its business functions? (Examples of AI: machine learning, natural language processing, virtual agents, voice recognition, etc.)",No,AI current
107,8/10/2026 - 8/23/2026,KY,,,,,65.5,3.78,0.0,0.0,"In the last two weeks, did this business use Artificial Intelligence (AI) in any of its business functions? (Examples of AI: machine learning, natural language processing, virtual agents, voice recognition, etc.)",No,AI current
107,8/10/2026 - 8/23/2026,LA,,,,,70.6,2.42,0.0,0.0,"In the last two weeks, did this business use Artificial Intelligence (AI) in any of its business functions? (Examples of AI: machine learning, natural language processing, virtual agents, voice recognition, etc.)",No,AI current
107,8/10/2026 - 8/23/2026,MA,,,,,72.5,2.53,0.0,0.0,"In the last two weeks, did this business use Artificial Intelligence (AI) in any of its business functions? (Examples of AI: machine learning, natural language processing, virtual agents, voice recognition, etc.)",No,AI current
107,8/10/2026 - 8/23/2026,MD,,,,,65.4,2.55,0.0,0.0,"In the last two weeks, did this business use Artificial Intelligence (AI) in any of its business functions? (Examples of AI: machine learning, natural language processing, virtual agents, voice recognition, etc.)",No,AI current
107,8/10/2026 - 8/23/2026,ME,,,,,72.8,3.44,0.0,0.0,"In the last two weeks, did this business use Artificial Intelligence (AI) in any of its business functions? (Examples of AI: machine learning, natural language processing, virtual agents, voice recognition, etc.)",No,AI current
107,8/10/2026 - 8/23/2026,MI,,,,,70.6,1.67,0.0,0.0,"In the last two weeks, did this business use Artificial Intelligence (AI) in any of its business functions? (Examples of AI: machine learning, natural language processing, virtual agents, voice recognition, etc.)",No,AI current
107,8/10/2026 - 8/23/2026,MN,,,,,67.0,2.57,0.0,0.0,"In the last two weeks, did this business use Artificial Intelligence (AI) in any of its business functions? (Examples of AI: machine learning, natural language processing, virtual agents, voice recognition, etc.)",No,AI current
107,8/10/2026 - 8/23/2026,MO,,,,,72.8,1.84,0.0,0.0,"In the last two weeks, did this business use Artificial Intelligence (AI) in any of its business functions? (Examples of AI: machine learning, natural language processing, virtual agents, voice recognition, etc.)",No,AI current
107,8/10/2026 - 8/23/2026,MS,,,,,77.0,5.13,0.0,0.0,"In the last two weeks, did this business use Artificial Intelligence (AI) in any of its business functions? (Examples of AI: machine learning, natural language processing, virtual agents, voice recognition, etc.)",No,AI current
107,8/10/2026 - 8/23/2026,MT,,,,,66.0,5.14,0.0,0.0,"In the last two weeks, did this business use Artificial Intelligence (AI) in any of its business functions? (Examples of AI: machine learning, natural language processing, virtual agents, voice recognition, etc.)",No,AI current
107,8/10/2026 - 8/23/2026,NC,,,,,68.2,1.66,0.0,0.0,"In the last two weeks, did this business use Artificial Intelligence (AI) in any of its business functions? (Examples of AI: machine learning, natural language processing, virtual agents, voice recognition, etc.)",No,AI current
107,8/10/2026 - 8/23/2026,ND,,,,,81.7,4.35,0.0,0.0,"In the last two weeks, did this business use Artificial Intelligence (AI) in any of its business functions? (Examples of AI: machine learning, natural language processing, virtual agents, voice recognition, etc.)",No,AI current
107,8/10/2026 - 8/23/2026,NE,,,,,67.6,3.0,0.0,0.0,"In the last two weeks, did this business use Artificial Intelligence (AI) in any of its business functions? (Examples of AI: machine learning, natural language processing, virtual agents, voice recognition, etc.)",No,AI current
107,8/10/2026 - 8/23/2026,NH,,,,,71.7,4.47,0.0,0.0,"In the last two weeks, did this business use Artificial Intelligence (AI) in any of its business functions? (Examples of AI: machine learning, natural language processing, virtual agents, voice recognition, etc.)",No,AI current
107,8/10/2026 - 8/23/2026,NJ,,,,,71.2,1.86,0.0,0.0,"In the last two weeks, did this business use Artificial Intelligence (AI) in any of its business functions? (Examples of AI: machine learning, natural language processing, virtual agents, voice recognition, etc.)",No,AI current
107,8/10/2026 - 8/23/2026,NM,,,,,72.5,3.64,0.0,0.0,"In the last two weeks, did this business use Artificial Intelligence (AI) in any of its business functions? (Examples of AI: machine learning, natural language processing, virtual agents, voice recognition, etc.)",No,AI current
107,8/10/2026 - 8/23/2026,NV,,,,,67.2,3.48,0.0,0.0,"In the last two weeks, did this business use Artificial Intelligence (AI) in any of its business functions? (Examples of AI: machine learning, natural language processing, virtual agents, voice recognition, etc.)",No,AI current
107,8/10/2026 - 8/23/2026,NY,,,,,70.0,0.74,0.0,0.0,"In the last two weeks, did this business use Artificial Intelligence (AI) in any of its business functions? (Examples of AI: machine learning, natural language processing, virtual agents, voice recognition, etc.)",No,AI current
107,8/10/2026 - 8/23/2026,OH,,,,,71.0,1.32,0.0,0.0,"In the last two weeks, did this business use Artificial Intelligence (AI) in any of its business functions? (Examples of AI: machine learning, natural language processing, virtual agents, voice recognition, etc.)",No,AI current
107,8/10/2026 - 8/23/2026,OK,,,,,71.2,2.81,0.0,0.0,"In the last two weeks, did this business use Artificial Intelligence (AI) in any of its business functions? (Examples of AI: machine learning, natural language processing, virtual agents, voice recognition, etc.)",No,AI current
107,8/10/2026 - 8/23/2026,OR,,,,,69.4,2.02,0.0,0.0,"In the last two weeks, did this business use Artificial Intelligence (AI) in any of its business functions? (Examples of AI: machine learning, natural language processing, virtual agents, voice recognition, etc.)",No,AI current
107,8/10/2026 - 8/23/2026,PA,,,,,71.2,1.74,0.0,0.0,"In the last two weeks, did this business use Artificial Intelligence (AI) in any of its business functions? (Examples of AI: machine learning, natural language processing, virtual agents, voice recognition, etc.)",No,AI current
107,8/10/2026 - 8/23/2026,PR,,,,,74.6,4.72,0.0,0.0,"In the last two weeks, did this business use Artificial Intelligence (AI) in any of its business functions? (Examples of AI: machine learning, natural language processing, virtual agents, voice recognition, etc.)",No,AI current
107,8/10/2026 - 8/23/2026,RI,,,,,78.9,6.0,0.0,0.0,"In the last two weeks, did this business use Artificial Intelligence (AI) in any of its business functions? (Examples of AI: machine learning, natural language processing, virtual agents, voice recognition, etc.)",No,AI current
107,8/10/2026 - 8/23/2026,SC,,,,,63.8,2.99,0.0,0.0,"In the last two weeks, did this business use Artificial Intelligence (AI) in any of its business functions? (Examples of AI: machine learning, natural language processing, virtual agents, voice recognition, etc.)",No,AI current
107,8/10/2026 - 8/23/2026,SD,,,,,72.1,5.27,0.0,0.0,"In the last two weeks, did this business use Artificial Intelligence (AI) in any of its business functions? (Examples of AI: machine learning, natural language processing, virtual agents, voice recognition, etc.)",No,AI current
107,8/10/2026 - 8/23/2026,TN,,,,,66.8,3.71,0.0,0.0,"In the last two weeks, did this business use Artificial Intelligence (AI) in any of its business functions? (Examples of AI: machine learning, natural language processing, virtual agents, voice recognition, etc.)",No,AI current
107,8/10/2026 - 8/23/2026,TX,,,,,65.6,1.26,0.0,0.0,"In the last two weeks, did this business use Artificial Intelligence (AI) in any of its business functions? (Examples of AI: machine learning, natural language processing, virtual agents, voice recognition, etc.)",No,AI current
107,8/10/2026 - 8/23/2026,UT,,,,,64.2,3.92,0.0,0.0,"In the last two weeks, did this business use Artificial Intelligence (AI) in any of its business functions? (Examples of AI: machine learning, natural language processing, virtual agents, voice recognition, etc.)",No,AI current
107,8/10/2026 - 8/23/2026,VA,,,,,68.4,1.98,0.0,0.0,"In the last two weeks, did this business use Artificial Intelligence (AI) in any of its business functions? (Examples of AI: machine learning, natural language processing, virtual agents, voice recognition, etc.)",No,AI current
107,8/10/2026 - 8/23/2026,VT,,,,,70.4,5.29,0.0,0.0,"In the last two weeks, did this business use Artificial Intelligence (AI) in any of its business functions? (Examples of AI: machine learning, natural language processing, virtual agents, voice recognition, etc.)",No,AI current
107,8/10/2026 - 8/23/2026,WA,,,,,65.9,1.92,0.0,0.0,"In the last two weeks, did this business use Artificial Intelligence (AI) in any of its business functions? (Examples of AI: machine learning, natural language processing, virtual agents, voice recognition, etc.)",No,AI current
107,8/10/2026 - 8/23/2026,WI,,,,,72.8,2.09,0.0,0.0,"In the last two weeks, did this business use Artificial Intelligence (AI) in any of its business functions? (Examples of AI: machine learning, natural language processing, virtual agents, voice recognition, etc.)",No,AI current
107,8/10/2026 - 8/23/2026,WV,,,,,68.3,4.28,0.0,0.0,"In the last two weeks, did this business use Artificial Intelligence (AI) in any of its business functions? (Examples of AI: machine learning, natural language processing, virtual agents, voice recognition, etc.)",No,AI current
107,8/10/2026 - 8/23/2026,WY,,,,,65.7,5.03,0.0,0.0,"In the last two weeks, did this business use Artificial Intelligence (AI) in any of its business functions? (Examples of AI: machine learning, natural language processing, virtual agents, voice recognition, etc.)",No,AI current
107,8/10/2026 - 8/23/2026,XX,,,,,44.0,2.97,0.0,0.0,"In the last two weeks, did this business use Artificial Intelligence (AI) in any of its business functions? (Examples of AI: machine learning, natural language processing, virtual agents, voice recognition, etc.)",No,AI current
107,8/10/2026 - 8/23/2026,,11,,,,90.0,3.77,0.0,0.0,"In the last two weeks, did this business use Artificial Intelligence (AI) in any of its business functions? (Examples of AI: machine learning, natural language processing, virtual agents, voice recognition, etc.)",No,AI current
107,8/10/2026 - 8/23/2026,,11,,,A,95.0,5.03,0.0,0.0,"In the last two weeks, did this business use Artificial Intelligence (AI) in any of its business functions? (Examples of AI: machine learning, natural language processing, virtual agents, voice recognition, etc.)",No,AI current
107,8/10/2026 - 8/23/2026,,11,,,C,71.1,13.17,0.0,0.0,"In the last two weeks, did this business use Artificial Intelligence (AI) in any of its business functions? (Examples of AI: machine learning, natural language processing, virtual agents, voice recognition, etc.)",No,AI current
107,8/10/2026 - 8/23/2026,,11,,,G,,,0.0,0.0,"In the last two weeks, did this business use Artificial Intelligence (AI) in any of its business functions? (Examples of AI: machine learning, natural language processing, virtual agents, voice recognition, etc.)",No,AI current
107,8/10/2026 - 8/23/2026,,11,,,D,100.0,0.0,0.0,0.0,"In the last two weeks, did this business use Artificial Intelligence (AI) in any of its business functions? (Examples of AI: machine learning, natural language processing, virtual agents, voice recognition, etc.)",No,AI current
107,8/10/2026 - 8/23/2026,,11,,,B,82.8,11.42,0.0,0.0,"In the last two weeks, did this business use Artificial Intelligence (AI) in any of its business functions? (Examples of AI: machine learning, natural language processing, virtual agents, voice recognition, etc.)",No,AI current
107,8/10/2026 - 8/23/2026,,21,,,B,78.7,14.59,0.0,0.0,"In the last two weeks, did this business use Artificial Intelligence (AI) in any of its business functions? (Examples of AI: machine learning, natural language processing, virtual agents, voice recognition, etc.)",No,AI current
107,8/10/2026 - 8/23/2026,,21,,,,84.5,3.6,0.0,0.0,"In the last two weeks, did this business use Artificial Intelligence (AI) in any of its business functions? (Examples of AI: machine learning, natural language processing, virtual agents, voice recognition, etc.)",No,AI current
107,8/10/2026 - 8/23/2026,,21,,,A,91.2,6.12,0.0,0.0,"In the last two weeks, did this business use Artificial Intelligence (AI) in any of its business functions? (Examples of AI: machine learning, natural language processing, virtual agents, voice recognition, etc.)",No,AI current
107,8/10/2026 - 8/23/2026,,21,,,G,,,0.0,0.0,"In the last two weeks, did this business use Artificial Intelligence (AI) in any of its business functions? (Examples of AI: machine learning, natural language processing, virtual agents, voice recognition, etc.)",No,AI current
107,8/10/2026 - 8/23/2026,,21,,,F,,,0.0,0.0,"In the last two weeks, did this business use Artificial Intelligence (AI) in any of its business functions? (Examples of AI: machine learning, natural language processing, virtual agents, voice recognition, etc.)",No,AI current
107,8/10/2026 - 8/23/2026,,21,,,C,90.3,9.81,0.0,0.0,"In the last two weeks, did this business use Artificial Intelligence (AI) in any of its business functions? (Examples of AI: machine learning, natural language processing, virtual agents, voice recognition, etc.)",No,AI current
107,8/10/2026 - 8/23/2026,,21,,,D,83.9,10.0,0.0,0.0,"In the last two weeks, did this business use Artificial Intelligence (AI) in any of its business functions? (Examples of AI: machine learning, natural language processing, virtual agents, voice recognition, etc.)",No,AI current
107,8/10/2026 - 8/23/2026,,21,,,E,,,0.0,0.0,"In the last two weeks, did this business use Artificial Intelligence (AI) in any of its business functions? (Examples of AI: machine learning, natural language processing, virtual agents, voice recognition, etc.)",No,AI current
107,8/10/2026 - 8/23/2026,,22,,,D,61.4,22.02,0.0,0.0,"In the last two weeks, did this business use Artificial Intelligence (AI) in any of its business functions? (Examples of AI: machine learning, natural language processing, virtual agents, voice recognition, etc.)",No,AI current
107,8/10/2026 - 8/23/2026,,22,,,,66.2,7.77,0.0,0.0,"In the last two weeks, did this business use Artificial Intelligence (AI) in any of its business functions? (Examples of AI: machine learning, natural language processing, virtual agents, voice recognition, etc.)",No,AI current
107,8/10/2026 - 8/23/2026,,22,,,B,74.7,8.77,0.0,0.0,"In the last two weeks, did this business use Artificial Intelligence (AI) in any of its business functions? (Examples of AI: machine learning, natural language processing, virtual agents, voice recognition, etc.)",No,AI current
107,8/10/2026 - 8/23/2026,,22,,,C,47.9,8.6,0.0,0.0,"In the last two weeks, did this business use Artificial Intelligence (AI) in any of its business functions? (Examples of AI: machine learning, natural language processing, virtual agents, voice recognition, etc.)",No,AI current
107,8/10/2026 - 8/23/2026,,22,,,A,71.1,9.35,0.0,0.0,"In the last two weeks, did this business use Artificial Intelligence (AI) in any of its business functions? (Examples of AI: machine learning, natural language processing, virtual agents, voice recognition, etc.)",No,AI current
107,8/10/2026 - 8/23/2026,,23,,,F,56.8,3.46,0.0,0.0,"In the last two weeks, did this business use Artificial Intelligence (AI) in any of its business functions? (Examples of AI: machine learning, natural language processing, virtual agents, voice recognition, etc.)",No,AI current
107,8/10/2026 - 8/23/2026,,23,,,,78.3,0.89,0.0,0.0,"In the last two weeks, did this business use Artificial Intelligence (AI) in any of its business functions? (Examples of AI: machine learning, natural language processing, virtual agents, voice recognition, etc.)",No,AI current
107,8/10/2026 - 8/23/2026,,23,,,D,68.0,2.03,0.0,0.0,"In the last two weeks, did this business use Artificial Intelligence (AI) in any of its business functions? (Examples of AI: machine learning, natural language processing, virtual agents, voice recognition, etc.)",No,AI current
107,8/10/2026 - 8/23/2026,,23,,,B,77.7,3.3,0.0,0.0,"In the last two weeks, did this business use Artificial Intelligence (AI) in any of its business functions? (Examples of AI: machine learning, natural language processing, virtual agents, voice recognition, etc.)",No,AI current
107,8/10/2026 - 8/23/2026,,23,,,A,80.2,1.41,0.0,0.0,"In the last two weeks, did this business use Artificial Intelligence (AI) in any of its business functions? (Examples of AI: machine learning, natural language processing, virtual agents, voice recognition, etc.)",No,AI current
107,8/10/2026 - 8/23/2026,,23,,,C,77.0,2.11,0.0,0.0,"In the last two weeks, did this business use Artificial Intelligence (AI) in any of its business functions? (Examples of AI: machine learning, natural language processing, virtual agents, voice recognition, etc.)",No,AI current
107,8/10/2026 - 8/23/2026,,23,,,G,64.0,12.54,0.0,0.0,"In the last two weeks, did this business use Artificial Intelligence (AI) in any of its business functions? (Examples of AI: machine learning, natural language processing, virtual agents, voice recognition, etc.)",No,AI current
107,8/10/2026 - 8/23/2026,,23,,,E,63.4,4.68,0.0,0.0,"In the last two weeks, did this business use Artificial Intelligence (AI) in any of its business functions? (Examples of AI: machine learning, natural language processing, virtual agents, voice recognition, etc.)",No,AI current
107,8/10/2026 - 8/23/2026,,31,,,,71.2,1.34,0.0,0.0,"In the last two weeks, did this business use Artificial Intelligence (AI) in any of its business functions? (Examples of AI: machine learning, natural language processing, virtual agents, voice recognition, etc.)",No,AI current
107,8/10/2026 - 8/23/2026,,31,,,C,68.5,2.35,0.0,0.0,"In the last two weeks, did this business use Artificial Intelligence (AI) in any of its business functions? (Examples of AI: machine learning, natural language processing, virtual agents, voice recognition, etc.)",No,AI current
107,8/10/2026 - 8/23/2026,,31,,,G,34.7,7.71,0.0,0.0,"In the last two weeks, did this business use Artificial Intelligence (AI) in any of its business functions? (Examples of AI: machine learning, natural language processing, virtual agents, voice recognition, etc.)",No,AI current
107,8/10/2026 - 8/23/2026,,31,,,D,69.1,2.97,0.0,0.0,"In the last two weeks, did this business use Artificial Intelligence (AI) in any of its business functions? (Examples of AI: machine learning, natural language processing, virtual agents, voice recognition, etc.)",No,AI current
107,8/10/2026 - 8/23/2026,,31,,,A,76.7,2.62,0.0,0.0,"In the last two weeks, did this business use Artificial Intelligence (AI) in any of its business functions? (Examples of AI: machine learning, natural language processing, virtual agents, voice recognition, etc.)",No,AI current
107,8/10/2026 - 8/23/2026,,31,,,B,71.8,2.84,0.0,0.0,"In the last two weeks, did this business use Artificial Intelligence (AI) in any of its business functions? (Examples of AI: machine learning, natural language processing, virtual agents, voice recognition, etc.)",No,AI current
107,8/10/2026 - 8/23/2026,,31,,,E,65.8,4.2,0.0,0.0,"In the last two weeks, did this business use Artificial Intelligence (AI) in any of its business functions? (Examples of AI: machine learning, natural language processing, virtual agents, voice recognition, etc.)",No,AI current
107,8/10/2026 - 8/23/2026,,31,,,F,48.8,4.78,0.0,0.0,"In the last two weeks, did this business use Artificial Intelligence (AI) in any of its business functions? (Examples of AI: machine learning, natural language processing, virtual agents, voice recognition, etc.)",No,AI current
107,8/10/2026 - 8/23/2026,,42,,,E,64.3,5.14,0.0,0.0,"In the last two weeks, did this business use Artificial Intelligence (AI) in any of its business functions? (Examples of AI: machine learning, natural language processing, virtual agents, voice recognition, etc.)",No,AI current
107,8/10/2026 - 8/23/2026,,42,,,F,49.8,13.45,0.0,0.0,"In the last two weeks, did this business use Artificial Intelligence (AI) in any of its business functions? (Examples of AI: machine learning, natural language processing, virtual agents, voice recognition, etc.)",No,AI current
107,8/10/2026 - 8/23/2026,,42,,,G,48.3,12.56,0.0,0.0,"In the last two weeks, did this business use Artificial Intelligence (AI) in any of its business functions? (Examples of AI: machine learning, natural language processing, virtual agents, voice recognition, etc.)",No,AI current
107,8/10/2026 - 8/23/2026,,42,,,,72.3,0.86,0.0,0.0,"In the last two weeks, did this business use Artificial Intelligence (AI) in any of its business functions? (Examples of AI: machine learning, natural language processing, virtual agents, voice recognition, etc.)",No,AI current
107,8/10/2026 - 8/23/2026,,42,,,C,65.5,2.89,0.0,0.0,"In the last two weeks, did this business use Artificial Intelligence (AI) in any of its business functions? (Examples of AI: machine learning, natural language processing, virtual agents, voice recognition, etc.)",No,AI current
107,8/10/2026 - 8/23/2026,,42,,,A,75.5,1.34,0.0,0.0,"In the last two weeks, did this business use Artificial Intelligence (AI) in any of its business functions? (Examples of AI: machine learning, natural language processing, virtual agents, voice recognition, etc.)",No,AI current
107,8/10/2026 - 8/23/2026,,42,,,B,75.1,2.61,0.0,0.0,"In the last two weeks, did this business use Artificial Intelligence (AI) in any of its business functions? (Examples of AI: machine learning, natural language processing, virtual agents, voice recognition, etc.)",No,AI current
107,8/10/2026 - 8/23/2026,,42,,,D,61.0,3.17,0.0,0.0,"In the last two weeks, did this business use Artificial Intelligence (AI) in any of its business functions? (Examples of AI: machine learning, natural language processing, virtual agents, voice recognition, etc.)",No,AI current
107,8/10/2026 - 8/23/2026,,44,,,D,66.8,2.92,0.0,0.0,"In the last two weeks, did this business use Artificial Intelligence (AI) in any of its business functions? (Examples of AI: machine learning, natural language processing, virtual agents, voice recognition, etc.)",No,AI current
107,8/10/2026 - 8/23/2026,,44,,,E,54.8,3.9,0.0,0.0,"In the last two weeks, did this business use Artificial Intelligence (AI) in any of its business functions? (Examples of AI: machine learning, natural language processing, virtual agents, voice recognition, etc.)",No,AI current
107,8/10/2026 - 8/23/2026,,44,,,A,77.5,0.97,0.0,0.0,"In the last two weeks, did this business use Artificial Intelligence (AI) in any of its business functions? (Examples of AI: machine learning, natural language processing, virtual agents, voice recognition, etc.)",No,AI current
107,8/10/2026 - 8/23/2026,,44,,,G,59.4,13.19,0.0,0.0,"In the last two weeks, did this business use Artificial Intelligence (AI) in any of its business functions? (Examples of AI: machine learning, natural language processing, virtual agents, voice recognition, etc.)",No,AI current
107,8/10/2026 - 8/23/2026,,44,,,B,75.4,1.35,0.0,0.0,"In the last two weeks, did this business use Artificial Intelligence (AI) in any of its business functions? (Examples of AI: machine learning, natural language processing, virtual agents, voice recognition, etc.)",No,AI current
107,8/10/2026 - 8/23/2026,,44,,,C,75.3,2.36,0.0,0.0,"In the last two weeks, did this business use Artificial Intelligence (AI) in any of its business functions? (Examples of AI: machine learning, natural language processing, virtual agents, voice recognition, etc.)",No,AI current
107,8/10/2026 - 8/23/2026,,44,,,F,53.5,6.54,0.0,0.0,"In the last two weeks, did this business use Artificial Intelligence (AI) in any of its business functions? (Examples of AI: machine learning, natural language processing, virtual agents, voice recognition, etc.)",No,AI current
107,8/10/2026 - 8/23/2026,,44,,,,75.6,0.75,0.0,0.0,"In the last two weeks, did this business use Artificial Intelligence (AI) in any of its business functions? (Examples of AI: machine learning, natural language processing, virtual agents, voice recognition, etc.)",No,AI current
107,8/10/2026 - 8/23/2026,,48,,,,79.8,1.25,0.0,0.0,"In the last two weeks, did this business use Artificial Intelligence (AI) in any of its business functions? (Examples of AI: machine learning, natural language processing, virtual agents, voice recognition, etc.)",No,AI current
107,8/10/2026 - 8/23/2026,,48,,,A,83.0,1.77,0.0,0.0,"In the last two weeks, did this business use Artificial Intelligence (AI) in any of its business functions? (Examples of AI: machine learning, natural language processing, virtual agents, voice recognition, etc.)",No,AI current
107,8/10/2026 - 8/23/2026,,48,,,E,63.5,7.71,0.0,0.0,"In the last two weeks, did this business use Artificial Intelligence (AI) in any of its business functions? (Examples of AI: machine learning, natural language processing, virtual agents, voice recognition, etc.)",No,AI current
107,8/10/2026 - 8/23/2026,,48,,,B,71.4,4.11,0.0,0.0,"In the last two weeks, did this business use Artificial Intelligence (AI) in any of its business functions? (Examples of AI: machine learning, natural language processing, virtual agents, voice recognition, etc.)",No,AI current
107,8/10/2026 - 8/23/2026,,48,,,C,80.2,3.56,0.0,0.0,"In the last two weeks, did this business use Artificial Intelligence (AI) in any of its business functions? (Examples of AI: machine learning, natural language processing, virtual agents, voice recognition, etc.)",No,AI current
107,8/10/2026 - 8/23/2026,,48,,,D,76.3,5.36,0.0,0.0,"In the last two weeks, did this business use Artificial Intelligence (AI) in any of its business functions? (Examples of AI: machine learning, natural language processing, virtual agents, voice recognition, etc.)",No,AI current
107,8/10/2026 - 8/23/2026,,48,,,G,,,0.0,0.0,"In the last two weeks, did this business use Artificial Intelligence (AI) in any of its business functions? (Examples of AI: machine learning, natural language processing, virtual agents, voice recognition, etc.)",No,AI current
107,8/10/2026 - 8/23/2026,,48,,,F,43.8,12.07,0.0,0.0,"In the last two weeks, did this business use Artificial Intelligence (AI) in any of its business functions? (Examples of AI: machine learning, natural language processing, virtual agents, voice recognition, etc.)",No,AI current
107,8/10/2026 - 8/23/2026,,51,,,B,42.4,5.28,0.0,0.0,"In the last two weeks, did this business use Artificial Intelligence (AI) in any of its business functions? (Examples of AI: machine learning, natural language processing, virtual agents, voice recognition, etc.)",No,AI current
107,8/10/2026 - 8/23/2026,,51,,,D,26.7,6.32,0.0,0.0,"In the last two weeks, did this business use Artificial Intelligence (AI) in any of its business functions? (Examples of AI: machine learning, natural language processing, virtual agents, voice recognition, etc.)",No,AI current
107,8/10/2026 - 8/23/2026,,51,,,,43.8,1.96,0.0,0.0,"In the last two weeks, did this business use Artificial Intelligence (AI) in any of its business functions? (Examples of AI: machine learning, natural language processing, virtual agents, voice recognition, etc.)",No,AI current
107,8/10/2026 - 8/23/2026,,51,,,A,48.1,2.02,0.0,0.0,"In the last two weeks, did this business use Artificial Intelligence (AI) in any of its business functions? (Examples of AI: machine learning, natural language processing, virtual agents, voice recognition, etc.)",No,AI current
107,8/10/2026 - 8/23/2026,,51,,,E,,,0.0,0.0,"In the last two weeks, did this business use Artificial Intelligence (AI) in any of its business functions? (Examples of AI: machine learning, natural language processing, virtual agents, voice recognition, etc.)",No,AI current
107,8/10/2026 - 8/23/2026,,51,,,C,31.9,6.05,0.0,0.0,"In the last two weeks, did this business use Artificial Intelligence (AI) in any of its business functions? (Examples of AI: machine learning, natural language processing, virtual agents, voice recognition, etc.)",No,AI current
107,8/10/2026 - 8/23/2026,,51,,,F,29.7,8.89,0.0,0.0,"In the last two weeks, did this business use Artificial Intelligence (AI) in any of its business functions? (Examples of AI: machine learning, natural language processing, virtual agents, voice recognition, etc.)",No,AI current
107,8/10/2026 - 8/23/2026,,52,,,A,54.2,1.16,0.0,0.0,"In the last two weeks, did this business use Artificial Intelligence (AI) in any of its business functions? (Examples of AI: machine learning, natural language processing, virtual agents, voice recognition, etc.)",No,AI current
107,8/10/2026 - 8/23/2026,,52,,,G,19.8,6.41,0.0,0.0,"In the last two weeks, did this business use Artificial Intelligence (AI) in any of its business functions? (Examples of AI: machine learning, natural language processing, virtual agents, voice recognition, etc.)",No,AI current
107,8/10/2026 - 8/23/2026,,52,,,F,24.8,6.94,0.0,0.0,"In the last two weeks, did this business use Artificial Intelligence (AI) in any of its business functions? (Examples of AI: machine learning, natural language processing, virtual agents, voice recognition, etc.)",No,AI current
107,8/10/2026 - 8/23/2026,,52,,,E,41.8,11.22,0.0,0.0,"In the last two weeks, did this business use Artificial Intelligence (AI) in any of its business functions? (Examples of AI: machine learning, natural language processing, virtual agents, voice recognition, etc.)",No,AI current
107,8/10/2026 - 8/23/2026,,52,,,C,40.4,5.07,0.0,0.0,"In the last two weeks, did this business use Artificial Intelligence (AI) in any of its business functions? (Examples of AI: machine learning, natural language processing, virtual agents, voice recognition, etc.)",No,AI current
107,8/10/2026 - 8/23/2026,,52,,,,50.9,1.35,0.0,0.0,"In the last two weeks, did this business use Artificial Intelligence (AI) in any of its business functions? (Examples of AI: machine learning, natural language processing, virtual agents, voice recognition, etc.)",No,AI current
107,8/10/2026 - 8/23/2026,,52,,,B,45.2,4.01,0.0,0.0,"In the last two weeks, did this business use Artificial Intelligence (AI) in any of its business functions? (Examples of AI: machine learning, natural language processing, virtual agents, voice recognition, etc.)",No,AI current
107,8/10/2026 - 8/23/2026,,52,,,D,36.5,4.27,0.0,0.0,"In the last two weeks, did this business use Artificial Intelligence (AI) in any of its business functions? (Examples of AI: machine learning, natural language processing, virtual agents, voice recognition, etc.)",No,AI current
107,8/10/2026 - 8/23/2026,,53,,,G,,,0.0,0.0,"In the last two weeks, did this business use Artificial Intelligence (AI) in any of its business functions? (Examples of AI: machine learning, natural language processing, virtual agents, voice recognition, etc.)",No,AI current
107,8/10/2026 - 8/23/2026,,53,,,F,31.0,7.87,0.0,0.0,"In the last two weeks, did this business use Artificial Intelligence (AI) in any of its business functions? (Examples of AI: machine learning, natural language processing, virtual agents, voice recognition, etc.)",No,AI current
107,8/10/2026 - 8/23/2026,,53,,,E,42.2,8.93,0.0,0.0,"In the last two weeks, did this business use Artificial Intelligence (AI) in any of its business functions? (Examples of AI: machine learning, natural language processing, virtual agents, voice recognition, etc.)",No,AI current
107,8/10/2026 - 8/23/2026,,53,,,,59.5,1.84,0.0,0.0,"In the last two weeks, did this business use Artificial Intelligence (AI) in any of its business functions? (Examples of AI: machine learning, natural language processing, virtual agents, voice recognition, etc.)",No,AI current
107,8/10/2026 - 8/23/2026,,53,,,B,60.2,2.78,0.0,0.0,"In the last two weeks, did this business use Artificial Intelligence (AI) in any of its business functions? (Examples of AI: machine learning, natural language processing, virtual agents, voice recognition, etc.)",No,AI current
107,8/10/2026 - 8/23/2026,,53,,,A,60.1,2.19,0.0,0.0,"In the last two weeks, did this business use Artificial Intelligence (AI) in any of its business functions? (Examples of AI: machine learning, natural language processing, virtual agents, voice recognition, etc.)",No,AI current
107,8/10/2026 - 8/23/2026,,53,,,D,50.6,5.4,0.0,0.0,"In the last two weeks, did this business use Artificial Intelligence (AI) in any of its business functions? (Examples of AI: machine learning, natural language processing, virtual agents, voice recognition, etc.)",No,AI current
107,8/10/2026 - 8/23/2026,,53,,,C,55.8,3.91,0.0,0.0,"In the last two weeks, did this business use Artificial Intelligence (AI) in any of its business functions? (Examples of AI: machine learning, natural language processing, virtual agents, voice recognition, etc.)",No,AI current
107,8/10/2026 - 8/23/2026,,54,,,F,30.8,7.43,0.0,0.0,"In the last two weeks, did this business use Artificial Intelligence (AI) in any of its business functions? (Examples of AI: machine learning, natural language processing, virtual agents, voice recognition, etc.)",No,AI current
107,8/10/2026 - 8/23/2026,,54,,,,50.3,1.04,0.0,0.0,"In the last two weeks, did this business use Artificial Intelligence (AI) in any of its business functions? (Examples of AI: machine learning, natural language processing, virtual agents, voice recognition, etc.)",No,AI current
107,8/10/2026 - 8/23/2026,,54,,,A,52.3,1.14,0.0,0.0,"In the last two weeks, did this business use Artificial Intelligence (AI) in any of its business functions? (Examples of AI: machine learning, natural language processing, virtual agents, voice recognition, etc.)",No,AI current
107,8/10/2026 - 8/23/2026,,54,,,G,,,0.0,0.0,"In the last two weeks, did this business use Artificial Intelligence (AI) in any of its business functions? (Examples of AI: machine learning, natural language processing, virtual agents, voice recognition, etc.)",No,AI current
107,8/10/2026 - 8/23/2026,,54,,,D,42.0,2.21,0.0,0.0,"In the last two weeks, did this business use Artificial Intelligence (AI) in any of its business functions? (Examples of AI: machine learning, natural language processing, virtual agents, voice recognition, etc.)",No,AI current
107,8/10/2026 - 8/23/2026,,54,,,C,42.1,3.85,0.0,0.0,"In the last two weeks, did this business use Artificial Intelligence (AI) in any of its business functions? (Examples of AI: machine learning, natural language processing, virtual agents, voice recognition, etc.)",No,AI current
107,8/10/2026 - 8/23/2026,,54,,,E,24.3,4.6,0.0,0.0,"In the last two weeks, did this business use Artificial Intelligence (AI) in any of its business functions? (Examples of AI: machine learning, natural language processing, virtual agents, voice recognition, etc.)",No,AI current
107,8/10/2026 - 8/23/2026,,54,,,B,48.5,2.12,0.0,0.0,"In the last two weeks, did this business use Artificial Intelligence (AI) in any of its business functions? (Examples of AI: machine learning, natural language processing, virtual agents, voice recognition, etc.)",No,AI current
107,8/10/2026 - 8/23/2026,,55,,,,66.0,10.68,0.0,0.0,"In the last two weeks, did this business use Artificial Intelligence (AI) in any of its business functions? (Examples of AI: machine learning, natural language processing, virtual agents, voice recognition, etc.)",No,AI current
107,8/10/2026 - 8/23/2026,,55,,,A,74.8,10.91,0.0,0.0,"In the last two weeks, did this business use Artificial Intelligence (AI) in any of its business functions? (Examples of AI: machine learning, natural language processing, virtual agents, voice recognition, etc.)",No,AI current
107,8/10/2026 - 8/23/2026,,55,,,D,,,0.0,0.0,"In the last two weeks, did this business use Artificial Intelligence (AI) in any of its business functions? (Examples of AI: machine learning, natural language processing, virtual agents, voice recognition, etc.)",No,AI current
107,8/10/2026 - 8/23/2026,,56,,,G,47.0,10.55,0.0,0.0,"In the last two weeks, did this business use Artificial Intelligence (AI) in any of its business functions? (Examples of AI: machine learning, natural language processing, virtual agents, voice recognition, etc.)",No,AI current
107,8/10/2026 - 8/23/2026,,56,,,,70.3,1.63,0.0,0.0,"In the last two weeks, did this business use Artificial Intelligence (AI) in any of its business functions? (Examples of AI: machine learning, natural language processing, virtual agents, voice recognition, etc.)",No,AI current
107,8/10/2026 - 8/23/2026,,56,,,F,56.1,8.45,0.0,0.0,"In the last two weeks, did this business use Artificial Intelligence (AI) in any of its business functions? (Examples of AI: machine learning, natural language processing, virtual agents, voice recognition, etc.)",No,AI current
107,8/10/2026 - 8/23/2026,,56,,,A,71.6,1.55,0.0,0.0,"In the last two weeks, did this business use Artificial Intelligence (AI) in any of its business functions? (Examples of AI: machine learning, natural language processing, virtual agents, voice recognition, etc.)",No,AI current
107,8/10/2026 - 8/23/2026,,56,,,C,63.5,3.33,0.0,0.0,"In the last two weeks, did this business use Artificial Intelligence (AI) in any of its business functions? (Examples of AI: machine learning, natural language processing, virtual agents, voice recognition, etc.)",No,AI current
107,8/10/2026 - 8/23/2026,,56,,,D,66.5,4.21,0.0,0.0,"In the last two weeks, did this business use Artificial Intelligence (AI) in any of its business functions? (Examples of AI: machine learning, natural language processing, virtual agents, voice recognition, etc.)",No,AI current
107,8/10/2026 - 8/23/2026,,56,,,B,75.5,3.87,0.0,0.0,"In the last two weeks, did this business use Artificial Intelligence (AI) in any of its business functions? (Examples of AI: machine learning, natural language processing, virtual agents, voice recognition, etc.)",No,AI current
107,8/10/2026 - 8/23/2026,,56,,,E,57.8,10.26,0.0,0.0,"In the last two weeks, did this business use Artificial Intelligence (AI) in any of its business functions? (Examples of AI: machine learning, natural language processing, virtual agents, voice recognition, etc.)",No,AI current
107,8/10/2026 - 8/23/2026,,61,,,G,50.2,20.28,0.0,0.0,"In the last two weeks, did this business use Artificial Intelligence (AI) in any of its business functions? (Examples of AI: machine learning, natural language processing, virtual agents, voice recognition, etc.)",No,AI current
107,8/10/2026 - 8/23/2026,,61,,,E,57.8,9.83,0.0,0.0,"In the last two weeks, did this business use Artificial Intelligence (AI) in any of its business functions? (Examples of AI: machine learning, natural language processing, virtual agents, voice recognition, etc.)",No,AI current
107,8/10/2026 - 8/23/2026,,61,,,,57.7,1.83,0.0,0.0,"In the last two weeks, did this business use Artificial Intelligence (AI) in any of its business functions? (Examples of AI: machine learning, natural language processing, virtual agents, voice recognition, etc.)",No,AI current
107,8/10/2026 - 8/23/2026,,61,,,C,57.7,6.38,0.0,0.0,"In the last two weeks, did this business use Artificial Intelligence (AI) in any of its business functions? (Examples of AI: machine learning, natural language processing, virtual agents, voice recognition, etc.)",No,AI current
107,8/10/2026 - 8/23/2026,,61,,,B,71.7,5.47,0.0,0.0,"In the last two weeks, did this business use Artificial Intelligence (AI) in any of its business functions? (Examples of AI: machine learning, natural language processing, virtual agents, voice recognition, etc.)",No,AI current
107,8/10/2026 - 8/23/2026,,61,,,F,52.9,11.16,0.0,0.0,"In the last two weeks, did this business use Artificial Intelligence (AI) in any of its business functions? (Examples of AI: machine learning, natural language processing, virtual agents, voice recognition, etc.)",No,AI current
107,8/10/2026 - 8/23/2026,,61,,,A,56.6,4.3,0.0,0.0,"In the last two weeks, did this business use Artificial Intelligence (AI) in any of its business functions? (Examples of AI: machine learning, natural language processing, virtual agents, voice recognition, etc.)",No,AI current
107,8/10/2026 - 8/23/2026,,61,,,D,44.0,5.94,0.0,0.0,"In the last two weeks, did this business use Artificial Intelligence (AI) in any of its business functions? (Examples of AI: machine learning, natural language processing, virtual agents, voice recognition, etc.)",No,AI current
107,8/10/2026 - 8/23/2026,,62,,,,66.1,0.69,0.0,0.0,"In the last two weeks, did this business use Artificial Intelligence (AI) in any of its business functions? (Examples of AI: machine learning, natural language processing, virtual agents, voice recognition, etc.)",No,AI current
107,8/10/2026 - 8/23/2026,,62,,,A,68.8,1.25,0.0,0.0,"In the last two weeks, did this business use Artificial Intelligence (AI) in any of its business functions? (Examples of AI: machine learning, natural language processing, virtual agents, voice recognition, etc.)",No,AI current
107,8/10/2026 - 8/23/2026,,62,,,F,57.3,5.05,0.0,0.0,"In the last two weeks, did this business use Artificial Intelligence (AI) in any of its business functions? (Examples of AI: machine learning, natural language processing, virtual agents, voice recognition, etc.)",No,AI current
107,8/10/2026 - 8/23/2026,,62,,,B,66.6,2.17,0.0,0.0,"In the last two weeks, did this business use Artificial Intelligence (AI) in any of its business functions? (Examples of AI: machine learning, natural language processing, virtual agents, voice recognition, etc.)",No,AI current
107,8/10/2026 - 8/23/2026,,62,,,E,55.6,3.43,0.0,0.0,"In the last two weeks, did this business use Artificial Intelligence (AI) in any of its business functions? (Examples of AI: machine learning, natural language processing, virtual agents, voice recognition, etc.)",No,AI current
107,8/10/2026 - 8/23/2026,,62,,,C,61.8,1.54,0.0,0.0,"In the last two weeks, did this business use Artificial Intelligence (AI) in any of its business functions? (Examples of AI: machine learning, natural language processing, virtual agents, voice recognition, etc.)",No,AI current
107,8/10/2026 - 8/23/2026,,62,,,G,40.3,7.37,0.0,0.0,"In the last two weeks, did this business use Artificial Intelligence (AI) in any of its business functions? (Examples of AI: machine learning, natural language processing, virtual agents, voice recognition, etc.)",No,AI current
107,8/10/2026 - 8/23/2026,,62,,,D,64.5,1.76,0.0,0.0,"In the last two weeks, did this business use Artificial Intelligence (AI) in any of its business functions? (Examples of AI: machine learning, natural language processing, virtual agents, voice recognition, etc.)",No,AI current
107,8/10/2026 - 8/23/2026,,71,,,F,76.4,9.14,0.0,0.0,"In the last two weeks, did this business use Artificial Intelligence (AI) in any of its business functions? (Examples of AI: machine learning, natural language processing, virtual agents, voice recognition, etc.)",No,AI current
107,8/10/2026 - 8/23/2026,,71,,,D,76.4,2.92,0.0,0.0,"In the last two weeks, did this business use Artificial Intelligence (AI) in any of its business functions? (Examples of AI: machine learning, natural language processing, virtual agents, voice recognition, etc.)",No,AI current
107,8/10/2026 - 8/23/2026,,71,,,G,36.9,12.63,0.0,0.0,"In the last two weeks, did this business use Artificial Intelligence (AI) in any of its business functions? (Examples of AI: machine learning, natural language processing, virtual agents, voice recognition, etc.)",No,AI current
107,8/10/2026 - 8/23/2026,,71,,,,69.0,0.96,0.0,0.0,"In the last two weeks, did this business use Artificial Intelligence (AI) in any of its business functions? (Examples of AI: machine learning, natural language processing, virtual agents, voice recognition, etc.)",No,AI current
107,8/10/2026 - 8/23/2026,,71,,,A,69.4,1.35,0.0,0.0,"In the last two weeks, did this business use Artificial Intelligence (AI) in any of its business functions? (Examples of AI: machine learning, natural language processing, virtual agents, voice recognition, etc.)",No,AI current
107,8/10/2026 - 8/23/2026,,71,,,C,63.2,4.49,0.0,0.0,"In the last two weeks, did this business use Artificial Intelligence (AI) in any of its business functions? (Examples of AI: machine learning, natural language processing, virtual agents, voice recognition, etc.)",No,AI current
107,8/10/2026 - 8/23/2026,,71,,,E,63.7,9.73,0.0,0.0,"In the last two weeks, did this business use Artificial Intelligence (AI) in any of its business functions? (Examples of AI: machine learning, natural language processing, virtual agents, voice recognition, etc.)",No,AI current
107,8/10/2026 - 8/23/2026,,71,,,B,70.1,3.29,0.0,0.0,"In the last two weeks, did this business use Artificial Intelligence (AI) in any of its business functions? (Examples of AI: machine learning, natural language processing, virtual agents, voice recognition, etc.)",No,AI current
107,8/10/2026 - 8/23/2026,,72,,,E,76.8,3.4,0.0,0.0,"In the last two weeks, did this business use Artificial Intelligence (AI) in any of its business functions? (Examples of AI: machine learning, natural language processing, virtual agents, voice recognition, etc.)",No,AI current
107,8/10/2026 - 8/23/2026,,72,,,F,67.7,4.32,0.0,0.0,"In the last two weeks, did this business use Artificial Intelligence (AI) in any of its business functions? (Examples of AI: machine learning, natural language processing, virtual agents, voice recognition, etc.)",No,AI current
107,8/10/2026 - 8/23/2026,,72,,,C,80.5,2.34,0.0,0.0,"In the last two weeks, did this business use Artificial Intelligence (AI) in any of its business functions? (Examples of AI: machine learning, natural language processing, virtual agents, voice recognition, etc.)",No,AI current
107,8/10/2026 - 8/23/2026,,72,,,G,65.4,6.69,0.0,0.0,"In the last two weeks, did this business use Artificial Intelligence (AI) in any of its business functions? (Examples of AI: machine learning, natural language processing, virtual agents, voice recognition, etc.)",No,AI current
107,8/10/2026 - 8/23/2026,,72,,,D,77.3,1.97,0.0,0.0,"In the last two weeks, did this business use Artificial Intelligence (AI) in any of its business functions? (Examples of AI: machine learning, natural language processing, virtual agents, voice recognition, etc.)",No,AI current
107,8/10/2026 - 8/23/2026,,72,,,A,79.0,1.43,0.0,0.0,"In the last two weeks, did this business use Artificial Intelligence (AI) in any of its business functions? (Examples of AI: machine learning, natural language processing, virtual agents, voice recognition, etc.)",No,AI current
107,8/10/2026 - 8/23/2026,,72,,,,79.1,0.82,0.0,0.0,"In the last two weeks, did this business use Artificial Intelligence (AI) in any of its business functions? (Examples of AI: machine learning, natural language processing, virtual agents, voice recognition, etc.)",No,AI current
107,8/10/2026 - 8/23/2026,,72,,,B,81.0,2.44,0.0,0.0,"In the last two weeks, did this business use Artificial Intelligence (AI) in any of its business functions? (Examples of AI: machine learning, natural language processing, virtual agents, voice recognition, etc.)",No,AI current
107,8/10/2026 - 8/23/2026,,81,,,D,69.6,5.44,0.0,0.0,"In the last two weeks, did this business use Artificial Intelligence (AI) in any of its business functions? (Examples of AI: machine learning, natural language processing, virtual agents, voice recognition, etc.)",No,AI current
107,8/10/2026 - 8/23/2026,,81,,,,78.8,1.15,0.0,0.0,"In the last two weeks, did this business use Artificial Intelligence (AI) in any of its business functions? (Examples of AI: machine learning, natural language processing, virtual agents, voice recognition, etc.)",No,AI current
107,8/10/2026 - 8/23/2026,,81,,,A,79.9,1.3,0.0,0.0,"In the last two weeks, did this business use Artificial Intelligence (AI) in any of its business functions? (Examples of AI: machine learning, natural language processing, virtual agents, voice recognition, etc.)",No,AI current
107,8/10/2026 - 8/23/2026,,81,,,F,59.1,27.59,0.0,0.0,"In the last two weeks, did this business use Artificial Intelligence (AI) in any of its business functions? (Examples of AI: machine learning, natural language processing, virtual agents, voice recognition, etc.)",No,AI current
107,8/10/2026 - 8/23/2026,,81,,,B,80.4,1.88,0.0,0.0,"In the last two weeks, did this business use Artificial Intelligence (AI) in any of its business functions? (Examples of AI: machine learning, natural language processing, virtual agents, voice recognition, etc.)",No,AI current
107,8/10/2026 - 8/23/2026,,81,,,G,,,0.0,0.0,"In the last two weeks, did this business use Artificial Intelligence (AI) in any of its business functions? (Examples of AI: machine learning, natural language processing, virtual agents, voice recognition, etc.)",No,AI current
107,8/10/2026 - 8/23/2026,,81,,,C,72.0,3.47,0.0,0.0,"In the last two weeks, did this business use Artificial Intelligence (AI) in any of its business functions? (Examples of AI: machine learning, natural language processing, virtual agents, voice recognition, etc.)",No,AI current
107,8/10/2026 - 8/23/2026,,81,,,E,67.0,11.49,0.0,0.0,"In the last two weeks, did this business use Artificial Intelligence (AI) in any of its business functions? (Examples of AI: machine learning, natural language processing, virtual agents, voice recognition, etc.)",No,AI current
107,8/10/2026 - 8/23/2026,,XX,,,D,62.6,5.08,0.0,0.0,"In the last two weeks, did this business use Artificial Intelligence (AI) in any of its business functions? (Examples of AI: machine learning, natural language processing, virtual agents, voice recognition, etc.)",No,AI current
107,8/10/2026 - 8/23/2026,,XX,,,C,61.7,10.78,0.0,0.0,"In the last two weeks, did this business use Artificial Intelligence (AI) in any of its business functions? (Examples of AI: machine learning, natural language processing, virtual agents, voice recognition, etc.)",No,AI current
107,8/10/2026 - 8/23/2026,,XX,,,B,77.7,14.55,0.0,0.0,"In the last two weeks, did this business use Artificial Intelligence (AI) in any of its business functions? (Examples of AI: machine learning, natural language processing, virtual agents, voice recognition, etc.)",No,AI current
107,8/10/2026 - 8/23/2026,,XX,,,G,31.0,3.1,0.0,0.0,"In the last two weeks, did this business use Artificial Intelligence (AI) in any of its business functions? (Examples of AI: machine learning, natural language processing, virtual agents, voice recognition, etc.)",No,AI current
107,8/10/2026 - 8/23/2026,,XX,,,E,65.7,5.22,0.0,0.0,"In the last two weeks, did this business use Artificial Intelligence (AI) in any of its business functions? (Examples of AI: machine learning, natural language processing, virtual agents, voice recognition, etc.)",No,AI current
107,8/10/2026 - 8/23/2026,,XX,,,A,,,0.0,0.0,"In the last two weeks, did this business use Artificial Intelligence (AI) in any of its business functions? (Examples of AI: machine learning, natural language processing, virtual agents, voice recognition, etc.)",No,AI current
107,8/10/2026 - 8/23/2026,,XX,,,,48.9,1.6,0.0,0.0,"In the last two weeks, did this business use Artificial Intelligence (AI) in any of its business functions? (Examples of AI: machine learning, natural language processing, virtual agents, voice recognition, etc.)",No,AI current
107,8/10/2026 - 8/23/2026,,XX,,,F,39.6,5.04,0.0,0.0,"In the last two weeks, did this business use Artificial Intelligence (AI) in any of its business functions? (Examples of AI: machine learning, natural language processing, virtual agents, voice recognition, etc.)",No,AI current
107,8/10/2026 - 8/23/2026,,,,113,,89.7,7.2,0.0,0.0,"In the last two weeks, did this business use Artificial Intelligence (AI) in any of its business functions? (Examples of AI: machine learning, natural language processing, virtual agents, voice recognition, etc.)",No,AI current
107,8/10/2026 - 8/23/2026,,,,114,,100.0,0.0,0.0,0.0,"In the last two weeks, did this business use Artificial Intelligence (AI) in any of its business functions? (Examples of AI: machine learning, natural language processing, virtual agents, voice recognition, etc.)",No,AI current
107,8/10/2026 - 8/23/2026,,,,115,,86.8,6.91,0.0,0.0,"In the last two weeks, did this business use Artificial Intelligence (AI) in any of its business functions? (Examples of AI: machine learning, natural language processing, virtual agents, voice recognition, etc.)",No,AI current
107,8/10/2026 - 8/23/2026,,,,211,,91.2,7.31,0.0,0.0,"In the last two weeks, did this business use Artificial Intelligence (AI) in any of its business functions? (Examples of AI: machine learning, natural language processing, virtual agents, voice recognition, etc.)",No,AI current
107,8/10/2026 - 8/23/2026,,,,212,,78.2,11.07,0.0,0.0,"In the last two weeks, did this business use Artificial Intelligence (AI) in any of its business functions? (Examples of AI: machine learning, natural language processing, virtual agents, voice recognition, etc.)",No,AI current
107,8/10/2026 - 8/23/2026,,,,213,,81.1,7.08,0.0,0.0,"In the last two weeks, did this business use Artificial Intelligence (AI) in any of its business functions? (Examples of AI: machine learning, natural language processing, virtual agents, voice recognition, etc.)",No,AI current
107,8/10/2026 - 8/23/2026,,,,221,,66.2,7.77,0.0,0.0,"In the last two weeks, did this business use Artificial Intelligence (AI) in any of its business functions? (Examples of AI: machine learning, natural language processing, virtual agents, voice recognition, etc.)",No,AI current
107,8/10/2026 - 8/23/2026,,,,236,,72.5,1.23,0.0,0.0,"In the last two weeks, did this business use Artificial Intelligence (AI) in any of its business functions? (Examples of AI: machine learning, natural language processing, virtual agents, voice recognition, etc.)",No,AI current
107,8/10/2026 - 8/23/2026,,,,237,,77.6,4.66,0.0,0.0,"In the last two weeks, did this business use Artificial Intelligence (AI) in any of its business functions? (Examples of AI: machine learning, natural language processing, virtual agents, voice recognition, etc.)",No,AI current
107,8/10/2026 - 8/23/2026,,,,238,,81.6,1.39,0.0,0.0,"In the last two weeks, did this business use Artificial Intelligence (AI) in any of its business functions? (Examples of AI: machine learning, natural language processing, virtual agents, voice recognition, etc.)",No,AI current
107,8/10/2026 - 8/23/2026,,,,23X,,,,0.0,0.0,"In the last two weeks, did this business use Artificial Intelligence (AI) in any of its business functions? (Examples of AI: machine learning, natural language processing, virtual agents, voice recognition, etc.)",No,AI current
107,8/10/2026 - 8/23/2026,,,,311,,75.5,4.94,0.0,0.0,"In the last two weeks, did this business use Artificial Intelligence (AI) in any of its business functions? (Examples of AI: machine learning, natural language processing, virtual agents, voice recognition, etc.)",No,AI current
107,8/10/2026 - 8/23/2026,,,,312,,59.8,6.03,0.0,0.0,"In the last two weeks, did this business use Artificial Intelligence (AI) in any of its business functions? (Examples of AI: machine learning, natural language processing, virtual agents, voice recognition, etc.)",No,AI current
107,8/10/2026 - 8/23/2026,,,,313,,88.5,11.91,0.0,0.0,"In the last two weeks, did this business use Artificial Intelligence (AI) in any of its business functions? (Examples of AI: machine learning, natural language processing, virtual agents, voice recognition, etc.)",No,AI current
107,8/10/2026 - 8/23/2026,,,,314,,52.3,4.78,0.0,0.0,"In the last two weeks, did this business use Artificial Intelligence (AI) in any of its business functions? (Examples of AI: machine learning, natural language processing, virtual agents, voice recognition, etc.)",No,AI current
107,8/10/2026 - 8/23/2026,,,,315,,79.0,10.85,0.0,0.0,"In the last two weeks, did this business use Artificial Intelligence (AI) in any of its business functions? (Examples of AI: machine learning, natural language processing, virtual agents, voice recognition, etc.)",No,AI current
107,8/10/2026 - 8/23/2026,,,,316,,60.1,28.12,0.0,0.0,"In the last two weeks, did this business use Artificial Intelligence (AI) in any of its business functions? (Examples of AI: machine learning, natural language processing, virtual agents, voice recognition, etc.)",No,AI current
107,8/10/2026 - 8/23/2026,,,,31X,,47.8,10.8,0.0,0.0,"In the last two weeks, did this business use Artificial Intelligence (AI) in any of its business functions? (Examples of AI: machine learning, natural language processing, virtual agents, voice recognition, etc.)",No,AI current
107,8/10/2026 - 8/23/2026,,,,321,,84.2,5.52,0.0,0.0,"In the last two weeks, did this business use Artificial Intelligence (AI) in any of its business functions? (Examples of AI: machine learning, natural language processing, virtual agents, voice recognition, etc.)",No,AI current
107,8/10/2026 - 8/23/2026,,,,322,,83.9,10.87,0.0,0.0,"In the last two weeks, did this business use Artificial Intelligence (AI) in any of its business functions? (Examples of AI: machine learning, natural language processing, virtual agents, voice recognition, etc.)",No,AI current
107,8/10/2026 - 8/23/2026,,,,323,,69.8,2.87,0.0,0.0,"In the last two weeks, did this business use Artificial Intelligence (AI) in any of its business functions? (Examples of AI: machine learning, natural language processing, virtual agents, voice recognition, etc.)",No,AI current
107,8/10/2026 - 8/23/2026,,,,324,,100.0,0.0,0.0,0.0,"In the last two weeks, did this business use Artificial Intelligence (AI) in any of its business functions? (Examples of AI: machine learning, natural language processing, virtual agents, voice recognition, etc.)",No,AI current
107,8/10/2026 - 8/23/2026,,,,325,,59.3,5.91,0.0,0.0,"In the last two weeks, did this business use Artificial Intelligence (AI) in any of its business functions? (Examples of AI: machine learning, natural language processing, virtual agents, voice recognition, etc.)",No,AI current
107,8/10/2026 - 8/23/2026,,,,326,,79.6,5.6,0.0,0.0,"In the last two weeks, did this business use Artificial Intelligence (AI) in any of its business functions? (Examples of AI: machine learning, natural language processing, virtual agents, voice recognition, etc.)",No,AI current
107,8/10/2026 - 8/23/2026,,,,327,,76.8,7.53,0.0,0.0,"In the last two weeks, did this business use Artificial Intelligence (AI) in any of its business functions? (Examples of AI: machine learning, natural language processing, virtual agents, voice recognition, etc.)",No,AI current
107,8/10/2026 - 8/23/2026,,,,331,,87.2,4.58,0.0,0.0,"In the last two weeks, did this business use Artificial Intelligence (AI) in any of its business functions? (Examples of AI: machine learning, natural language processing, virtual agents, voice recognition, etc.)",No,AI current
107,8/10/2026 - 8/23/2026,,,,332,,78.8,1.9,0.0,0.0,"In the last two weeks, did this business use Artificial Intelligence (AI) in any of its business functions? (Examples of AI: machine learning, natural language processing, virtual agents, voice recognition, etc.)",No,AI current
107,8/10/2026 - 8/23/2026,,,,333,,65.2,6.99,0.0,0.0,"In the last two weeks, did this business use Artificial Intelligence (AI) in any of its business functions? (Examples of AI: machine learning, natural language processing, virtual agents, voice recognition, etc.)",No,AI current
107,8/10/2026 - 8/23/2026,,,,334,,53.1,6.1,0.0,0.0,"In the last two weeks, did this business use Artificial Intelligence (AI) in any of its business functions? (Examples of AI: machine learning, natural language processing, virtual agents, voice recognition, etc.)",No,AI current
107,8/10/2026 - 8/23/2026,,,,335,,54.1,9.13,0.0,0.0,"In the last two weeks, did this business use Artificial Intelligence (AI) in any of its business functions? (Examples of AI: machine learning, natural language processing, virtual agents, voice recognition, etc.)",No,AI current
107,8/10/2026 - 8/23/2026,,,,336,,66.7,3.27,0.0,0.0,"In the last two weeks, did this business use Artificial Intelligence (AI) in any of its business functions? (Examples of AI: machine learning, natural language processing, virtual agents, voice recognition, etc.)",No,AI current
107,8/10/2026 - 8/23/2026,,,,337,,76.2,4.66,0.0,0.0,"In the last two weeks, did this business use Artificial Intelligence (AI) in any of its business functions? (Examples of AI: machine learning, natural language processing, virtual agents, voice recognition, etc.)",No,AI current
107,8/10/2026 - 8/23/2026,,,,339,,68.3,4.34,0.0,0.0,"In the last two weeks, did this business use Artificial Intelligence (AI) in any of its business functions? (Examples of AI: machine learning, natural language processing, virtual agents, voice recognition, etc.)",No,AI current
107,8/10/2026 - 8/23/2026,,,,423,,73.1,1.64,0.0,0.0,"In the last two weeks, did this business use Artificial Intelligence (AI) in any of its business functions? (Examples of AI: machine learning, natural language processing, virtual agents, voice recognition, etc.)",No,AI current
107,8/10/2026 - 8/23/2026,,,,424,,70.6,1.83,0.0,0.0,"In the last two weeks, did this business use Artificial Intelligence (AI) in any of its business functions? (Examples of AI: machine learning, natural language processing, virtual agents, voice recognition, etc.)",No,AI current
107,8/10/2026 - 8/23/2026,,,,425,,73.6,2.43,0.0,0.0,"In the last two weeks, did this business use Artificial Intelligence (AI) in any of its business functions? (Examples of AI: machine learning, natural language processing, virtual agents, voice recognition, etc.)",No,AI current
107,8/10/2026 - 8/23/2026,,,,42X,,,,0.0,0.0,"In the last two weeks, did this business use Artificial Intelligence (AI) in any of its business functions? (Examples of AI: machine learning, natural language processing, virtual agents, voice recognition, etc.)",No,AI current
107,8/10/2026 - 8/23/2026,,,,440,,,,0.0,0.0,"In the last two weeks, did this business use Artificial Intelligence (AI) in any of its business functions? (Examples of AI: machine learning, natural language processing, virtual agents, voice recognition, etc.)",No,AI current
107,8/10/2026 - 8/23/2026,,,,441,,70.9,2.76,0.0,0.0,"In the last two weeks, did this business use Artificial Intelligence (AI) in any of its business functions? (Examples of AI: machine learning, natural language processing, virtual agents, voice recognition, etc.)",No,AI current
107,8/10/2026 - 8/23/2026,,,,444,,81.9,2.57,0.0,0.0,"In the last two weeks, did this business use Artificial Intelligence (AI) in any of its business functions? (Examples of AI: machine learning, natural language processing, virtual agents, voice recognition, etc.)",No,AI current
107,8/10/2026 - 8/23/2026,,,,445,,81.5,2.35,0.0,0.0,"In the last two weeks, did this business use Artificial Intelligence (AI) in any of its business functions? (Examples of AI: machine learning, natural language processing, virtual agents, voice recognition, etc.)",No,AI current
107,8/10/2026 - 8/23/2026,,,,449,,75.6,3.4,0.0,0.0,"In the last two weeks, did this business use Artificial Intelligence (AI) in any of its business functions? (Examples of AI: machine learning, natural language processing, virtual agents, voice recognition, etc.)",No,AI current
107,8/10/2026 - 8/23/2026,,,,44X,,60.5,21.35,0.0,0.0,"In the last two weeks, did this business use Artificial Intelligence (AI) in any of its business functions? (Examples of AI: machine learning, natural language processing, virtual agents, voice recognition, etc.)",No,AI current
107,8/10/2026 - 8/23/2026,,,,450,,,,0.0,0.0,"In the last two weeks, did this business use Artificial Intelligence (AI) in any of its business functions? (Examples of AI: machine learning, natural language processing, virtual agents, voice recognition, etc.)",No,AI current
107,8/10/2026 - 8/23/2026,,,,455,,52.4,7.4,0.0,0.0,"In the last two weeks, did this business use Artificial Intelligence (AI) in any of its business functions? (Examples of AI: machine learning, natural language processing, virtual agents, voice recognition, etc.)",No,AI current
107,8/10/2026 - 8/23/2026,,,,456,,74.1,3.77,0.0,0.0,"In the last two weeks, did this business use Artificial Intelligence (AI) in any of its business functions? (Examples of AI: machine learning, natural language processing, virtual agents, voice recognition, etc.)",No,AI current
107,8/10/2026 - 8/23/2026,,,,457,,85.4,2.73,0.0,0.0,"In the last two weeks, did this business use Artificial Intelligence (AI) in any of its business functions? (Examples of AI: machine learning, natural language processing, virtual agents, voice recognition, etc.)",No,AI current
107,8/10/2026 - 8/23/2026,,,,458,,66.4,2.67,0.0,0.0,"In the last two weeks, did this business use Artificial Intelligence (AI) in any of its business functions? (Examples of AI: machine learning, natural language processing, virtual agents, voice recognition, etc.)",No,AI current
107,8/10/2026 - 8/23/2026,,,,459,,74.8,1.63,0.0,0.0,"In the last two weeks, did this business use Artificial Intelligence (AI) in any of its business functions? (Examples of AI: machine learning, natural language processing, virtual agents, voice recognition, etc.)",No,AI current
107,8/10/2026 - 8/23/2026,,,,481,,60.5,17.6,0.0,0.0,"In the last two weeks, did this business use Artificial Intelligence (AI) in any of its business functions? (Examples of AI: machine learning, natural language processing, virtual agents, voice recognition, etc.)",No,AI current
107,8/10/2026 - 8/23/2026,,,,483,,55.0,25.27,0.0,0.0,"In the last two weeks, did this business use Artificial Intelligence (AI) in any of its business functions? (Examples of AI: machine learning, natural language processing, virtual agents, voice recognition, etc.)",No,AI current
107,8/10/2026 - 8/23/2026,,,,484,,81.0,1.41,0.0,0.0,"In the last two weeks, did this business use Artificial Intelligence (AI) in any of its business functions? (Examples of AI: machine learning, natural language processing, virtual agents, voice recognition, etc.)",No,AI current
107,8/10/2026 - 8/23/2026,,,,485,,84.4,4.04,0.0,0.0,"In the last two weeks, did this business use Artificial Intelligence (AI) in any of its business functions? (Examples of AI: machine learning, natural language processing, virtual agents, voice recognition, etc.)",No,AI current
107,8/10/2026 - 8/23/2026,,,,487,,67.1,10.49,0.0,0.0,"In the last two weeks, did this business use Artificial Intelligence (AI) in any of its business functions? (Examples of AI: machine learning, natural language processing, virtual agents, voice recognition, etc.)",No,AI current
107,8/10/2026 - 8/23/2026,,,,488,,79.4,3.38,0.0,0.0,"In the last two weeks, did this business use Artificial Intelligence (AI) in any of its business functions? (Examples of AI: machine learning, natural language processing, virtual agents, voice recognition, etc.)",No,AI current
107,8/10/2026 - 8/23/2026,,,,48X,,,,0.0,0.0,"In the last two weeks, did this business use Artificial Intelligence (AI) in any of its business functions? (Examples of AI: machine learning, natural language processing, virtual agents, voice recognition, etc.)",No,AI current
107,8/10/2026 - 8/23/2026,,,,492,,79.7,6.87,0.0,0.0,"In the last two weeks, did this business use Artificial Intelligence (AI) in any of its business functions? (Examples of AI: machine learning, natural language processing, virtual agents, voice recognition, etc.)",No,AI current
107,8/10/2026 - 8/23/2026,,,,493,,77.9,6.03,0.0,0.0,"In the last two weeks, did this business use Artificial Intelligence (AI) in any of its business functions? (Examples of AI: machine learning, natural language processing, virtual agents, voice recognition, etc.)",No,AI current
107,8/10/2026 - 8/23/2026,,,,512,,52.2,4.78,0.0,0.0,"In the last two weeks, did this business use Artificial Intelligence (AI) in any of its business functions? (Examples of AI: machine learning, natural language processing, virtual agents, voice recognition, etc.)",No,AI current
107,8/10/2026 - 8/23/2026,,,,513,,32.1,4.66,0.0,0.0,"In the last two weeks, did this business use Artificial Intelligence (AI) in any of its business functions? (Examples of AI: machine learning, natural language processing, virtual agents, voice recognition, etc.)",No,AI current
107,8/10/2026 - 8/23/2026,,,,516,,45.8,10.8,0.0,0.0,"In the last two weeks, did this business use Artificial Intelligence (AI) in any of its business functions? (Examples of AI: machine learning, natural language processing, virtual agents, voice recognition, etc.)",No,AI current
107,8/10/2026 - 8/23/2026,,,,517,,55.9,5.05,0.0,0.0,"In the last two weeks, did this business use Artificial Intelligence (AI) in any of its business functions? (Examples of AI: machine learning, natural language processing, virtual agents, voice recognition, etc.)",No,AI current
107,8/10/2026 - 8/23/2026,,,,518,,34.0,3.27,0.0,0.0,"In the last two weeks, did this business use Artificial Intelligence (AI) in any of its business functions? (Examples of AI: machine learning, natural language processing, virtual agents, voice recognition, etc.)",No,AI current
107,8/10/2026 - 8/23/2026,,,,519,,71.0,10.54,0.0,0.0,"In the last two weeks, did this business use Artificial Intelligence (AI) in any of its business functions? (Examples of AI: machine learning, natural language processing, virtual agents, voice recognition, etc.)",No,AI current
107,8/10/2026 - 8/23/2026,,,,51X,,,,0.0,0.0,"In the last two weeks, did this business use Artificial Intelligence (AI) in any of its business functions? (Examples of AI: machine learning, natural language processing, virtual agents, voice recognition, etc.)",No,AI current
107,8/10/2026 - 8/23/2026,,,,520,,,,0.0,0.0,"In the last two weeks, did this business use Artificial Intelligence (AI) in any of its business functions? (Examples of AI: machine learning, natural language processing, virtual agents, voice recognition, etc.)",No,AI current
107,8/10/2026 - 8/23/2026,,,,522,,59.3,6.23,0.0,0.0,"In the last two weeks, did this business use Artificial Intelligence (AI) in any of its business functions? (Examples of AI: machine learning, natural language processing, virtual agents, voice recognition, etc.)",No,AI current
107,8/10/2026 - 8/23/2026,,,,523,,41.3,1.9,0.0,0.0,"In the last two weeks, did this business use Artificial Intelligence (AI) in any of its business functions? (Examples of AI: machine learning, natural language processing, virtual agents, voice recognition, etc.)",No,AI current
107,8/10/2026 - 8/23/2026,,,,524,,55.9,1.98,0.0,0.0,"In the last two weeks, did this business use Artificial Intelligence (AI) in any of its business functions? (Examples of AI: machine learning, natural language processing, virtual agents, voice recognition, etc.)",No,AI current
107,8/10/2026 - 8/23/2026,,,,52X,,,,0.0,0.0,"In the last two weeks, did this business use Artificial Intelligence (AI) in any of its business functions? (Examples of AI: machine learning, natural language processing, virtual agents, voice recognition, etc.)",No,AI current
107,8/10/2026 - 8/23/2026,,,,531,,57.9,2.04,0.0,0.0,"In the last two weeks, did this business use Artificial Intelligence (AI) in any of its business functions? (Examples of AI: machine learning, natural language processing, virtual agents, voice recognition, etc.)",No,AI current
107,8/10/2026 - 8/23/2026,,,,532,,78.9,4.12,0.0,0.0,"In the last two weeks, did this business use Artificial Intelligence (AI) in any of its business functions? (Examples of AI: machine learning, natural language processing, virtual agents, voice recognition, etc.)",No,AI current
107,8/10/2026 - 8/23/2026,,,,533,,81.9,7.46,0.0,0.0,"In the last two weeks, did this business use Artificial Intelligence (AI) in any of its business functions? (Examples of AI: machine learning, natural language processing, virtual agents, voice recognition, etc.)",No,AI current
107,8/10/2026 - 8/23/2026,,,,541,,50.3,1.04,0.0,0.0,"In the last two weeks, did this business use Artificial Intelligence (AI) in any of its business functions? (Examples of AI: machine learning, natural language processing, virtual agents, voice recognition, etc.)",No,AI current
107,8/10/2026 - 8/23/2026,,,,551,,66.0,10.68,0.0,0.0,"In the last two weeks, did this business use Artificial Intelligence (AI) in any of its business functions? (Examples of AI: machine learning, natural language processing, virtual agents, voice recognition, etc.)",No,AI current
107,8/10/2026 - 8/23/2026,,,,561,,70.6,1.78,0.0,0.0,"In the last two weeks, did this business use Artificial Intelligence (AI) in any of its business functions? (Examples of AI: machine learning, natural language processing, virtual agents, voice recognition, etc.)",No,AI current
107,8/10/2026 - 8/23/2026,,,,562,,65.0,5.75,0.0,0.0,"In the last two weeks, did this business use Artificial Intelligence (AI) in any of its business functions? (Examples of AI: machine learning, natural language processing, virtual agents, voice recognition, etc.)",No,AI current
107,8/10/2026 - 8/23/2026,,,,611,,57.7,1.83,0.0,0.0,"In the last two weeks, did this business use Artificial Intelligence (AI) in any of its business functions? (Examples of AI: machine learning, natural language processing, virtual agents, voice recognition, etc.)",No,AI current
107,8/10/2026 - 8/23/2026,,,,621,,65.6,1.15,0.0,0.0,"In the last two weeks, did this business use Artificial Intelligence (AI) in any of its business functions? (Examples of AI: machine learning, natural language processing, virtual agents, voice recognition, etc.)",No,AI current
107,8/10/2026 - 8/23/2026,,,,622,,,,0.0,0.0,"In the last two weeks, did this business use Artificial Intelligence (AI) in any of its business functions? (Examples of AI: machine learning, natural language processing, virtual agents, voice recognition, etc.)",No,AI current
107,8/10/2026 - 8/23/2026,,,,623,,71.2,4.02,0.0,0.0,"In the last two weeks, did this business use Artificial Intelligence (AI) in any of its business functions? (Examples of AI: machine learning, natural language processing, virtual agents, voice recognition, etc.)",No,AI current
107,8/10/2026 - 8/23/2026,,,,624,,67.9,1.99,0.0,0.0,"In the last two weeks, did this business use Artificial Intelligence (AI) in any of its business functions? (Examples of AI: machine learning, natural language processing, virtual agents, voice recognition, etc.)",No,AI current
107,8/10/2026 - 8/23/2026,,,,62X,,49.5,11.37,0.0,0.0,"In the last two weeks, did this business use Artificial Intelligence (AI) in any of its business functions? (Examples of AI: machine learning, natural language processing, virtual agents, voice recognition, etc.)",No,AI current
107,8/10/2026 - 8/23/2026,,,,711,,64.6,2.19,0.0,0.0,"In the last two weeks, did this business use Artificial Intelligence (AI) in any of its business functions? (Examples of AI: machine learning, natural language processing, virtual agents, voice recognition, etc.)",No,AI current
107,8/10/2026 - 8/23/2026,,,,712,,64.3,5.34,0.0,0.0,"In the last two weeks, did this business use Artificial Intelligence (AI) in any of its business functions? (Examples of AI: machine learning, natural language processing, virtual agents, voice recognition, etc.)",No,AI current
107,8/10/2026 - 8/23/2026,,,,713,,75.6,2.01,0.0,0.0,"In the last two weeks, did this business use Artificial Intelligence (AI) in any of its business functions? (Examples of AI: machine learning, natural language processing, virtual agents, voice recognition, etc.)",No,AI current
107,8/10/2026 - 8/23/2026,,,,721,,74.1,4.32,0.0,0.0,"In the last two weeks, did this business use Artificial Intelligence (AI) in any of its business functions? (Examples of AI: machine learning, natural language processing, virtual agents, voice recognition, etc.)",No,AI current
107,8/10/2026 - 8/23/2026,,,,722,,79.9,0.8,0.0,0.0,"In the last two weeks, did this business use Artificial Intelligence (AI) in any of its business functions? (Examples of AI: machine learning, natural language processing, virtual agents, voice recognition, etc.)",No,AI current
107,8/10/2026 - 8/23/2026,,,,72X,,,,0.0,0.0,"In the last two weeks, did this business use Artificial Intelligence (AI) in any of its business functions? (Examples of AI: machine learning, natural language processing, virtual agents, voice recognition, etc.)",No,AI current
107,8/10/2026 - 8/23/2026,,,,810,,,,0.0,0.0,"In the last two weeks, did this business use Artificial Intelligence (AI) in any of its business functions? (Examples of AI: machine learning, natural language processing, virtual agents, voice recognition, etc.)",No,AI current
107,8/10/2026 - 8/23/2026,,,,811,,80.7,1.49,0.0,0.0,"In the last two weeks, did this business use Artificial Intelligence (AI) in any of its business functions? (Examples of AI: machine learning, natural language processing, virtual agents, voice recognition, etc.)",No,AI current
107,8/10/2026 - 8/23/2026,,,,812,,76.4,1.48,0.0,0.0,"In the last two weeks, did this business use Artificial Intelligence (AI) in any of its business functions? (Examples of AI: machine learning, natural language processing, virtual agents, voice recognition, etc.)",No,AI current
107,8/10/2026 - 8/23/2026,,,,XXX,,48.9,1.6,0.0,0.0,"In the last two weeks, did this business use Artificial Intelligence (AI) in any of its business functions? (Examples of AI: machine learning, natural language processing, virtual agents, voice recognition, etc.)",No,AI current
107,8/10/2026 - 8/23/2026,,,12060.0,,,61.4,2.24,0.0,0.0,"In the last two weeks, did this business use Artificial Intelligence (AI) in any of its business functions? (Examples of AI: machine learning, natural language processing, virtual agents, voice recognition, etc.)",No,AI current
107,8/10/2026 - 8/23/2026,,,12580.0,,,63.3,3.13,0.0,0.0,"In the last two weeks, did this business use Artificial Intelligence (AI) in any of its business functions? (Examples of AI: machine learning, natural language processing, virtual agents, voice recognition, etc.)",No,AI current
107,8/10/2026 - 8/23/2026,,,14460.0,,,70.4,2.97,0.0,0.0,"In the last two weeks, did this business use Artificial Intelligence (AI) in any of its business functions? (Examples of AI: machine learning, natural language processing, virtual agents, voice recognition, etc.)",No,AI current
107,8/10/2026 - 8/23/2026,,,16740.0,,,66.3,4.52,0.0,0.0,"In the last two weeks, did this business use Artificial Intelligence (AI) in any of its business functions? (Examples of AI: machine learning, natural language processing, virtual agents, voice recognition, etc.)",No,AI current
107,8/10/2026 - 8/23/2026,,,16980.0,,,70.0,1.88,0.0,0.0,"In the last two weeks, did this business use Artificial Intelligence (AI) in any of its business functions? (Examples of AI: machine learning, natural language processing, virtual agents, voice recognition, etc.)",No,AI current
107,8/10/2026 - 8/23/2026,,,19100.0,,,59.6,1.85,0.0,0.0,"In the last two weeks, did this business use Artificial Intelligence (AI) in any of its business functions? (Examples of AI: machine learning, natural language processing, virtual agents, voice recognition, etc.)",No,AI current
107,8/10/2026 - 8/23/2026,,,19740.0,,,57.9,2.91,0.0,0.0,"In the last two weeks, did this business use Artificial Intelligence (AI) in any of its business functions? (Examples of AI: machine learning, natural language processing, virtual agents, voice recognition, etc.)",No,AI current
107,8/10/2026 - 8/23/2026,,,19820.0,,,68.5,2.99,0.0,0.0,"In the last two weeks, did this business use Artificial Intelligence (AI) in any of its business functions? (Examples of AI: machine learning, natural language processing, virtual agents, voice recognition, etc.)",No,AI current
107,8/10/2026 - 8/23/2026,,,26420.0,,,66.6,2.32,0.0,0.0,"In the last two weeks, did this business use Artificial Intelligence (AI) in any of its business functions? (Examples of AI: machine learning, natural language processing, virtual agents, voice recognition, etc.)",No,AI current
107,8/10/2026 - 8/23/2026,,,31080.0,,,65.7,1.05,0.0,0.0,"In the last two weeks, did this business use Artificial Intelligence (AI) in any of its business functions? (Examples of AI: machine learning, natural language processing, virtual agents, voice recognition, etc.)",No,AI current
107,8/10/2026 - 8/23/2026,,,33100.0,,,61.9,1.74,0.0,0.0,"In the last two weeks, did this business use Artificial Intelligence (AI) in any of its business functions? (Examples of AI: machine learning, natural language processing, virtual agents, voice recognition, etc.)",No,AI current
107,8/10/2026 - 8/23/2026,,,33460.0,,,59.1,3.7,0.0,0.0,"In the last two weeks, did this business use Artificial Intelligence (AI) in any of its business functions? (Examples of AI: machine learning, natural language processing, virtual agents, voice recognition, etc.)",No,AI current
107,8/10/2026 - 8/23/2026,,,35620.0,,,69.2,0.9,0.0,0.0,"In the last two weeks, did this business use Artificial Intelligence (AI) in any of its business functions? (Examples of AI: machine learning, natural language processing, virtual agents, voice recognition, etc.)",No,AI current
107,8/10/2026 - 8/23/2026,,,36740.0,,,62.9,4.49,0.0,0.0,"In the last two weeks, did this business use Artificial Intelligence (AI) in any of its business functions? (Examples of AI: machine learning, natural language processing, virtual agents, voice recognition, etc.)",No,AI current
107,8/10/2026 - 8/23/2026,,,37980.0,,,66.5,1.27,0.0,0.0,"In the last two weeks, did this business use Artificial Intelligence (AI) in any of its business functions? (Examples of AI: machine learning, natural language processing, virtual agents, voice recognition, etc.)",No,AI current
107,8/10/2026 - 8/23/2026,,,38060.0,,,72.6,3.08,0.0,0.0,"In the last two weeks, did this business use Artificial Intelligence (AI) in any of its business functions? (Examples of AI: machine learning, natural language processing, virtual agents, voice recognition, etc.)",No,AI current
107,8/10/2026 - 8/23/2026,,,38900.0,,,62.4,2.13,0.0,0.0,"In the last two weeks, did this business use Artificial Intelligence (AI) in any of its business functions? (Examples of AI: machine learning, natural language processing, virtual agents, voice recognition, etc.)",No,AI current
107,8/10/2026 - 8/23/2026,,,40140.0,,,69.4,2.84,0.0,0.0,"In the last two weeks, did this business use Artificial Intelligence (AI) in any of its business functions? (Examples of AI: machine learning, natural language processing, virtual agents, voice recognition, etc.)",No,AI current
107,8/10/2026 - 8/23/2026,,,41180.0,,,74.1,1.79,0.0,0.0,"In the last two weeks, did this business use Artificial Intelligence (AI) in any of its business functions? (Examples of AI: machine learning, natural language processing, virtual agents, voice recognition, etc.)",No,AI current
107,8/10/2026 - 8/23/2026,,,41700.0,,,67.3,4.82,0.0,0.0,"In the last two weeks, did this business use Artificial Intelligence (AI) in any of its business functions? (Examples of AI: machine learning, natural language processing, virtual agents, voice recognition, etc.)",No,AI current
107,8/10/2026 - 8/23/2026,,,41740.0,,,55.0,4.04,0.0,0.0,"In the last two weeks, did this business use Artificial Intelligence (AI) in any of its business functions? (Examples of AI: machine learning, natural language processing, virtual agents, voice recognition, etc.)",No,AI current
107,8/10/2026 - 8/23/2026,,,41860.0,,,59.2,2.08,0.0,0.0,"In the last two weeks, did this business use Artificial Intelligence (AI) in any of its business functions? (Examples of AI: machine learning, natural language processing, virtual agents, voice recognition, etc.)",No,AI current
107,8/10/2026 - 8/23/2026,,,42660.0,,,62.9,3.12,0.0,0.0,"In the last two weeks, did this business use Artificial Intelligence (AI) in any of its business functions? (Examples of AI: machine learning, natural language processing, virtual agents, voice recognition, etc.)",No,AI current
107,8/10/2026 - 8/23/2026,,,45300.0,,,66.1,3.59,0.0,0.0,"In the last two weeks, did this business use Artificial Intelligence (AI) in any of its business functions? (Examples of AI: machine learning, natural language processing, virtual agents, voice recognition, etc.)",No,AI current
107,8/10/2026 - 8/23/2026,,,47900.0,,,62.7,2.55,0.0,0.0,"In the last two weeks, did this business use Artificial Intelligence (AI) in any of its business functions? (Examples of AI: machine learning, natural language processing, virtual agents, voice recognition, etc.)",No,AI current
107,8/10/2026 - 8/23/2026,,,,,D,65.4,0.94,0.0,0.0,"In the last two weeks, did this business use Artificial Intelligence (AI) in any of its business functions? (Examples of AI: machine learning, natural language processing, virtual agents, voice recognition, etc.)",No,AI current
107,8/10/2026 - 8/23/2026,,,,,A,69.2,0.5,0.0,0.0,"In the last two weeks, did this business use Artificial Intelligence (AI) in any of its business functions? (Examples of AI: machine learning, natural language processing, virtual agents, voice recognition, etc.)",No,AI current
107,8/10/2026 - 8/23/2026,,,,,F,52.0,1.85,0.0,0.0,"In the last two weeks, did this business use Artificial Intelligence (AI) in any of its business functions? (Examples of AI: machine learning, natural language processing, virtual agents, voice recognition, etc.)",No,AI current
107,8/10/2026 - 8/23/2026,,,,,C,67.7,0.71,0.0,0.0,"In the last two weeks, did this business use Artificial Intelligence (AI) in any of its business functions? (Examples of AI: machine learning, natural language processing, virtual agents, voice recognition, etc.)",No,AI current
107,8/10/2026 - 8/23/2026,,,,,G,39.7,2.52,0.0,0.0,"In the last two weeks, did this business use Artificial Intelligence (AI) in any of its business functions? (Examples of AI: machine learning, natural language processing, virtual agents, voice recognition, etc.)",No,AI current
107,8/10/2026 - 8/23/2026,,,,,E,59.6,1.58,0.0,0.0,"In the last two weeks, did this business use Artificial Intelligence (AI) in any of its business functions? (Examples of AI: machine learning, natural language processing, virtual agents, voice recognition, etc.)",No,AI current
107,8/10/2026 - 8/23/2026,,,,,,68.2,0.33,0.0,0.0,"In the last two weeks, did this business use Artificial Intelligence (AI) in any of its business functions? (Examples of AI: machine learning, natural language processing, virtual agents, voice recognition, etc.)",No,AI current
107,8/10/2026 - 8/23/2026,,,,,B,70.2,1.01,0.0,0.0,"In the last two weeks, did this business use Artificial Intelligence (AI) in any of its business functions? (Examples of AI: machine learning, natural language processing, virtual agents, voice recognition, etc.)",No,AI current
107,8/10/2026 - 8/23/2026,AK,,,,,,,0.0,0.0,"In the last two weeks, did this business use Artificial Intelligence (AI) in any of its business functions? (Examples of AI: machine learning, natural language processing, virtual agents, voice recognition, etc.)",Do not know,AI current
107,8/10/2026 - 8/23/2026,AL,,,,,9.1,1.75,0.0,0.0,"In the last two weeks, did this business use Artificial Intelligence (AI) in any of its business functions? (Examples of AI: machine learning, natural language processing, virtual agents, voice recognition, etc.)",Do not know,AI current
107,8/10/2026 - 8/23/2026,AR,,,,,10.0,2.97,0.0,0.0,"In the last two weeks, did this business use Artificial Intelligence (AI) in any of its business functions? (Examples of AI: machine learning, natural language processing, virtual agents, voice recognition, etc.)",Do not know,AI current
107,8/10/2026 - 8/23/2026,AZ,,,,,6.4,0.85,0.0,0.0,"In the last two weeks, did this business use Artificial Intelligence (AI) in any of its business functions? (Examples of AI: machine learning, natural language processing, virtual agents, voice recognition, etc.)",Do not know,AI current
107,8/10/2026 - 8/23/2026,CA,,,,,10.9,0.64,0.0,0.0,"In the last two weeks, did this business use Artificial Intelligence (AI) in any of its business functions? (Examples of AI: machine learning, natural language processing, virtual agents, voice recognition, etc.)",Do not know,AI current
107,8/10/2026 - 8/23/2026,CO,,,,,8.8,1.82,0.0,0.0,"In the last two weeks, did this business use Artificial Intelligence (AI) in any of its business functions? (Examples of AI: machine learning, natural language processing, virtual agents, voice recognition, etc.)",Do not know,AI current
107,8/10/2026 - 8/23/2026,CT,,,,,8.8,1.41,0.0,0.0,"In the last two weeks, did this business use Artificial Intelligence (AI) in any of its business functions? (Examples of AI: machine learning, natural language processing, virtual agents, voice recognition, etc.)",Do not know,AI current
107,8/10/2026 - 8/23/2026,DC,,,,,,,0.0,0.0,"In the last two weeks, did this business use Artificial Intelligence (AI) in any of its business functions? (Examples of AI: machine learning, natural language processing, virtual agents, voice recognition, etc.)",Do not know,AI current
107,8/10/2026 - 8/23/2026,DE,,,,,15.0,3.2,0.0,0.0,"In the last two weeks, did this business use Artificial Intelligence (AI) in any of its business functions? (Examples of AI: machine learning, natural language processing, virtual agents, voice recognition, etc.)",Do not know,AI current
107,8/10/2026 - 8/23/2026,FL,,,,,7.7,0.66,0.0,0.0,"In the last two weeks, did this business use Artificial Intelligence (AI) in any of its business functions? (Examples of AI: machine learning, natural language processing, virtual agents, voice recognition, etc.)",Do not know,AI current
107,8/10/2026 - 8/23/2026,GA,,,,,8.3,1.0,0.0,0.0,"In the last two weeks, did this business use Artificial Intelligence (AI) in any of its business functions? (Examples of AI: machine learning, natural language processing, virtual agents, voice recognition, etc.)",Do not know,AI current
107,8/10/2026 - 8/23/2026,HI,,,,,,,0.0,0.0,"In the last two weeks, did this business use Artificial Intelligence (AI) in any of its business functions? (Examples of AI: machine learning, natural language processing, virtual agents, voice recognition, etc.)",Do not know,AI current
107,8/10/2026 - 8/23/2026,IA,,,,,9.3,2.69,0.0,0.0,"In the last two weeks, did this business use Artificial Intelligence (AI) in any of its business functions? (Examples of AI: machine learning, natural language processing, virtual agents, voice recognition, etc.)",Do not know,AI current
107,8/10/2026 - 8/23/2026,ID,,,,,9.5,2.08,0.0,0.0,"In the last two weeks, did this business use Artificial Intelligence (AI) in any of its business functions? (Examples of AI: machine learning, natural language processing, virtual agents, voice recognition, etc.)",Do not know,AI current
107,8/10/2026 - 8/23/2026,IL,,,,,11.4,1.24,0.0,0.0,"In the last two weeks, did this business use Artificial Intelligence (AI) in any of its business functions? (Examples of AI: machine learning, natural language processing, virtual agents, voice recognition, etc.)",Do not know,AI current
107,8/10/2026 - 8/23/2026,IN,,,,,7.9,1.32,0.0,0.0,"In the last two weeks, did this business use Artificial Intelligence (AI) in any of its business functions? (Examples of AI: machine learning, natural language processing, virtual agents, voice recognition, etc.)",Do not know,AI current
107,8/10/2026 - 8/23/2026,KS,,,,,6.8,1.61,0.0,0.0,"In the last two weeks, did this business use Artificial Intelligence (AI) in any of its business functions? (Examples of AI: machine learning, natural language processing, virtual agents, voice recognition, etc.)",Do not know,AI current
107,8/10/2026 - 8/23/2026,KY,,,,,11.7,2.31,0.0,0.0,"In the last two weeks, did this business use Artificial Intelligence (AI) in any of its business functions? (Examples of AI: machine learning, natural language processing, virtual agents, voice recognition, etc.)",Do not know,AI current
107,8/10/2026 - 8/23/2026,LA,,,,,8.0,1.08,0.0,0.0,"In the last two weeks, did this business use Artificial Intelligence (AI) in any of its business functions? (Examples of AI: machine learning, natural language processing, virtual agents, voice recognition, etc.)",Do not know,AI current
107,8/10/2026 - 8/23/2026,MA,,,,,10.2,1.57,0.0,0.0,"In the last two weeks, did this business use Artificial Intelligence (AI) in any of its business functions? (Examples of AI: machine learning, natural language processing, virtual agents, voice recognition, etc.)",Do not know,AI current
107,8/10/2026 - 8/23/2026,MD,,,,,9.8,1.88,0.0,0.0,"In the last two weeks, did this business use Artificial Intelligence (AI) in any of its business functions? (Examples of AI: machine learning, natural language processing, virtual agents, voice recognition, etc.)",Do not know,AI current
107,8/10/2026 - 8/23/2026,ME,,,,,11.2,2.99,0.0,0.0,"In the last two weeks, did this business use Artificial Intelligence (AI) in any of its business functions? (Examples of AI: machine learning, natural language processing, virtual agents, voice recognition, etc.)",Do not know,AI current
107,8/10/2026 - 8/23/2026,MI,,,,,8.8,1.31,0.0,0.0,"In the last two weeks, did this business use Artificial Intelligence (AI) in any of its business functions? (Examples of AI: machine learning, natural language processing, virtual agents, voice recognition, etc.)",Do not know,AI current
107,8/10/2026 - 8/23/2026,MN,,,,,8.2,2.13,0.0,0.0,"In the last two weeks, did this business use Artificial Intelligence (AI) in any of its business functions? (Examples of AI: machine learning, natural language processing, virtual agents, voice recognition, etc.)",Do not know,AI current
107,8/10/2026 - 8/23/2026,MO,,,,,7.7,1.64,0.0,0.0,"In the last two weeks, did this business use Artificial Intelligence (AI) in any of its business functions? (Examples of AI: machine learning, natural language processing, virtual agents, voice recognition, etc.)",Do not know,AI current
107,8/10/2026 - 8/23/2026,MS,,,,,,,0.0,0.0,"In the last two weeks, did this business use Artificial Intelligence (AI) in any of its business functions? (Examples of AI: machine learning, natural language processing, virtual agents, voice recognition, etc.)",Do not know,AI current
107,8/10/2026 - 8/23/2026,MT,,,,,7.6,1.87,0.0,0.0,"In the last two weeks, did this business use Artificial Intelligence (AI) in any of its business functions? (Examples of AI: machine learning, natural language processing, virtual agents, voice recognition, etc.)",Do not know,AI current
107,8/10/2026 - 8/23/2026,NC,,,,,9.4,0.62,0.0,0.0,"In the last two weeks, did this business use Artificial Intelligence (AI) in any of its business functions? (Examples of AI: machine learning, natural language processing, virtual agents, voice recognition, etc.)",Do not know,AI current
107,8/10/2026 - 8/23/2026,ND,,,,,,,0.0,0.0,"In the last two weeks, did this business use Artificial Intelligence (AI) in any of its business functions? (Examples of AI: machine learning, natural language processing, virtual agents, voice recognition, etc.)",Do not know,AI current
107,8/10/2026 - 8/23/2026,NE,,,,,7.4,2.63,0.0,0.0,"In the last two weeks, did this business use Artificial Intelligence (AI) in any of its business functions? (Examples of AI: machine learning, natural language processing, virtual agents, voice recognition, etc.)",Do not know,AI current
107,8/10/2026 - 8/23/2026,NH,,,,,9.6,2.75,0.0,0.0,"In the last two weeks, did this business use Artificial Intelligence (AI) in any of its business functions? (Examples of AI: machine learning, natural language processing, virtual agents, voice recognition, etc.)",Do not know,AI current
107,8/10/2026 - 8/23/2026,NJ,,,,,11.2,1.01,0.0,0.0,"In the last two weeks, did this business use Artificial Intelligence (AI) in any of its business functions? (Examples of AI: machine learning, natural language processing, virtual agents, voice recognition, etc.)",Do not know,AI current
107,8/10/2026 - 8/23/2026,NM,,,,,10.8,2.9,0.0,0.0,"In the last two weeks, did this business use Artificial Intelligence (AI) in any of its business functions? (Examples of AI: machine learning, natural language processing, virtual agents, voice recognition, etc.)",Do not know,AI current
107,8/10/2026 - 8/23/2026,NV,,,,,11.6,2.9,0.0,0.0,"In the last two weeks, did this business use Artificial Intelligence (AI) in any of its business functions? (Examples of AI: machine learning, natural language processing, virtual agents, voice recognition, etc.)",Do not know,AI current
107,8/10/2026 - 8/23/2026,NY,,,,,13.3,0.5,0.0,0.0,"In the last two weeks, did this business use Artificial Intelligence (AI) in any of its business functions? (Examples of AI: machine learning, natural language processing, virtual agents, voice recognition, etc.)",Do not know,AI current
107,8/10/2026 - 8/23/2026,OH,,,,,8.2,0.95,0.0,0.0,"In the last two weeks, did this business use Artificial Intelligence (AI) in any of its business functions? (Examples of AI: machine learning, natural language processing, virtual agents, voice recognition, etc.)",Do not know,AI current
107,8/10/2026 - 8/23/2026,OK,,,,,9.3,1.08,0.0,0.0,"In the last two weeks, did this business use Artificial Intelligence (AI) in any of its business functions? (Examples of AI: machine learning, natural language processing, virtual agents, voice recognition, etc.)",Do not know,AI current
107,8/10/2026 - 8/23/2026,OR,,,,,6.4,1.54,0.0,0.0,"In the last two weeks, did this business use Artificial Intelligence (AI) in any of its business functions? (Examples of AI: machine learning, natural language processing, virtual agents, voice recognition, etc.)",Do not know,AI current
107,8/10/2026 - 8/23/2026,PA,,,,,8.1,0.78,0.0,0.0,"In the last two weeks, did this business use Artificial Intelligence (AI) in any of its business functions? (Examples of AI: machine learning, natural language processing, virtual agents, voice recognition, etc.)",Do not know,AI current
107,8/10/2026 - 8/23/2026,PR,,,,,13.7,2.59,0.0,0.0,"In the last two weeks, did this business use Artificial Intelligence (AI) in any of its business functions? (Examples of AI: machine learning, natural language processing, virtual agents, voice recognition, etc.)",Do not know,AI current
107,8/10/2026 - 8/23/2026,RI,,,,,,,0.0,0.0,"In the last two weeks, did this business use Artificial Intelligence (AI) in any of its business functions? (Examples of AI: machine learning, natural language processing, virtual agents, voice recognition, etc.)",Do not know,AI current
107,8/10/2026 - 8/23/2026,SC,,,,,10.2,1.14,0.0,0.0,"In the last two weeks, did this business use Artificial Intelligence (AI) in any of its business functions? (Examples of AI: machine learning, natural language processing, virtual agents, voice recognition, etc.)",Do not know,AI current
107,8/10/2026 - 8/23/2026,SD,,,,,,,0.0,0.0,"In the last two weeks, did this business use Artificial Intelligence (AI) in any of its business functions? (Examples of AI: machine learning, natural language processing, virtual agents, voice recognition, etc.)",Do not know,AI current
107,8/10/2026 - 8/23/2026,TN,,,,,12.0,2.57,0.0,0.0,"In the last two weeks, did this business use Artificial Intelligence (AI) in any of its business functions? (Examples of AI: machine learning, natural language processing, virtual agents, voice recognition, etc.)",Do not know,AI current
107,8/10/2026 - 8/23/2026,TX,,,,,8.5,0.69,0.0,0.0,"In the last two weeks, did this business use Artificial Intelligence (AI) in any of its business functions? (Examples of AI: machine learning, natural language processing, virtual agents, voice recognition, etc.)",Do not know,AI current
107,8/10/2026 - 8/23/2026,UT,,,,,5.5,1.32,0.0,0.0,"In the last two weeks, did this business use Artificial Intelligence (AI) in any of its business functions? (Examples of AI: machine learning, natural language processing, virtual agents, voice recognition, etc.)",Do not know,AI current
107,8/10/2026 - 8/23/2026,VA,,,,,8.5,0.85,0.0,0.0,"In the last two weeks, did this business use Artificial Intelligence (AI) in any of its business functions? (Examples of AI: machine learning, natural language processing, virtual agents, voice recognition, etc.)",Do not know,AI current
107,8/10/2026 - 8/23/2026,VT,,,,,,,0.0,0.0,"In the last two weeks, did this business use Artificial Intelligence (AI) in any of its business functions? (Examples of AI: machine learning, natural language processing, virtual agents, voice recognition, etc.)",Do not know,AI current
107,8/10/2026 - 8/23/2026,WA,,,,,5.3,1.27,0.0,0.0,"In the last two weeks, did this business use Artificial Intelligence (AI) in any of its business functions? (Examples of AI: machine learning, natural language processing, virtual agents, voice recognition, etc.)",Do not know,AI current
107,8/10/2026 - 8/23/2026,WI,,,,,7.8,1.29,0.0,0.0,"In the last two weeks, did this business use Artificial Intelligence (AI) in any of its business functions? (Examples of AI: machine learning, natural language processing, virtual agents, voice recognition, etc.)",Do not know,AI current
107,8/10/2026 - 8/23/2026,WV,,,,,,,0.0,0.0,"In the last two weeks, did this business use Artificial Intelligence (AI) in any of its business functions? (Examples of AI: machine learning, natural language processing, virtual agents, voice recognition, etc.)",Do not know,AI current
107,8/10/2026 - 8/23/2026,WY,,,,,,,0.0,0.0,"In the last two weeks, did this business use Artificial Intelligence (AI) in any of its business functions? (Examples of AI: machine learning, natural language processing, virtual agents, voice recognition, etc.)",Do not know,AI current
107,8/10/2026 - 8/23/2026,XX,,,,,20.7,2.42,0.0,0.0,"In the last two weeks, did this business use Artificial Intelligence (AI) in any of its business functions? (Examples of AI: machine learning, natural language processing, virtual agents, voice recognition, etc.)",Do not know,AI current
107,8/10/2026 - 8/23/2026,,11,,,A,,,0.0,0.0,"In the last two weeks, did this business use Artificial Intelligence (AI) in any of its business functions? (Examples of AI: machine learning, natural language processing, virtual agents, voice recognition, etc.)",Do not know,AI current
107,8/10/2026 - 8/23/2026,,11,,,,,,0.0,0.0,"In the last two weeks, did this business use Artificial Intelligence (AI) in any of its business functions? (Examples of AI: machine learning, natural language processing, virtual agents, voice recognition, etc.)",Do not know,AI current
107,8/10/2026 - 8/23/2026,,11,,,F,,,0.0,0.0,"In the last two weeks, did this business use Artificial Intelligence (AI) in any of its business functions? (Examples of AI: machine learning, natural language processing, virtual agents, voice recognition, etc.)",Do not know,AI current
107,8/10/2026 - 8/23/2026,,11,,,C,,,0.0,0.0,"In the last two weeks, did this business use Artificial Intelligence (AI) in any of its business functions? (Examples of AI: machine learning, natural language processing, virtual agents, voice recognition, etc.)",Do not know,AI current
107,8/10/2026 - 8/23/2026,,11,,,B,,,0.0,0.0,"In the last two weeks, did this business use Artificial Intelligence (AI) in any of its business functions? (Examples of AI: machine learning, natural language processing, virtual agents, voice recognition, etc.)",Do not know,AI current
107,8/10/2026 - 8/23/2026,,21,,,A,,,0.0,0.0,"In the last two weeks, did this business use Artificial Intelligence (AI) in any of its business functions? (Examples of AI: machine learning, natural language processing, virtual agents, voice recognition, etc.)",Do not know,AI current
107,8/10/2026 - 8/23/2026,,21,,,,,,0.0,0.0,"In the last two weeks, did this business use Artificial Intelligence (AI) in any of its business functions? (Examples of AI: machine learning, natural language processing, virtual agents, voice recognition, etc.)",Do not know,AI current
107,8/10/2026 - 8/23/2026,,21,,,D,,,0.0,0.0,"In the last two weeks, did this business use Artificial Intelligence (AI) in any of its business functions? (Examples of AI: machine learning, natural language processing, virtual agents, voice recognition, etc.)",Do not know,AI current
107,8/10/2026 - 8/23/2026,,21,,,E,,,0.0,0.0,"In the last two weeks, did this business use Artificial Intelligence (AI) in any of its business functions? (Examples of AI: machine learning, natural language processing, virtual agents, voice recognition, etc.)",Do not know,AI current
107,8/10/2026 - 8/23/2026,,21,,,B,,,0.0,0.0,"In the last two weeks, did this business use Artificial Intelligence (AI) in any of its business functions? (Examples of AI: machine learning, natural language processing, virtual agents, voice recognition, etc.)",Do not know,AI current
107,8/10/2026 - 8/23/2026,,21,,,C,,,0.0,0.0,"In the last two weeks, did this business use Artificial Intelligence (AI) in any of its business functions? (Examples of AI: machine learning, natural language processing, virtual agents, voice recognition, etc.)",Do not know,AI current
107,8/10/2026 - 8/23/2026,,22,,,C,,,0.0,0.0,"In the last two weeks, did this business use Artificial Intelligence (AI) in any of its business functions? (Examples of AI: machine learning, natural language processing, virtual agents, voice recognition, etc.)",Do not know,AI current
107,8/10/2026 - 8/23/2026,,22,,,B,,,0.0,0.0,"In the last two weeks, did this business use Artificial Intelligence (AI) in any of its business functions? (Examples of AI: machine learning, natural language processing, virtual agents, voice recognition, etc.)",Do not know,AI current
107,8/10/2026 - 8/23/2026,,22,,,,,,0.0,0.0,"In the last two weeks, did this business use Artificial Intelligence (AI) in any of its business functions? (Examples of AI: machine learning, natural language processing, virtual agents, voice recognition, etc.)",Do not know,AI current
107,8/10/2026 - 8/23/2026,,22,,,A,,,0.0,0.0,"In the last two weeks, did this business use Artificial Intelligence (AI) in any of its business functions? (Examples of AI: machine learning, natural language processing, virtual agents, voice recognition, etc.)",Do not know,AI current
107,8/10/2026 - 8/23/2026,,22,,,D,,,0.0,0.0,"In the last two weeks, did this business use Artificial Intelligence (AI) in any of its business functions? (Examples of AI: machine learning, natural language processing, virtual agents, voice recognition, etc.)",Do not know,AI current
107,8/10/2026 - 8/23/2026,,23,,,E,18.3,4.23,0.0,0.0,"In the last two weeks, did this business use Artificial Intelligence (AI) in any of its business functions? (Examples of AI: machine learning, natural language processing, virtual agents, voice recognition, etc.)",Do not know,AI current
107,8/10/2026 - 8/23/2026,,23,,,G,,,0.0,0.0,"In the last two weeks, did this business use Artificial Intelligence (AI) in any of its business functions? (Examples of AI: machine learning, natural language processing, virtual agents, voice recognition, etc.)",Do not know,AI current
107,8/10/2026 - 8/23/2026,,23,,,,7.3,0.4,0.0,0.0,"In the last two weeks, did this business use Artificial Intelligence (AI) in any of its business functions? (Examples of AI: machine learning, natural language processing, virtual agents, voice recognition, etc.)",Do not know,AI current
107,8/10/2026 - 8/23/2026,,23,,,B,8.4,1.55,0.0,0.0,"In the last two weeks, did this business use Artificial Intelligence (AI) in any of its business functions? (Examples of AI: machine learning, natural language processing, virtual agents, voice recognition, etc.)",Do not know,AI current
107,8/10/2026 - 8/23/2026,,23,,,C,8.1,1.91,0.0,0.0,"In the last two weeks, did this business use Artificial Intelligence (AI) in any of its business functions? (Examples of AI: machine learning, natural language processing, virtual agents, voice recognition, etc.)",Do not know,AI current
107,8/10/2026 - 8/23/2026,,23,,,A,6.4,0.42,0.0,0.0,"In the last two weeks, did this business use Artificial Intelligence (AI) in any of its business functions? (Examples of AI: machine learning, natural language processing, virtual agents, voice recognition, etc.)",Do not know,AI current
107,8/10/2026 - 8/23/2026,,23,,,D,9.9,1.24,0.0,0.0,"In the last two weeks, did this business use Artificial Intelligence (AI) in any of its business functions? (Examples of AI: machine learning, natural language processing, virtual agents, voice recognition, etc.)",Do not know,AI current
107,8/10/2026 - 8/23/2026,,23,,,F,11.6,4.41,0.0,0.0,"In the last two weeks, did this business use Artificial Intelligence (AI) in any of its business functions? (Examples of AI: machine learning, natural language processing, virtual agents, voice recognition, etc.)",Do not know,AI current
107,8/10/2026 - 8/23/2026,,31,,,B,7.1,1.89,0.0,0.0,"In the last two weeks, did this business use Artificial Intelligence (AI) in any of its business functions? (Examples of AI: machine learning, natural language processing, virtual agents, voice recognition, etc.)",Do not know,AI current
107,8/10/2026 - 8/23/2026,,31,,,D,14.3,2.56,0.0,0.0,"In the last two weeks, did this business use Artificial Intelligence (AI) in any of its business functions? (Examples of AI: machine learning, natural language processing, virtual agents, voice recognition, etc.)",Do not know,AI current
107,8/10/2026 - 8/23/2026,,31,,,F,15.0,3.05,0.0,0.0,"In the last two weeks, did this business use Artificial Intelligence (AI) in any of its business functions? (Examples of AI: machine learning, natural language processing, virtual agents, voice recognition, etc.)",Do not know,AI current
107,8/10/2026 - 8/23/2026,,31,,,G,30.4,5.82,0.0,0.0,"In the last two weeks, did this business use Artificial Intelligence (AI) in any of its business functions? (Examples of AI: machine learning, natural language processing, virtual agents, voice recognition, etc.)",Do not know,AI current
107,8/10/2026 - 8/23/2026,,31,,,,8.5,0.92,0.0,0.0,"In the last two weeks, did this business use Artificial Intelligence (AI) in any of its business functions? (Examples of AI: machine learning, natural language processing, virtual agents, voice recognition, etc.)",Do not know,AI current
107,8/10/2026 - 8/23/2026,,31,,,A,6.1,1.78,0.0,0.0,"In the last two weeks, did this business use Artificial Intelligence (AI) in any of its business functions? (Examples of AI: machine learning, natural language processing, virtual agents, voice recognition, etc.)",Do not know,AI current
107,8/10/2026 - 8/23/2026,,31,,,E,10.2,2.97,0.0,0.0,"In the last two weeks, did this business use Artificial Intelligence (AI) in any of its business functions? (Examples of AI: machine learning, natural language processing, virtual agents, voice recognition, etc.)",Do not know,AI current
107,8/10/2026 - 8/23/2026,,31,,,C,7.5,1.51,0.0,0.0,"In the last two weeks, did this business use Artificial Intelligence (AI) in any of its business functions? (Examples of AI: machine learning, natural language processing, virtual agents, voice recognition, etc.)",Do not know,AI current
107,8/10/2026 - 8/23/2026,,42,,,B,6.6,1.23,0.0,0.0,"In the last two weeks, did this business use Artificial Intelligence (AI) in any of its business functions? (Examples of AI: machine learning, natural language processing, virtual agents, voice recognition, etc.)",Do not know,AI current
107,8/10/2026 - 8/23/2026,,42,,,C,11.3,2.03,0.0,0.0,"In the last two weeks, did this business use Artificial Intelligence (AI) in any of its business functions? (Examples of AI: machine learning, natural language processing, virtual agents, voice recognition, etc.)",Do not know,AI current
107,8/10/2026 - 8/23/2026,,42,,,,8.9,0.48,0.0,0.0,"In the last two weeks, did this business use Artificial Intelligence (AI) in any of its business functions? (Examples of AI: machine learning, natural language processing, virtual agents, voice recognition, etc.)",Do not know,AI current
107,8/10/2026 - 8/23/2026,,42,,,F,14.7,6.83,0.0,0.0,"In the last two weeks, did this business use Artificial Intelligence (AI) in any of its business functions? (Examples of AI: machine learning, natural language processing, virtual agents, voice recognition, etc.)",Do not know,AI current
107,8/10/2026 - 8/23/2026,,42,,,A,7.5,0.4,0.0,0.0,"In the last two weeks, did this business use Artificial Intelligence (AI) in any of its business functions? (Examples of AI: machine learning, natural language processing, virtual agents, voice recognition, etc.)",Do not know,AI current
107,8/10/2026 - 8/23/2026,,42,,,E,17.7,3.48,0.0,0.0,"In the last two weeks, did this business use Artificial Intelligence (AI) in any of its business functions? (Examples of AI: machine learning, natural language processing, virtual agents, voice recognition, etc.)",Do not know,AI current
107,8/10/2026 - 8/23/2026,,42,,,D,15.2,2.17,0.0,0.0,"In the last two weeks, did this business use Artificial Intelligence (AI) in any of its business functions? (Examples of AI: machine learning, natural language processing, virtual agents, voice recognition, etc.)",Do not know,AI current
107,8/10/2026 - 8/23/2026,,42,,,G,32.2,11.84,0.0,0.0,"In the last two weeks, did this business use Artificial Intelligence (AI) in any of its business functions? (Examples of AI: machine learning, natural language processing, virtual agents, voice recognition, etc.)",Do not know,AI current
107,8/10/2026 - 8/23/2026,,44,,,G,,,0.0,0.0,"In the last two weeks, did this business use Artificial Intelligence (AI) in any of its business functions? (Examples of AI: machine learning, natural language processing, virtual agents, voice recognition, etc.)",Do not know,AI current
107,8/10/2026 - 8/23/2026,,44,,,B,9.7,1.02,0.0,0.0,"In the last two weeks, did this business use Artificial Intelligence (AI) in any of its business functions? (Examples of AI: machine learning, natural language processing, virtual agents, voice recognition, etc.)",Do not know,AI current
107,8/10/2026 - 8/23/2026,,44,,,C,5.8,1.04,0.0,0.0,"In the last two weeks, did this business use Artificial Intelligence (AI) in any of its business functions? (Examples of AI: machine learning, natural language processing, virtual agents, voice recognition, etc.)",Do not know,AI current
107,8/10/2026 - 8/23/2026,,44,,,,9.2,0.43,0.0,0.0,"In the last two weeks, did this business use Artificial Intelligence (AI) in any of its business functions? (Examples of AI: machine learning, natural language processing, virtual agents, voice recognition, etc.)",Do not know,AI current
107,8/10/2026 - 8/23/2026,,44,,,F,26.7,4.87,0.0,0.0,"In the last two weeks, did this business use Artificial Intelligence (AI) in any of its business functions? (Examples of AI: machine learning, natural language processing, virtual agents, voice recognition, etc.)",Do not know,AI current
107,8/10/2026 - 8/23/2026,,44,,,A,9.1,0.64,0.0,0.0,"In the last two weeks, did this business use Artificial Intelligence (AI) in any of its business functions? (Examples of AI: machine learning, natural language processing, virtual agents, voice recognition, etc.)",Do not know,AI current
107,8/10/2026 - 8/23/2026,,44,,,D,13.4,1.74,0.0,0.0,"In the last two weeks, did this business use Artificial Intelligence (AI) in any of its business functions? (Examples of AI: machine learning, natural language processing, virtual agents, voice recognition, etc.)",Do not know,AI current
107,8/10/2026 - 8/23/2026,,44,,,E,9.1,3.86,0.0,0.0,"In the last two weeks, did this business use Artificial Intelligence (AI) in any of its business functions? (Examples of AI: machine learning, natural language processing, virtual agents, voice recognition, etc.)",Do not know,AI current
107,8/10/2026 - 8/23/2026,,48,,,C,7.7,3.22,0.0,0.0,"In the last two weeks, did this business use Artificial Intelligence (AI) in any of its business functions? (Examples of AI: machine learning, natural language processing, virtual agents, voice recognition, etc.)",Do not know,AI current
107,8/10/2026 - 8/23/2026,,48,,,D,6.5,1.93,0.0,0.0,"In the last two weeks, did this business use Artificial Intelligence (AI) in any of its business functions? (Examples of AI: machine learning, natural language processing, virtual agents, voice recognition, etc.)",Do not know,AI current
107,8/10/2026 - 8/23/2026,,48,,,E,13.4,5.13,0.0,0.0,"In the last two weeks, did this business use Artificial Intelligence (AI) in any of its business functions? (Examples of AI: machine learning, natural language processing, virtual agents, voice recognition, etc.)",Do not know,AI current
107,8/10/2026 - 8/23/2026,,48,,,,10.0,0.79,0.0,0.0,"In the last two weeks, did this business use Artificial Intelligence (AI) in any of its business functions? (Examples of AI: machine learning, natural language processing, virtual agents, voice recognition, etc.)",Do not know,AI current
107,8/10/2026 - 8/23/2026,,48,,,A,10.0,1.02,0.0,0.0,"In the last two weeks, did this business use Artificial Intelligence (AI) in any of its business functions? (Examples of AI: machine learning, natural language processing, virtual agents, voice recognition, etc.)",Do not know,AI current
107,8/10/2026 - 8/23/2026,,48,,,G,57.6,16.93,0.0,0.0,"In the last two weeks, did this business use Artificial Intelligence (AI) in any of its business functions? (Examples of AI: machine learning, natural language processing, virtual agents, voice recognition, etc.)",Do not know,AI current
107,8/10/2026 - 8/23/2026,,48,,,B,10.6,1.74,0.0,0.0,"In the last two weeks, did this business use Artificial Intelligence (AI) in any of its business functions? (Examples of AI: machine learning, natural language processing, virtual agents, voice recognition, etc.)",Do not know,AI current
107,8/10/2026 - 8/23/2026,,48,,,F,15.2,6.15,0.0,0.0,"In the last two weeks, did this business use Artificial Intelligence (AI) in any of its business functions? (Examples of AI: machine learning, natural language processing, virtual agents, voice recognition, etc.)",Do not know,AI current
107,8/10/2026 - 8/23/2026,,51,,,G,,,0.0,0.0,"In the last two weeks, did this business use Artificial Intelligence (AI) in any of its business functions? (Examples of AI: machine learning, natural language processing, virtual agents, voice recognition, etc.)",Do not know,AI current
107,8/10/2026 - 8/23/2026,,51,,,B,,,0.0,0.0,"In the last two weeks, did this business use Artificial Intelligence (AI) in any of its business functions? (Examples of AI: machine learning, natural language processing, virtual agents, voice recognition, etc.)",Do not know,AI current
107,8/10/2026 - 8/23/2026,,51,,,A,9.5,2.22,0.0,0.0,"In the last two weeks, did this business use Artificial Intelligence (AI) in any of its business functions? (Examples of AI: machine learning, natural language processing, virtual agents, voice recognition, etc.)",Do not know,AI current
107,8/10/2026 - 8/23/2026,,51,,,D,24.1,5.93,0.0,0.0,"In the last two weeks, did this business use Artificial Intelligence (AI) in any of its business functions? (Examples of AI: machine learning, natural language processing, virtual agents, voice recognition, etc.)",Do not know,AI current
107,8/10/2026 - 8/23/2026,,51,,,E,,,0.0,0.0,"In the last two weeks, did this business use Artificial Intelligence (AI) in any of its business functions? (Examples of AI: machine learning, natural language processing, virtual agents, voice recognition, etc.)",Do not know,AI current
107,8/10/2026 - 8/23/2026,,51,,,,10.2,1.94,0.0,0.0,"In the last two weeks, did this business use Artificial Intelligence (AI) in any of its business functions? (Examples of AI: machine learning, natural language processing, virtual agents, voice recognition, etc.)",Do not know,AI current
107,8/10/2026 - 8/23/2026,,51,,,C,16.5,6.15,0.0,0.0,"In the last two weeks, did this business use Artificial Intelligence (AI) in any of its business functions? (Examples of AI: machine learning, natural language processing, virtual agents, voice recognition, etc.)",Do not know,AI current
107,8/10/2026 - 8/23/2026,,51,,,F,,,0.0,0.0,"In the last two weeks, did this business use Artificial Intelligence (AI) in any of its business functions? (Examples of AI: machine learning, natural language processing, virtual agents, voice recognition, etc.)",Do not know,AI current
107,8/10/2026 - 8/23/2026,,52,,,D,15.4,4.02,0.0,0.0,"In the last two weeks, did this business use Artificial Intelligence (AI) in any of its business functions? (Examples of AI: machine learning, natural language processing, virtual agents, voice recognition, etc.)",Do not know,AI current
107,8/10/2026 - 8/23/2026,,52,,,A,8.1,0.71,0.0,0.0,"In the last two weeks, did this business use Artificial Intelligence (AI) in any of its business functions? (Examples of AI: machine learning, natural language processing, virtual agents, voice recognition, etc.)",Do not know,AI current
107,8/10/2026 - 8/23/2026,,52,,,C,7.8,2.53,0.0,0.0,"In the last two weeks, did this business use Artificial Intelligence (AI) in any of its business functions? (Examples of AI: machine learning, natural language processing, virtual agents, voice recognition, etc.)",Do not know,AI current
107,8/10/2026 - 8/23/2026,,52,,,F,31.4,5.99,0.0,0.0,"In the last two weeks, did this business use Artificial Intelligence (AI) in any of its business functions? (Examples of AI: machine learning, natural language processing, virtual agents, voice recognition, etc.)",Do not know,AI current
107,8/10/2026 - 8/23/2026,,52,,,E,,,0.0,0.0,"In the last two weeks, did this business use Artificial Intelligence (AI) in any of its business functions? (Examples of AI: machine learning, natural language processing, virtual agents, voice recognition, etc.)",Do not know,AI current
107,8/10/2026 - 8/23/2026,,52,,,,9.1,0.62,0.0,0.0,"In the last two weeks, did this business use Artificial Intelligence (AI) in any of its business functions? (Examples of AI: machine learning, natural language processing, virtual agents, voice recognition, etc.)",Do not know,AI current
107,8/10/2026 - 8/23/2026,,52,,,G,,,0.0,0.0,"In the last two weeks, did this business use Artificial Intelligence (AI) in any of its business functions? (Examples of AI: machine learning, natural language processing, virtual agents, voice recognition, etc.)",Do not know,AI current
107,8/10/2026 - 8/23/2026,,52,,,B,11.7,1.8,0.0,0.0,"In the last two weeks, did this business use Artificial Intelligence (AI) in any of its business functions? (Examples of AI: machine learning, natural language processing, virtual agents, voice recognition, etc.)",Do not know,AI current
107,8/10/2026 - 8/23/2026,,53,,,B,14.3,2.0,0.0,0.0,"In the last two weeks, did this business use Artificial Intelligence (AI) in any of its business functions? (Examples of AI: machine learning, natural language processing, virtual agents, voice recognition, etc.)",Do not know,AI current
107,8/10/2026 - 8/23/2026,,53,,,F,34.4,7.82,0.0,0.0,"In the last two weeks, did this business use Artificial Intelligence (AI) in any of its business functions? (Examples of AI: machine learning, natural language processing, virtual agents, voice recognition, etc.)",Do not know,AI current
107,8/10/2026 - 8/23/2026,,53,,,E,17.1,7.1,0.0,0.0,"In the last two weeks, did this business use Artificial Intelligence (AI) in any of its business functions? (Examples of AI: machine learning, natural language processing, virtual agents, voice recognition, etc.)",Do not know,AI current
107,8/10/2026 - 8/23/2026,,53,,,,11.6,1.11,0.0,0.0,"In the last two weeks, did this business use Artificial Intelligence (AI) in any of its business functions? (Examples of AI: machine learning, natural language processing, virtual agents, voice recognition, etc.)",Do not know,AI current
107,8/10/2026 - 8/23/2026,,53,,,A,10.9,1.26,0.0,0.0,"In the last two weeks, did this business use Artificial Intelligence (AI) in any of its business functions? (Examples of AI: machine learning, natural language processing, virtual agents, voice recognition, etc.)",Do not know,AI current
107,8/10/2026 - 8/23/2026,,53,,,D,20.5,4.78,0.0,0.0,"In the last two weeks, did this business use Artificial Intelligence (AI) in any of its business functions? (Examples of AI: machine learning, natural language processing, virtual agents, voice recognition, etc.)",Do not know,AI current
107,8/10/2026 - 8/23/2026,,53,,,C,14.1,3.16,0.0,0.0,"In the last two weeks, did this business use Artificial Intelligence (AI) in any of its business functions? (Examples of AI: machine learning, natural language processing, virtual agents, voice recognition, etc.)",Do not know,AI current
107,8/10/2026 - 8/23/2026,,54,,,G,29.4,9.79,0.0,0.0,"In the last two weeks, did this business use Artificial Intelligence (AI) in any of its business functions? (Examples of AI: machine learning, natural language processing, virtual agents, voice recognition, etc.)",Do not know,AI current
107,8/10/2026 - 8/23/2026,,54,,,E,14.8,2.34,0.0,0.0,"In the last two weeks, did this business use Artificial Intelligence (AI) in any of its business functions? (Examples of AI: machine learning, natural language processing, virtual agents, voice recognition, etc.)",Do not know,AI current
107,8/10/2026 - 8/23/2026,,54,,,F,22.1,4.06,0.0,0.0,"In the last two weeks, did this business use Artificial Intelligence (AI) in any of its business functions? (Examples of AI: machine learning, natural language processing, virtual agents, voice recognition, etc.)",Do not know,AI current
107,8/10/2026 - 8/23/2026,,54,,,B,8.6,1.45,0.0,0.0,"In the last two weeks, did this business use Artificial Intelligence (AI) in any of its business functions? (Examples of AI: machine learning, natural language processing, virtual agents, voice recognition, etc.)",Do not know,AI current
107,8/10/2026 - 8/23/2026,,54,,,,7.9,0.35,0.0,0.0,"In the last two weeks, did this business use Artificial Intelligence (AI) in any of its business functions? (Examples of AI: machine learning, natural language processing, virtual agents, voice recognition, etc.)",Do not know,AI current
107,8/10/2026 - 8/23/2026,,54,,,A,6.8,0.41,0.0,0.0,"In the last two weeks, did this business use Artificial Intelligence (AI) in any of its business functions? (Examples of AI: machine learning, natural language processing, virtual agents, voice recognition, etc.)",Do not know,AI current
107,8/10/2026 - 8/23/2026,,54,,,C,11.9,1.42,0.0,0.0,"In the last two weeks, did this business use Artificial Intelligence (AI) in any of its business functions? (Examples of AI: machine learning, natural language processing, virtual agents, voice recognition, etc.)",Do not know,AI current
107,8/10/2026 - 8/23/2026,,54,,,D,13.7,1.57,0.0,0.0,"In the last two weeks, did this business use Artificial Intelligence (AI) in any of its business functions? (Examples of AI: machine learning, natural language processing, virtual agents, voice recognition, etc.)",Do not know,AI current
107,8/10/2026 - 8/23/2026,,55,,,,13.7,6.31,0.0,0.0,"In the last two weeks, did this business use Artificial Intelligence (AI) in any of its business functions? (Examples of AI: machine learning, natural language processing, virtual agents, voice recognition, etc.)",Do not know,AI current
107,8/10/2026 - 8/23/2026,,55,,,A,,,0.0,0.0,"In the last two weeks, did this business use Artificial Intelligence (AI) in any of its business functions? (Examples of AI: machine learning, natural language processing, virtual agents, voice recognition, etc.)",Do not know,AI current
107,8/10/2026 - 8/23/2026,,55,,,D,,,0.0,0.0,"In the last two weeks, did this business use Artificial Intelligence (AI) in any of its business functions? (Examples of AI: machine learning, natural language processing, virtual agents, voice recognition, etc.)",Do not know,AI current
107,8/10/2026 - 8/23/2026,,55,,,C,,,0.0,0.0,"In the last two weeks, did this business use Artificial Intelligence (AI) in any of its business functions? (Examples of AI: machine learning, natural language processing, virtual agents, voice recognition, etc.)",Do not know,AI current
107,8/10/2026 - 8/23/2026,,56,,,D,7.7,1.91,0.0,0.0,"In the last two weeks, did this business use Artificial Intelligence (AI) in any of its business functions? (Examples of AI: machine learning, natural language processing, virtual agents, voice recognition, etc.)",Do not know,AI current
107,8/10/2026 - 8/23/2026,,56,,,B,7.6,1.36,0.0,0.0,"In the last two weeks, did this business use Artificial Intelligence (AI) in any of its business functions? (Examples of AI: machine learning, natural language processing, virtual agents, voice recognition, etc.)",Do not know,AI current
107,8/10/2026 - 8/23/2026,,56,,,F,18.8,5.48,0.0,0.0,"In the last two weeks, did this business use Artificial Intelligence (AI) in any of its business functions? (Examples of AI: machine learning, natural language processing, virtual agents, voice recognition, etc.)",Do not know,AI current
107,8/10/2026 - 8/23/2026,,56,,,A,7.7,0.93,0.0,0.0,"In the last two weeks, did this business use Artificial Intelligence (AI) in any of its business functions? (Examples of AI: machine learning, natural language processing, virtual agents, voice recognition, etc.)",Do not know,AI current
107,8/10/2026 - 8/23/2026,,56,,,E,,,0.0,0.0,"In the last two weeks, did this business use Artificial Intelligence (AI) in any of its business functions? (Examples of AI: machine learning, natural language processing, virtual agents, voice recognition, etc.)",Do not know,AI current
107,8/10/2026 - 8/23/2026,,56,,,G,,,0.0,0.0,"In the last two weeks, did this business use Artificial Intelligence (AI) in any of its business functions? (Examples of AI: machine learning, natural language processing, virtual agents, voice recognition, etc.)",Do not know,AI current
107,8/10/2026 - 8/23/2026,,56,,,,8.9,0.71,0.0,0.0,"In the last two weeks, did this business use Artificial Intelligence (AI) in any of its business functions? (Examples of AI: machine learning, natural language processing, virtual agents, voice recognition, etc.)",Do not know,AI current
107,8/10/2026 - 8/23/2026,,56,,,C,15.2,2.23,0.0,0.0,"In the last two weeks, did this business use Artificial Intelligence (AI) in any of its business functions? (Examples of AI: machine learning, natural language processing, virtual agents, voice recognition, etc.)",Do not know,AI current
107,8/10/2026 - 8/23/2026,,61,,,G,,,0.0,0.0,"In the last two weeks, did this business use Artificial Intelligence (AI) in any of its business functions? (Examples of AI: machine learning, natural language processing, virtual agents, voice recognition, etc.)",Do not know,AI current
107,8/10/2026 - 8/23/2026,,61,,,C,9.1,3.65,0.0,0.0,"In the last two weeks, did this business use Artificial Intelligence (AI) in any of its business functions? (Examples of AI: machine learning, natural language processing, virtual agents, voice recognition, etc.)",Do not know,AI current
107,8/10/2026 - 8/23/2026,,61,,,,8.5,1.27,0.0,0.0,"In the last two weeks, did this business use Artificial Intelligence (AI) in any of its business functions? (Examples of AI: machine learning, natural language processing, virtual agents, voice recognition, etc.)",Do not know,AI current
107,8/10/2026 - 8/23/2026,,61,,,D,18.2,3.7,0.0,0.0,"In the last two weeks, did this business use Artificial Intelligence (AI) in any of its business functions? (Examples of AI: machine learning, natural language processing, virtual agents, voice recognition, etc.)",Do not know,AI current
107,8/10/2026 - 8/23/2026,,61,,,E,17.2,7.92,0.0,0.0,"In the last two weeks, did this business use Artificial Intelligence (AI) in any of its business functions? (Examples of AI: machine learning, natural language processing, virtual agents, voice recognition, etc.)",Do not know,AI current
107,8/10/2026 - 8/23/2026,,61,,,B,9.1,3.07,0.0,0.0,"In the last two weeks, did this business use Artificial Intelligence (AI) in any of its business functions? (Examples of AI: machine learning, natural language processing, virtual agents, voice recognition, etc.)",Do not know,AI current
107,8/10/2026 - 8/23/2026,,61,,,F,,,0.0,0.0,"In the last two weeks, did this business use Artificial Intelligence (AI) in any of its business functions? (Examples of AI: machine learning, natural language processing, virtual agents, voice recognition, etc.)",Do not know,AI current
107,8/10/2026 - 8/23/2026,,61,,,A,5.1,1.24,0.0,0.0,"In the last two weeks, did this business use Artificial Intelligence (AI) in any of its business functions? (Examples of AI: machine learning, natural language processing, virtual agents, voice recognition, etc.)",Do not know,AI current
107,8/10/2026 - 8/23/2026,,62,,,G,22.0,5.22,0.0,0.0,"In the last two weeks, did this business use Artificial Intelligence (AI) in any of its business functions? (Examples of AI: machine learning, natural language processing, virtual agents, voice recognition, etc.)",Do not know,AI current
107,8/10/2026 - 8/23/2026,,62,,,E,16.9,3.05,0.0,0.0,"In the last two weeks, did this business use Artificial Intelligence (AI) in any of its business functions? (Examples of AI: machine learning, natural language processing, virtual agents, voice recognition, etc.)",Do not know,AI current
107,8/10/2026 - 8/23/2026,,62,,,A,8.0,0.97,0.0,0.0,"In the last two weeks, did this business use Artificial Intelligence (AI) in any of its business functions? (Examples of AI: machine learning, natural language processing, virtual agents, voice recognition, etc.)",Do not know,AI current
107,8/10/2026 - 8/23/2026,,62,,,F,17.5,3.67,0.0,0.0,"In the last two weeks, did this business use Artificial Intelligence (AI) in any of its business functions? (Examples of AI: machine learning, natural language processing, virtual agents, voice recognition, etc.)",Do not know,AI current
107,8/10/2026 - 8/23/2026,,62,,,,9.9,0.53,0.0,0.0,"In the last two weeks, did this business use Artificial Intelligence (AI) in any of its business functions? (Examples of AI: machine learning, natural language processing, virtual agents, voice recognition, etc.)",Do not know,AI current
107,8/10/2026 - 8/23/2026,,62,,,D,11.9,2.0,0.0,0.0,"In the last two weeks, did this business use Artificial Intelligence (AI) in any of its business functions? (Examples of AI: machine learning, natural language processing, virtual agents, voice recognition, etc.)",Do not know,AI current
107,8/10/2026 - 8/23/2026,,62,,,B,10.0,1.58,0.0,0.0,"In the last two weeks, did this business use Artificial Intelligence (AI) in any of its business functions? (Examples of AI: machine learning, natural language processing, virtual agents, voice recognition, etc.)",Do not know,AI current
107,8/10/2026 - 8/23/2026,,62,,,C,12.5,1.13,0.0,0.0,"In the last two weeks, did this business use Artificial Intelligence (AI) in any of its business functions? (Examples of AI: machine learning, natural language processing, virtual agents, voice recognition, etc.)",Do not know,AI current
107,8/10/2026 - 8/23/2026,,71,,,C,12.3,4.99,0.0,0.0,"In the last two weeks, did this business use Artificial Intelligence (AI) in any of its business functions? (Examples of AI: machine learning, natural language processing, virtual agents, voice recognition, etc.)",Do not know,AI current
107,8/10/2026 - 8/23/2026,,71,,,D,10.8,2.61,0.0,0.0,"In the last two weeks, did this business use Artificial Intelligence (AI) in any of its business functions? (Examples of AI: machine learning, natural language processing, virtual agents, voice recognition, etc.)",Do not know,AI current
107,8/10/2026 - 8/23/2026,,71,,,,14.4,1.54,0.0,0.0,"In the last two weeks, did this business use Artificial Intelligence (AI) in any of its business functions? (Examples of AI: machine learning, natural language processing, virtual agents, voice recognition, etc.)",Do not know,AI current
107,8/10/2026 - 8/23/2026,,71,,,E,21.3,8.59,0.0,0.0,"In the last two weeks, did this business use Artificial Intelligence (AI) in any of its business functions? (Examples of AI: machine learning, natural language processing, virtual agents, voice recognition, etc.)",Do not know,AI current
107,8/10/2026 - 8/23/2026,,71,,,B,12.1,3.1,0.0,0.0,"In the last two weeks, did this business use Artificial Intelligence (AI) in any of its business functions? (Examples of AI: machine learning, natural language processing, virtual agents, voice recognition, etc.)",Do not know,AI current
107,8/10/2026 - 8/23/2026,,71,,,A,15.6,1.91,0.0,0.0,"In the last two weeks, did this business use Artificial Intelligence (AI) in any of its business functions? (Examples of AI: machine learning, natural language processing, virtual agents, voice recognition, etc.)",Do not know,AI current
107,8/10/2026 - 8/23/2026,,71,,,F,,,0.0,0.0,"In the last two weeks, did this business use Artificial Intelligence (AI) in any of its business functions? (Examples of AI: machine learning, natural language processing, virtual agents, voice recognition, etc.)",Do not know,AI current
107,8/10/2026 - 8/23/2026,,71,,,G,,,0.0,0.0,"In the last two weeks, did this business use Artificial Intelligence (AI) in any of its business functions? (Examples of AI: machine learning, natural language processing, virtual agents, voice recognition, etc.)",Do not know,AI current
107,8/10/2026 - 8/23/2026,,72,,,E,10.5,2.66,0.0,0.0,"In the last two weeks, did this business use Artificial Intelligence (AI) in any of its business functions? (Examples of AI: machine learning, natural language processing, virtual agents, voice recognition, etc.)",Do not know,AI current
107,8/10/2026 - 8/23/2026,,72,,,D,14.2,1.35,0.0,0.0,"In the last two weeks, did this business use Artificial Intelligence (AI) in any of its business functions? (Examples of AI: machine learning, natural language processing, virtual agents, voice recognition, etc.)",Do not know,AI current
107,8/10/2026 - 8/23/2026,,72,,,B,10.7,1.3,0.0,0.0,"In the last two weeks, did this business use Artificial Intelligence (AI) in any of its business functions? (Examples of AI: machine learning, natural language processing, virtual agents, voice recognition, etc.)",Do not know,AI current
107,8/10/2026 - 8/23/2026,,72,,,F,16.8,3.18,0.0,0.0,"In the last two weeks, did this business use Artificial Intelligence (AI) in any of its business functions? (Examples of AI: machine learning, natural language processing, virtual agents, voice recognition, etc.)",Do not know,AI current
107,8/10/2026 - 8/23/2026,,72,,,,12.3,0.82,0.0,0.0,"In the last two weeks, did this business use Artificial Intelligence (AI) in any of its business functions? (Examples of AI: machine learning, natural language processing, virtual agents, voice recognition, etc.)",Do not know,AI current
107,8/10/2026 - 8/23/2026,,72,,,A,12.5,1.02,0.0,0.0,"In the last two weeks, did this business use Artificial Intelligence (AI) in any of its business functions? (Examples of AI: machine learning, natural language processing, virtual agents, voice recognition, etc.)",Do not know,AI current
107,8/10/2026 - 8/23/2026,,72,,,C,11.6,1.98,0.0,0.0,"In the last two weeks, did this business use Artificial Intelligence (AI) in any of its business functions? (Examples of AI: machine learning, natural language processing, virtual agents, voice recognition, etc.)",Do not know,AI current
107,8/10/2026 - 8/23/2026,,72,,,G,24.9,7.92,0.0,0.0,"In the last two weeks, did this business use Artificial Intelligence (AI) in any of its business functions? (Examples of AI: machine learning, natural language processing, virtual agents, voice recognition, etc.)",Do not know,AI current
107,8/10/2026 - 8/23/2026,,81,,,C,8.9,2.33,0.0,0.0,"In the last two weeks, did this business use Artificial Intelligence (AI) in any of its business functions? (Examples of AI: machine learning, natural language processing, virtual agents, voice recognition, etc.)",Do not know,AI current
107,8/10/2026 - 8/23/2026,,81,,,E,,,0.0,0.0,"In the last two weeks, did this business use Artificial Intelligence (AI) in any of its business functions? (Examples of AI: machine learning, natural language processing, virtual agents, voice recognition, etc.)",Do not know,AI current
107,8/10/2026 - 8/23/2026,,81,,,,8.7,1.21,0.0,0.0,"In the last two weeks, did this business use Artificial Intelligence (AI) in any of its business functions? (Examples of AI: machine learning, natural language processing, virtual agents, voice recognition, etc.)",Do not know,AI current
107,8/10/2026 - 8/23/2026,,81,,,D,10.5,2.24,0.0,0.0,"In the last two weeks, did this business use Artificial Intelligence (AI) in any of its business functions? (Examples of AI: machine learning, natural language processing, virtual agents, voice recognition, etc.)",Do not know,AI current
107,8/10/2026 - 8/23/2026,,81,,,A,8.4,1.28,0.0,0.0,"In the last two weeks, did this business use Artificial Intelligence (AI) in any of its business functions? (Examples of AI: machine learning, natural language processing, virtual agents, voice recognition, etc.)",Do not know,AI current
107,8/10/2026 - 8/23/2026,,81,,,B,9.1,1.83,0.0,0.0,"In the last two weeks, did this business use Artificial Intelligence (AI) in any of its business functions? (Examples of AI: machine learning, natural language processing, virtual agents, voice recognition, etc.)",Do not know,AI current
107,8/10/2026 - 8/23/2026,,XX,,,C,15.8,4.72,0.0,0.0,"In the last two weeks, did this business use Artificial Intelligence (AI) in any of its business functions? (Examples of AI: machine learning, natural language processing, virtual agents, voice recognition, etc.)",Do not know,AI current
107,8/10/2026 - 8/23/2026,,XX,,,,16.6,1.7,0.0,0.0,"In the last two weeks, did this business use Artificial Intelligence (AI) in any of its business functions? (Examples of AI: machine learning, natural language processing, virtual agents, voice recognition, etc.)",Do not know,AI current
107,8/10/2026 - 8/23/2026,,XX,,,G,23.1,3.21,0.0,0.0,"In the last two weeks, did this business use Artificial Intelligence (AI) in any of its business functions? (Examples of AI: machine learning, natural language processing, virtual agents, voice recognition, etc.)",Do not know,AI current
107,8/10/2026 - 8/23/2026,,XX,,,E,12.2,3.32,0.0,0.0,"In the last two weeks, did this business use Artificial Intelligence (AI) in any of its business functions? (Examples of AI: machine learning, natural language processing, virtual agents, voice recognition, etc.)",Do not know,AI current
107,8/10/2026 - 8/23/2026,,XX,,,F,22.1,3.47,0.0,0.0,"In the last two weeks, did this business use Artificial Intelligence (AI) in any of its business functions? (Examples of AI: machine learning, natural language processing, virtual agents, voice recognition, etc.)",Do not know,AI current
107,8/10/2026 - 8/23/2026,,XX,,,D,5.2,2.58,0.0,0.0,"In the last two weeks, did this business use Artificial Intelligence (AI) in any of its business functions? (Examples of AI: machine learning, natural language processing, virtual agents, voice recognition, etc.)",Do not know,AI current
107,8/10/2026 - 8/23/2026,,XX,,,B,,,0.0,0.0,"In the last two weeks, did this business use Artificial Intelligence (AI) in any of its business functions? (Examples of AI: machine learning, natural language processing, virtual agents, voice recognition, etc.)",Do not know,AI current
107,8/10/2026 - 8/23/2026,,,,113,,,,0.0,0.0,"In the last two weeks, did this business use Artificial Intelligence (AI) in any of its business functions? (Examples of AI: machine learning, natural language processing, virtual agents, voice recognition, etc.)",Do not know,AI current
107,8/10/2026 - 8/23/2026,,,,115,,,,0.0,0.0,"In the last two weeks, did this business use Artificial Intelligence (AI) in any of its business functions? (Examples of AI: machine learning, natural language processing, virtual agents, voice recognition, etc.)",Do not know,AI current
107,8/10/2026 - 8/23/2026,,,,211,,,,0.0,0.0,"In the last two weeks, did this business use Artificial Intelligence (AI) in any of its business functions? (Examples of AI: machine learning, natural language processing, virtual agents, voice recognition, etc.)",Do not know,AI current
107,8/10/2026 - 8/23/2026,,,,212,,,,0.0,0.0,"In the last two weeks, did this business use Artificial Intelligence (AI) in any of its business functions? (Examples of AI: machine learning, natural language processing, virtual agents, voice recognition, etc.)",Do not know,AI current
107,8/10/2026 - 8/23/2026,,,,213,,,,0.0,0.0,"In the last two weeks, did this business use Artificial Intelligence (AI) in any of its business functions? (Examples of AI: machine learning, natural language processing, virtual agents, voice recognition, etc.)",Do not know,AI current
107,8/10/2026 - 8/23/2026,,,,221,,,,0.0,0.0,"In the last two weeks, did this business use Artificial Intelligence (AI) in any of its business functions? (Examples of AI: machine learning, natural language processing, virtual agents, voice recognition, etc.)",Do not know,AI current
107,8/10/2026 - 8/23/2026,,,,236,,6.7,0.59,0.0,0.0,"In the last two weeks, did this business use Artificial Intelligence (AI) in any of its business functions? (Examples of AI: machine learning, natural language processing, virtual agents, voice recognition, etc.)",Do not know,AI current
107,8/10/2026 - 8/23/2026,,,,237,,9.7,2.98,0.0,0.0,"In the last two weeks, did this business use Artificial Intelligence (AI) in any of its business functions? (Examples of AI: machine learning, natural language processing, virtual agents, voice recognition, etc.)",Do not know,AI current
107,8/10/2026 - 8/23/2026,,,,238,,7.5,0.71,0.0,0.0,"In the last two weeks, did this business use Artificial Intelligence (AI) in any of its business functions? (Examples of AI: machine learning, natural language processing, virtual agents, voice recognition, etc.)",Do not know,AI current
107,8/10/2026 - 8/23/2026,,,,311,,5.9,1.92,0.0,0.0,"In the last two weeks, did this business use Artificial Intelligence (AI) in any of its business functions? (Examples of AI: machine learning, natural language processing, virtual agents, voice recognition, etc.)",Do not know,AI current
107,8/10/2026 - 8/23/2026,,,,312,,8.6,3.25,0.0,0.0,"In the last two weeks, did this business use Artificial Intelligence (AI) in any of its business functions? (Examples of AI: machine learning, natural language processing, virtual agents, voice recognition, etc.)",Do not know,AI current
107,8/10/2026 - 8/23/2026,,,,314,,18.5,6.27,0.0,0.0,"In the last two weeks, did this business use Artificial Intelligence (AI) in any of its business functions? (Examples of AI: machine learning, natural language processing, virtual agents, voice recognition, etc.)",Do not know,AI current
107,8/10/2026 - 8/23/2026,,,,315,,,,0.0,0.0,"In the last two weeks, did this business use Artificial Intelligence (AI) in any of its business functions? (Examples of AI: machine learning, natural language processing, virtual agents, voice recognition, etc.)",Do not know,AI current
107,8/10/2026 - 8/23/2026,,,,316,,,,0.0,0.0,"In the last two weeks, did this business use Artificial Intelligence (AI) in any of its business functions? (Examples of AI: machine learning, natural language processing, virtual agents, voice recognition, etc.)",Do not know,AI current
107,8/10/2026 - 8/23/2026,,,,31X,,20.8,8.21,0.0,0.0,"In the last two weeks, did this business use Artificial Intelligence (AI) in any of its business functions? (Examples of AI: machine learning, natural language processing, virtual agents, voice recognition, etc.)",Do not know,AI current
107,8/10/2026 - 8/23/2026,,,,321,,,,0.0,0.0,"In the last two weeks, did this business use Artificial Intelligence (AI) in any of its business functions? (Examples of AI: machine learning, natural language processing, virtual agents, voice recognition, etc.)",Do not know,AI current
107,8/10/2026 - 8/23/2026,,,,322,,,,0.0,0.0,"In the last two weeks, did this business use Artificial Intelligence (AI) in any of its business functions? (Examples of AI: machine learning, natural language processing, virtual agents, voice recognition, etc.)",Do not know,AI current
107,8/10/2026 - 8/23/2026,,,,323,,7.3,2.45,0.0,0.0,"In the last two weeks, did this business use Artificial Intelligence (AI) in any of its business functions? (Examples of AI: machine learning, natural language processing, virtual agents, voice recognition, etc.)",Do not know,AI current
107,8/10/2026 - 8/23/2026,,,,325,,,,0.0,0.0,"In the last two weeks, did this business use Artificial Intelligence (AI) in any of its business functions? (Examples of AI: machine learning, natural language processing, virtual agents, voice recognition, etc.)",Do not know,AI current
107,8/10/2026 - 8/23/2026,,,,326,,,,0.0,0.0,"In the last two weeks, did this business use Artificial Intelligence (AI) in any of its business functions? (Examples of AI: machine learning, natural language processing, virtual agents, voice recognition, etc.)",Do not know,AI current
107,8/10/2026 - 8/23/2026,,,,327,,11.5,5.09,0.0,0.0,"In the last two weeks, did this business use Artificial Intelligence (AI) in any of its business functions? (Examples of AI: machine learning, natural language processing, virtual agents, voice recognition, etc.)",Do not know,AI current
107,8/10/2026 - 8/23/2026,,,,331,,,,0.0,0.0,"In the last two weeks, did this business use Artificial Intelligence (AI) in any of its business functions? (Examples of AI: machine learning, natural language processing, virtual agents, voice recognition, etc.)",Do not know,AI current
107,8/10/2026 - 8/23/2026,,,,332,,7.9,0.78,0.0,0.0,"In the last two weeks, did this business use Artificial Intelligence (AI) in any of its business functions? (Examples of AI: machine learning, natural language processing, virtual agents, voice recognition, etc.)",Do not know,AI current
107,8/10/2026 - 8/23/2026,,,,333,,12.9,3.22,0.0,0.0,"In the last two weeks, did this business use Artificial Intelligence (AI) in any of its business functions? (Examples of AI: machine learning, natural language processing, virtual agents, voice recognition, etc.)",Do not know,AI current
107,8/10/2026 - 8/23/2026,,,,334,,,,0.0,0.0,"In the last two weeks, did this business use Artificial Intelligence (AI) in any of its business functions? (Examples of AI: machine learning, natural language processing, virtual agents, voice recognition, etc.)",Do not know,AI current
107,8/10/2026 - 8/23/2026,,,,335,,,,0.0,0.0,"In the last two weeks, did this business use Artificial Intelligence (AI) in any of its business functions? (Examples of AI: machine learning, natural language processing, virtual agents, voice recognition, etc.)",Do not know,AI current
107,8/10/2026 - 8/23/2026,,,,336,,17.2,3.64,0.0,0.0,"In the last two weeks, did this business use Artificial Intelligence (AI) in any of its business functions? (Examples of AI: machine learning, natural language processing, virtual agents, voice recognition, etc.)",Do not know,AI current
107,8/10/2026 - 8/23/2026,,,,337,,7.2,3.28,0.0,0.0,"In the last two weeks, did this business use Artificial Intelligence (AI) in any of its business functions? (Examples of AI: machine learning, natural language processing, virtual agents, voice recognition, etc.)",Do not know,AI current
107,8/10/2026 - 8/23/2026,,,,339,,6.3,2.15,0.0,0.0,"In the last two weeks, did this business use Artificial Intelligence (AI) in any of its business functions? (Examples of AI: machine learning, natural language processing, virtual agents, voice recognition, etc.)",Do not know,AI current
107,8/10/2026 - 8/23/2026,,,,423,,8.7,0.88,0.0,0.0,"In the last two weeks, did this business use Artificial Intelligence (AI) in any of its business functions? (Examples of AI: machine learning, natural language processing, virtual agents, voice recognition, etc.)",Do not know,AI current
107,8/10/2026 - 8/23/2026,,,,424,,9.5,1.46,0.0,0.0,"In the last two weeks, did this business use Artificial Intelligence (AI) in any of its business functions? (Examples of AI: machine learning, natural language processing, virtual agents, voice recognition, etc.)",Do not know,AI current
107,8/10/2026 - 8/23/2026,,,,425,,7.5,2.42,0.0,0.0,"In the last two weeks, did this business use Artificial Intelligence (AI) in any of its business functions? (Examples of AI: machine learning, natural language processing, virtual agents, voice recognition, etc.)",Do not know,AI current
107,8/10/2026 - 8/23/2026,,,,42X,,67.3,15.73,0.0,0.0,"In the last two weeks, did this business use Artificial Intelligence (AI) in any of its business functions? (Examples of AI: machine learning, natural language processing, virtual agents, voice recognition, etc.)",Do not know,AI current
107,8/10/2026 - 8/23/2026,,,,441,,11.1,0.99,0.0,0.0,"In the last two weeks, did this business use Artificial Intelligence (AI) in any of its business functions? (Examples of AI: machine learning, natural language processing, virtual agents, voice recognition, etc.)",Do not know,AI current
107,8/10/2026 - 8/23/2026,,,,444,,6.5,1.19,0.0,0.0,"In the last two weeks, did this business use Artificial Intelligence (AI) in any of its business functions? (Examples of AI: machine learning, natural language processing, virtual agents, voice recognition, etc.)",Do not know,AI current
107,8/10/2026 - 8/23/2026,,,,445,,12.3,2.36,0.0,0.0,"In the last two weeks, did this business use Artificial Intelligence (AI) in any of its business functions? (Examples of AI: machine learning, natural language processing, virtual agents, voice recognition, etc.)",Do not know,AI current
107,8/10/2026 - 8/23/2026,,,,449,,5.6,1.44,0.0,0.0,"In the last two weeks, did this business use Artificial Intelligence (AI) in any of its business functions? (Examples of AI: machine learning, natural language processing, virtual agents, voice recognition, etc.)",Do not know,AI current
107,8/10/2026 - 8/23/2026,,,,44X,,,,0.0,0.0,"In the last two weeks, did this business use Artificial Intelligence (AI) in any of its business functions? (Examples of AI: machine learning, natural language processing, virtual agents, voice recognition, etc.)",Do not know,AI current
107,8/10/2026 - 8/23/2026,,,,455,,14.5,4.47,0.0,0.0,"In the last two weeks, did this business use Artificial Intelligence (AI) in any of its business functions? (Examples of AI: machine learning, natural language processing, virtual agents, voice recognition, etc.)",Do not know,AI current
107,8/10/2026 - 8/23/2026,,,,456,,8.7,1.68,0.0,0.0,"In the last two weeks, did this business use Artificial Intelligence (AI) in any of its business functions? (Examples of AI: machine learning, natural language processing, virtual agents, voice recognition, etc.)",Do not know,AI current
107,8/10/2026 - 8/23/2026,,,,457,,9.3,2.44,0.0,0.0,"In the last two weeks, did this business use Artificial Intelligence (AI) in any of its business functions? (Examples of AI: machine learning, natural language processing, virtual agents, voice recognition, etc.)",Do not know,AI current
107,8/10/2026 - 8/23/2026,,,,458,,8.8,1.28,0.0,0.0,"In the last two weeks, did this business use Artificial Intelligence (AI) in any of its business functions? (Examples of AI: machine learning, natural language processing, virtual agents, voice recognition, etc.)",Do not know,AI current
107,8/10/2026 - 8/23/2026,,,,459,,8.6,0.7,0.0,0.0,"In the last two weeks, did this business use Artificial Intelligence (AI) in any of its business functions? (Examples of AI: machine learning, natural language processing, virtual agents, voice recognition, etc.)",Do not know,AI current
107,8/10/2026 - 8/23/2026,,,,481,,39.5,17.6,0.0,0.0,"In the last two weeks, did this business use Artificial Intelligence (AI) in any of its business functions? (Examples of AI: machine learning, natural language processing, virtual agents, voice recognition, etc.)",Do not know,AI current
107,8/10/2026 - 8/23/2026,,,,484,,10.5,1.15,0.0,0.0,"In the last two weeks, did this business use Artificial Intelligence (AI) in any of its business functions? (Examples of AI: machine learning, natural language processing, virtual agents, voice recognition, etc.)",Do not know,AI current
107,8/10/2026 - 8/23/2026,,,,485,,,,0.0,0.0,"In the last two weeks, did this business use Artificial Intelligence (AI) in any of its business functions? (Examples of AI: machine learning, natural language processing, virtual agents, voice recognition, etc.)",Do not know,AI current
107,8/10/2026 - 8/23/2026,,,,487,,,,0.0,0.0,"In the last two weeks, did this business use Artificial Intelligence (AI) in any of its business functions? (Examples of AI: machine learning, natural language processing, virtual agents, voice recognition, etc.)",Do not know,AI current
107,8/10/2026 - 8/23/2026,,,,488,,11.4,3.48,0.0,0.0,"In the last two weeks, did this business use Artificial Intelligence (AI) in any of its business functions? (Examples of AI: machine learning, natural language processing, virtual agents, voice recognition, etc.)",Do not know,AI current
107,8/10/2026 - 8/23/2026,,,,492,,,,0.0,0.0,"In the last two weeks, did this business use Artificial Intelligence (AI) in any of its business functions? (Examples of AI: machine learning, natural language processing, virtual agents, voice recognition, etc.)",Do not know,AI current
107,8/10/2026 - 8/23/2026,,,,493,,,,0.0,0.0,"In the last two weeks, did this business use Artificial Intelligence (AI) in any of its business functions? (Examples of AI: machine learning, natural language processing, virtual agents, voice recognition, etc.)",Do not know,AI current
107,8/10/2026 - 8/23/2026,,,,512,,12.2,3.43,0.0,0.0,"In the last two weeks, did this business use Artificial Intelligence (AI) in any of its business functions? (Examples of AI: machine learning, natural language processing, virtual agents, voice recognition, etc.)",Do not know,AI current
107,8/10/2026 - 8/23/2026,,,,513,,7.0,2.15,0.0,0.0,"In the last two weeks, did this business use Artificial Intelligence (AI) in any of its business functions? (Examples of AI: machine learning, natural language processing, virtual agents, voice recognition, etc.)",Do not know,AI current
107,8/10/2026 - 8/23/2026,,,,516,,13.5,6.35,0.0,0.0,"In the last two weeks, did this business use Artificial Intelligence (AI) in any of its business functions? (Examples of AI: machine learning, natural language processing, virtual agents, voice recognition, etc.)",Do not know,AI current
107,8/10/2026 - 8/23/2026,,,,517,,,,0.0,0.0,"In the last two weeks, did this business use Artificial Intelligence (AI) in any of its business functions? (Examples of AI: machine learning, natural language processing, virtual agents, voice recognition, etc.)",Do not know,AI current
107,8/10/2026 - 8/23/2026,,,,518,,10.1,3.42,0.0,0.0,"In the last two weeks, did this business use Artificial Intelligence (AI) in any of its business functions? (Examples of AI: machine learning, natural language processing, virtual agents, voice recognition, etc.)",Do not know,AI current
107,8/10/2026 - 8/23/2026,,,,519,,,,0.0,0.0,"In the last two weeks, did this business use Artificial Intelligence (AI) in any of its business functions? (Examples of AI: machine learning, natural language processing, virtual agents, voice recognition, etc.)",Do not know,AI current
107,8/10/2026 - 8/23/2026,,,,522,,15.1,3.49,0.0,0.0,"In the last two weeks, did this business use Artificial Intelligence (AI) in any of its business functions? (Examples of AI: machine learning, natural language processing, virtual agents, voice recognition, etc.)",Do not know,AI current
107,8/10/2026 - 8/23/2026,,,,523,,7.3,1.54,0.0,0.0,"In the last two weeks, did this business use Artificial Intelligence (AI) in any of its business functions? (Examples of AI: machine learning, natural language processing, virtual agents, voice recognition, etc.)",Do not know,AI current
107,8/10/2026 - 8/23/2026,,,,524,,8.4,1.41,0.0,0.0,"In the last two weeks, did this business use Artificial Intelligence (AI) in any of its business functions? (Examples of AI: machine learning, natural language processing, virtual agents, voice recognition, etc.)",Do not know,AI current
107,8/10/2026 - 8/23/2026,,,,52X,,,,0.0,0.0,"In the last two weeks, did this business use Artificial Intelligence (AI) in any of its business functions? (Examples of AI: machine learning, natural language processing, virtual agents, voice recognition, etc.)",Do not know,AI current
107,8/10/2026 - 8/23/2026,,,,531,,12.2,1.22,0.0,0.0,"In the last two weeks, did this business use Artificial Intelligence (AI) in any of its business functions? (Examples of AI: machine learning, natural language processing, virtual agents, voice recognition, etc.)",Do not know,AI current
107,8/10/2026 - 8/23/2026,,,,532,,4.8,0.95,0.0,0.0,"In the last two weeks, did this business use Artificial Intelligence (AI) in any of its business functions? (Examples of AI: machine learning, natural language processing, virtual agents, voice recognition, etc.)",Do not know,AI current
107,8/10/2026 - 8/23/2026,,,,533,,,,0.0,0.0,"In the last two weeks, did this business use Artificial Intelligence (AI) in any of its business functions? (Examples of AI: machine learning, natural language processing, virtual agents, voice recognition, etc.)",Do not know,AI current
107,8/10/2026 - 8/23/2026,,,,541,,7.9,0.35,0.0,0.0,"In the last two weeks, did this business use Artificial Intelligence (AI) in any of its business functions? (Examples of AI: machine learning, natural language processing, virtual agents, voice recognition, etc.)",Do not know,AI current
107,8/10/2026 - 8/23/2026,,,,551,,13.7,6.31,0.0,0.0,"In the last two weeks, did this business use Artificial Intelligence (AI) in any of its business functions? (Examples of AI: machine learning, natural language processing, virtual agents, voice recognition, etc.)",Do not know,AI current
107,8/10/2026 - 8/23/2026,,,,561,,8.6,0.74,0.0,0.0,"In the last two weeks, did this business use Artificial Intelligence (AI) in any of its business functions? (Examples of AI: machine learning, natural language processing, virtual agents, voice recognition, etc.)",Do not know,AI current
107,8/10/2026 - 8/23/2026,,,,562,,13.7,4.7,0.0,0.0,"In the last two weeks, did this business use Artificial Intelligence (AI) in any of its business functions? (Examples of AI: machine learning, natural language processing, virtual agents, voice recognition, etc.)",Do not know,AI current
107,8/10/2026 - 8/23/2026,,,,611,,8.5,1.27,0.0,0.0,"In the last two weeks, did this business use Artificial Intelligence (AI) in any of its business functions? (Examples of AI: machine learning, natural language processing, virtual agents, voice recognition, etc.)",Do not know,AI current
107,8/10/2026 - 8/23/2026,,,,620,,,,0.0,0.0,"In the last two weeks, did this business use Artificial Intelligence (AI) in any of its business functions? (Examples of AI: machine learning, natural language processing, virtual agents, voice recognition, etc.)",Do not know,AI current
107,8/10/2026 - 8/23/2026,,,,621,,9.3,0.71,0.0,0.0,"In the last two weeks, did this business use Artificial Intelligence (AI) in any of its business functions? (Examples of AI: machine learning, natural language processing, virtual agents, voice recognition, etc.)",Do not know,AI current
107,8/10/2026 - 8/23/2026,,,,622,,,,0.0,0.0,"In the last two weeks, did this business use Artificial Intelligence (AI) in any of its business functions? (Examples of AI: machine learning, natural language processing, virtual agents, voice recognition, etc.)",Do not know,AI current
107,8/10/2026 - 8/23/2026,,,,623,,13.3,2.42,0.0,0.0,"In the last two weeks, did this business use Artificial Intelligence (AI) in any of its business functions? (Examples of AI: machine learning, natural language processing, virtual agents, voice recognition, etc.)",Do not know,AI current
107,8/10/2026 - 8/23/2026,,,,624,,11.4,1.37,0.0,0.0,"In the last two weeks, did this business use Artificial Intelligence (AI) in any of its business functions? (Examples of AI: machine learning, natural language processing, virtual agents, voice recognition, etc.)",Do not know,AI current
107,8/10/2026 - 8/23/2026,,,,62X,,,,0.0,0.0,"In the last two weeks, did this business use Artificial Intelligence (AI) in any of its business functions? (Examples of AI: machine learning, natural language processing, virtual agents, voice recognition, etc.)",Do not know,AI current
107,8/10/2026 - 8/23/2026,,,,710,,,,0.0,0.0,"In the last two weeks, did this business use Artificial Intelligence (AI) in any of its business functions? (Examples of AI: machine learning, natural language processing, virtual agents, voice recognition, etc.)",Do not know,AI current
107,8/10/2026 - 8/23/2026,,,,711,,20.6,2.18,0.0,0.0,"In the last two weeks, did this business use Artificial Intelligence (AI) in any of its business functions? (Examples of AI: machine learning, natural language processing, virtual agents, voice recognition, etc.)",Do not know,AI current
107,8/10/2026 - 8/23/2026,,,,712,,10.3,3.68,0.0,0.0,"In the last two weeks, did this business use Artificial Intelligence (AI) in any of its business functions? (Examples of AI: machine learning, natural language processing, virtual agents, voice recognition, etc.)",Do not know,AI current
107,8/10/2026 - 8/23/2026,,,,713,,7.6,1.24,0.0,0.0,"In the last two weeks, did this business use Artificial Intelligence (AI) in any of its business functions? (Examples of AI: machine learning, natural language processing, virtual agents, voice recognition, etc.)",Do not know,AI current
107,8/10/2026 - 8/23/2026,,,,71X,,,,0.0,0.0,"In the last two weeks, did this business use Artificial Intelligence (AI) in any of its business functions? (Examples of AI: machine learning, natural language processing, virtual agents, voice recognition, etc.)",Do not know,AI current
107,8/10/2026 - 8/23/2026,,,,721,,15.3,1.93,0.0,0.0,"In the last two weeks, did this business use Artificial Intelligence (AI) in any of its business functions? (Examples of AI: machine learning, natural language processing, virtual agents, voice recognition, etc.)",Do not know,AI current
107,8/10/2026 - 8/23/2026,,,,722,,11.8,1.05,0.0,0.0,"In the last two weeks, did this business use Artificial Intelligence (AI) in any of its business functions? (Examples of AI: machine learning, natural language processing, virtual agents, voice recognition, etc.)",Do not know,AI current
107,8/10/2026 - 8/23/2026,,,,811,,7.9,1.48,0.0,0.0,"In the last two weeks, did this business use Artificial Intelligence (AI) in any of its business functions? (Examples of AI: machine learning, natural language processing, virtual agents, voice recognition, etc.)",Do not know,AI current
107,8/10/2026 - 8/23/2026,,,,812,,9.5,1.29,0.0,0.0,"In the last two weeks, did this business use Artificial Intelligence (AI) in any of its business functions? (Examples of AI: machine learning, natural language processing, virtual agents, voice recognition, etc.)",Do not know,AI current
107,8/10/2026 - 8/23/2026,,,,XXX,,16.6,1.7,0.0,0.0,"In the last two weeks, did this business use Artificial Intelligence (AI) in any of its business functions? (Examples of AI: machine learning, natural language processing, virtual agents, voice recognition, etc.)",Do not know,AI current
107,8/10/2026 - 8/23/2026,,,12060.0,,,8.9,1.21,0.0,0.0,"In the last two weeks, did this business use Artificial Intelligence (AI) in any of its business functions? (Examples of AI: machine learning, natural language processing, virtual agents, voice recognition, etc.)",Do not know,AI current
107,8/10/2026 - 8/23/2026,,,12580.0,,,,,0.0,0.0,"In the last two weeks, did this business use Artificial Intelligence (AI) in any of its business functions? (Examples of AI: machine learning, natural language processing, virtual agents, voice recognition, etc.)",Do not know,AI current
107,8/10/2026 - 8/23/2026,,,14460.0,,,12.4,2.45,0.0,0.0,"In the last two weeks, did this business use Artificial Intelligence (AI) in any of its business functions? (Examples of AI: machine learning, natural language processing, virtual agents, voice recognition, etc.)",Do not know,AI current
107,8/10/2026 - 8/23/2026,,,16740.0,,,9.1,1.99,0.0,0.0,"In the last two weeks, did this business use Artificial Intelligence (AI) in any of its business functions? (Examples of AI: machine learning, natural language processing, virtual agents, voice recognition, etc.)",Do not know,AI current
107,8/10/2026 - 8/23/2026,,,16980.0,,,12.9,1.73,0.0,0.0,"In the last two weeks, did this business use Artificial Intelligence (AI) in any of its business functions? (Examples of AI: machine learning, natural language processing, virtual agents, voice recognition, etc.)",Do not know,AI current
107,8/10/2026 - 8/23/2026,,,19100.0,,,9.2,2.09,0.0,0.0,"In the last two weeks, did this business use Artificial Intelligence (AI) in any of its business functions? (Examples of AI: machine learning, natural language processing, virtual agents, voice recognition, etc.)",Do not know,AI current
107,8/10/2026 - 8/23/2026,,,19740.0,,,11.7,2.87,0.0,0.0,"In the last two weeks, did this business use Artificial Intelligence (AI) in any of its business functions? (Examples of AI: machine learning, natural language processing, virtual agents, voice recognition, etc.)",Do not know,AI current
107,8/10/2026 - 8/23/2026,,,19820.0,,,11.8,2.33,0.0,0.0,"In the last two weeks, did this business use Artificial Intelligence (AI) in any of its business functions? (Examples of AI: machine learning, natural language processing, virtual agents, voice recognition, etc.)",Do not know,AI current
107,8/10/2026 - 8/23/2026,,,26420.0,,,8.0,1.24,0.0,0.0,"In the last two weeks, did this business use Artificial Intelligence (AI) in any of its business functions? (Examples of AI: machine learning, natural language processing, virtual agents, voice recognition, etc.)",Do not know,AI current
107,8/10/2026 - 8/23/2026,,,31080.0,,,13.2,0.84,0.0,0.0,"In the last two weeks, did this business use Artificial Intelligence (AI) in any of its business functions? (Examples of AI: machine learning, natural language processing, virtual agents, voice recognition, etc.)",Do not know,AI current
107,8/10/2026 - 8/23/2026,,,33100.0,,,7.2,0.95,0.0,0.0,"In the last two weeks, did this business use Artificial Intelligence (AI) in any of its business functions? (Examples of AI: machine learning, natural language processing, virtual agents, voice recognition, etc.)",Do not know,AI current
107,8/10/2026 - 8/23/2026,,,33460.0,,,9.7,2.38,0.0,0.0,"In the last two weeks, did this business use Artificial Intelligence (AI) in any of its business functions? (Examples of AI: machine learning, natural language processing, virtual agents, voice recognition, etc.)",Do not know,AI current
107,8/10/2026 - 8/23/2026,,,35620.0,,,13.7,0.46,0.0,0.0,"In the last two weeks, did this business use Artificial Intelligence (AI) in any of its business functions? (Examples of AI: machine learning, natural language processing, virtual agents, voice recognition, etc.)",Do not know,AI current
107,8/10/2026 - 8/23/2026,,,36740.0,,,,,0.0,0.0,"In the last two weeks, did this business use Artificial Intelligence (AI) in any of its business functions? (Examples of AI: machine learning, natural language processing, virtual agents, voice recognition, etc.)",Do not know,AI current
107,8/10/2026 - 8/23/2026,,,37980.0,,,9.8,1.28,0.0,0.0,"In the last two weeks, did this business use Artificial Intelligence (AI) in any of its business functions? (Examples of AI: machine learning, natural language processing, virtual agents, voice recognition, etc.)",Do not know,AI current
107,8/10/2026 - 8/23/2026,,,38060.0,,,6.4,1.01,0.0,0.0,"In the last two weeks, did this business use Artificial Intelligence (AI) in any of its business functions? (Examples of AI: machine learning, natural language processing, virtual agents, voice recognition, etc.)",Do not know,AI current
107,8/10/2026 - 8/23/2026,,,38900.0,,,7.6,2.34,0.0,0.0,"In the last two weeks, did this business use Artificial Intelligence (AI) in any of its business functions? (Examples of AI: machine learning, natural language processing, virtual agents, voice recognition, etc.)",Do not know,AI current
107,8/10/2026 - 8/23/2026,,,40140.0,,,9.8,1.43,0.0,0.0,"In the last two weeks, did this business use Artificial Intelligence (AI) in any of its business functions? (Examples of AI: machine learning, natural language processing, virtual agents, voice recognition, etc.)",Do not know,AI current
107,8/10/2026 - 8/23/2026,,,41180.0,,,,,0.0,0.0,"In the last two weeks, did this business use Artificial Intelligence (AI) in any of its business functions? (Examples of AI: machine learning, natural language processing, virtual agents, voice recognition, etc.)",Do not know,AI current
107,8/10/2026 - 8/23/2026,,,41700.0,,,,,0.0,0.0,"In the last two weeks, did this business use Artificial Intelligence (AI) in any of its business functions? (Examples of AI: machine learning, natural language processing, virtual agents, voice recognition, etc.)",Do not know,AI current
107,8/10/2026 - 8/23/2026,,,41740.0,,,10.9,2.49,0.0,0.0,"In the last two weeks, did this business use Artificial Intelligence (AI) in any of its business functions? (Examples of AI: machine learning, natural language processing, virtual agents, voice recognition, etc.)",Do not know,AI current
107,8/10/2026 - 8/23/2026,,,41860.0,,,11.5,1.58,0.0,0.0,"In the last two weeks, did this business use Artificial Intelligence (AI) in any of its business functions? (Examples of AI: machine learning, natural language processing, virtual agents, voice recognition, etc.)",Do not know,AI current
107,8/10/2026 - 8/23/2026,,,42660.0,,,,,0.0,0.0,"In the last two weeks, did this business use Artificial Intelligence (AI) in any of its business functions? (Examples of AI: machine learning, natural language processing, virtual agents, voice recognition, etc.)",Do not know,AI current
107,8/10/2026 - 8/23/2026,,,45300.0,,,,,0.0,0.0,"In the last two weeks, did this business use Artificial Intelligence (AI) in any of its business functions? (Examples of AI: machine learning, natural language processing, virtual agents, voice recognition, etc.)",Do not know,AI current
107,8/10/2026 - 8/23/2026,,,47900.0,,,10.2,1.65,0.0,0.0,"In the last two weeks, did this business use Artificial Intelligence (AI) in any of its business functions? (Examples of AI: machine learning, natural language processing, virtual agents, voice recognition, etc.)",Do not know,AI current
107,8/10/2026 - 8/23/2026,,,,,E,14.2,0.86,0.0,0.0,"In the last two weeks, did this business use Artificial Intelligence (AI) in any of its business functions? (Examples of AI: machine learning, natural language processing, virtual agents, voice recognition, etc.)",Do not know,AI current
107,8/10/2026 - 8/23/2026,,,,,B,9.4,0.39,0.0,0.0,"In the last two weeks, did this business use Artificial Intelligence (AI) in any of its business functions? (Examples of AI: machine learning, natural language processing, virtual agents, voice recognition, etc.)",Do not know,AI current
107,8/10/2026 - 8/23/2026,,,,,,9.4,0.23,0.0,0.0,"In the last two weeks, did this business use Artificial Intelligence (AI) in any of its business functions? (Examples of AI: machine learning, natural language processing, virtual agents, voice recognition, etc.)",Do not know,AI current
107,8/10/2026 - 8/23/2026,,,,,D,12.8,0.46,0.0,0.0,"In the last two weeks, did this business use Artificial Intelligence (AI) in any of its business functions? (Examples of AI: machine learning, natural language processing, virtual agents, voice recognition, etc.)",Do not know,AI current
107,8/10/2026 - 8/23/2026,,,,,A,8.4,0.25,0.0,0.0,"In the last two weeks, did this business use Artificial Intelligence (AI) in any of its business functions? (Examples of AI: machine learning, natural language processing, virtual agents, voice recognition, etc.)",Do not know,AI current
107,8/10/2026 - 8/23/2026,,,,,F,17.8,1.05,0.0,0.0,"In the last two weeks, did this business use Artificial Intelligence (AI) in any of its business functions? (Examples of AI: machine learning, natural language processing, virtual agents, voice recognition, etc.)",Do not know,AI current
107,8/10/2026 - 8/23/2026,,,,,C,10.5,0.55,0.0,0.0,"In the last two weeks, did this business use Artificial Intelligence (AI) in any of its business functions? (Examples of AI: machine learning, natural language processing, virtual agents, voice recognition, etc.)",Do not know,AI current
107,8/10/2026 - 8/23/2026,,,,,G,20.4,2.15,0.0,0.0,"In the last two weeks, did this business use Artificial Intelligence (AI) in any of its business functions? (Examples of AI: machine learning, natural language processing, virtual agents, voice recognition, etc.)",Do not know,AI current
107,8/10/2026 - 8/23/2026,AK,,,,,20.7,4.39,0.0,0.0,"During the next six months, do you think this business will be using Artificial Intelligence (AI) in any of its business functions? (Examples of AI: machine learning, natural language processing, virtual agents, voice recognition, etc.)",Yes,AI future
107,8/10/2026 - 8/23/2026,AL,,,,,22.8,1.97,0.0,0.0,"During the next six months, do you think this business will be using Artificial Intelligence (AI) in any of its business functions? (Examples of AI: machine learning, natural language processing, virtual agents, voice recognition, etc.)",Yes,AI future
107,8/10/2026 - 8/23/2026,AR,,,,,24.2,3.5,0.0,0.0,"During the next six months, do you think this business will be using Artificial Intelligence (AI) in any of its business functions? (Examples of AI: machine learning, natural language processing, virtual agents, voice recognition, etc.)",Yes,AI future
107,8/10/2026 - 8/23/2026,AZ,,,,,25.1,1.84,0.0,0.0,"During the next six months, do you think this business will be using Artificial Intelligence (AI) in any of its business functions? (Examples of AI: machine learning, natural language processing, virtual agents, voice recognition, etc.)",Yes,AI future
107,8/10/2026 - 8/23/2026,CA,,,,,26.8,0.89,0.0,0.0,"During the next six months, do you think this business will be using Artificial Intelligence (AI) in any of its business functions? (Examples of AI: machine learning, natural language processing, virtual agents, voice recognition, etc.)",Yes,AI future
107,8/10/2026 - 8/23/2026,CO,,,,,32.4,2.61,0.0,0.0,"During the next six months, do you think this business will be using Artificial Intelligence (AI) in any of its business functions? (Examples of AI: machine learning, natural language processing, virtual agents, voice recognition, etc.)",Yes,AI future
107,8/10/2026 - 8/23/2026,CT,,,,,20.9,1.43,0.0,0.0,"During the next six months, do you think this business will be using Artificial Intelligence (AI) in any of its business functions? (Examples of AI: machine learning, natural language processing, virtual agents, voice recognition, etc.)",Yes,AI future
107,8/10/2026 - 8/23/2026,DC,,,,,50.0,7.13,0.0,0.0,"During the next six months, do you think this business will be using Artificial Intelligence (AI) in any of its business functions? (Examples of AI: machine learning, natural language processing, virtual agents, voice recognition, etc.)",Yes,AI future
107,8/10/2026 - 8/23/2026,DE,,,,,24.8,4.29,0.0,0.0,"During the next six months, do you think this business will be using Artificial Intelligence (AI) in any of its business functions? (Examples of AI: machine learning, natural language processing, virtual agents, voice recognition, etc.)",Yes,AI future
107,8/10/2026 - 8/23/2026,FL,,,,,28.7,1.47,0.0,0.0,"During the next six months, do you think this business will be using Artificial Intelligence (AI) in any of its business functions? (Examples of AI: machine learning, natural language processing, virtual agents, voice recognition, etc.)",Yes,AI future
107,8/10/2026 - 8/23/2026,GA,,,,,29.8,2.13,0.0,0.0,"During the next six months, do you think this business will be using Artificial Intelligence (AI) in any of its business functions? (Examples of AI: machine learning, natural language processing, virtual agents, voice recognition, etc.)",Yes,AI future
107,8/10/2026 - 8/23/2026,HI,,,,,25.5,4.14,0.0,0.0,"During the next six months, do you think this business will be using Artificial Intelligence (AI) in any of its business functions? (Examples of AI: machine learning, natural language processing, virtual agents, voice recognition, etc.)",Yes,AI future
107,8/10/2026 - 8/23/2026,IA,,,,,24.7,2.73,0.0,0.0,"During the next six months, do you think this business will be using Artificial Intelligence (AI) in any of its business functions? (Examples of AI: machine learning, natural language processing, virtual agents, voice recognition, etc.)",Yes,AI future
107,8/10/2026 - 8/23/2026,ID,,,,,30.2,5.14,0.0,0.0,"During the next six months, do you think this business will be using Artificial Intelligence (AI) in any of its business functions? (Examples of AI: machine learning, natural language processing, virtual agents, voice recognition, etc.)",Yes,AI future
107,8/10/2026 - 8/23/2026,IL,,,,,21.9,1.15,0.0,0.0,"During the next six months, do you think this business will be using Artificial Intelligence (AI) in any of its business functions? (Examples of AI: machine learning, natural language processing, virtual agents, voice recognition, etc.)",Yes,AI future
107,8/10/2026 - 8/23/2026,IN,,,,,21.7,2.18,0.0,0.0,"During the next six months, do you think this business will be using Artificial Intelligence (AI) in any of its business functions? (Examples of AI: machine learning, natural language processing, virtual agents, voice recognition, etc.)",Yes,AI future
107,8/10/2026 - 8/23/2026,KS,,,,,27.1,3.0,0.0,0.0,"During the next six months, do you think this business will be using Artificial Intelligence (AI) in any of its business functions? (Examples of AI: machine learning, natural language processing, virtual agents, voice recognition, etc.)",Yes,AI future
107,8/10/2026 - 8/23/2026,KY,,,,,22.3,2.52,0.0,0.0,"During the next six months, do you think this business will be using Artificial Intelligence (AI) in any of its business functions? (Examples of AI: machine learning, natural language processing, virtual agents, voice recognition, etc.)",Yes,AI future
107,8/10/2026 - 8/23/2026,LA,,,,,26.5,2.22,0.0,0.0,"During the next six months, do you think this business will be using Artificial Intelligence (AI) in any of its business functions? (Examples of AI: machine learning, natural language processing, virtual agents, voice recognition, etc.)",Yes,AI future
107,8/10/2026 - 8/23/2026,MA,,,,,22.1,2.48,0.0,0.0,"During the next six months, do you think this business will be using Artificial Intelligence (AI) in any of its business functions? (Examples of AI: machine learning, natural language processing, virtual agents, voice recognition, etc.)",Yes,AI future
107,8/10/2026 - 8/23/2026,MD,,,,,30.5,1.57,0.0,0.0,"During the next six months, do you think this business will be using Artificial Intelligence (AI) in any of its business functions? (Examples of AI: machine learning, natural language processing, virtual agents, voice recognition, etc.)",Yes,AI future
107,8/10/2026 - 8/23/2026,ME,,,,,18.7,3.17,0.0,0.0,"During the next six months, do you think this business will be using Artificial Intelligence (AI) in any of its business functions? (Examples of AI: machine learning, natural language processing, virtual agents, voice recognition, etc.)",Yes,AI future
107,8/10/2026 - 8/23/2026,MI,,,,,22.4,2.1,0.0,0.0,"During the next six months, do you think this business will be using Artificial Intelligence (AI) in any of its business functions? (Examples of AI: machine learning, natural language processing, virtual agents, voice recognition, etc.)",Yes,AI future
107,8/10/2026 - 8/23/2026,MN,,,,,29.3,1.55,0.0,0.0,"During the next six months, do you think this business will be using Artificial Intelligence (AI) in any of its business functions? (Examples of AI: machine learning, natural language processing, virtual agents, voice recognition, etc.)",Yes,AI future
107,8/10/2026 - 8/23/2026,MO,,,,,23.1,1.57,0.0,0.0,"During the next six months, do you think this business will be using Artificial Intelligence (AI) in any of its business functions? (Examples of AI: machine learning, natural language processing, virtual agents, voice recognition, etc.)",Yes,AI future
107,8/10/2026 - 8/23/2026,MS,,,,,21.6,3.36,0.0,0.0,"During the next six months, do you think this business will be using Artificial Intelligence (AI) in any of its business functions? (Examples of AI: machine learning, natural language processing, virtual agents, voice recognition, etc.)",Yes,AI future
107,8/10/2026 - 8/23/2026,MT,,,,,25.9,2.17,0.0,0.0,"During the next six months, do you think this business will be using Artificial Intelligence (AI) in any of its business functions? (Examples of AI: machine learning, natural language processing, virtual agents, voice recognition, etc.)",Yes,AI future
107,8/10/2026 - 8/23/2026,NC,,,,,27.5,1.3,0.0,0.0,"During the next six months, do you think this business will be using Artificial Intelligence (AI) in any of its business functions? (Examples of AI: machine learning, natural language processing, virtual agents, voice recognition, etc.)",Yes,AI future
107,8/10/2026 - 8/23/2026,ND,,,,,,,0.0,0.0,"During the next six months, do you think this business will be using Artificial Intelligence (AI) in any of its business functions? (Examples of AI: machine learning, natural language processing, virtual agents, voice recognition, etc.)",Yes,AI future
107,8/10/2026 - 8/23/2026,NE,,,,,26.7,4.5,0.0,0.0,"During the next six months, do you think this business will be using Artificial Intelligence (AI) in any of its business functions? (Examples of AI: machine learning, natural language processing, virtual agents, voice recognition, etc.)",Yes,AI future
107,8/10/2026 - 8/23/2026,NH,,,,,20.1,4.52,0.0,0.0,"During the next six months, do you think this business will be using Artificial Intelligence (AI) in any of its business functions? (Examples of AI: machine learning, natural language processing, virtual agents, voice recognition, etc.)",Yes,AI future
107,8/10/2026 - 8/23/2026,NJ,,,,,20.8,1.45,0.0,0.0,"During the next six months, do you think this business will be using Artificial Intelligence (AI) in any of its business functions? (Examples of AI: machine learning, natural language processing, virtual agents, voice recognition, etc.)",Yes,AI future
107,8/10/2026 - 8/23/2026,NM,,,,,21.2,3.5,0.0,0.0,"During the next six months, do you think this business will be using Artificial Intelligence (AI) in any of its business functions? (Examples of AI: machine learning, natural language processing, virtual agents, voice recognition, etc.)",Yes,AI future
107,8/10/2026 - 8/23/2026,NV,,,,,25.2,3.26,0.0,0.0,"During the next six months, do you think this business will be using Artificial Intelligence (AI) in any of its business functions? (Examples of AI: machine learning, natural language processing, virtual agents, voice recognition, etc.)",Yes,AI future
107,8/10/2026 - 8/23/2026,NY,,,,,19.8,0.76,0.0,0.0,"During the next six months, do you think this business will be using Artificial Intelligence (AI) in any of its business functions? (Examples of AI: machine learning, natural language processing, virtual agents, voice recognition, etc.)",Yes,AI future
107,8/10/2026 - 8/23/2026,OH,,,,,24.8,1.23,0.0,0.0,"During the next six months, do you think this business will be using Artificial Intelligence (AI) in any of its business functions? (Examples of AI: machine learning, natural language processing, virtual agents, voice recognition, etc.)",Yes,AI future
107,8/10/2026 - 8/23/2026,OK,,,,,21.9,1.71,0.0,0.0,"During the next six months, do you think this business will be using Artificial Intelligence (AI) in any of its business functions? (Examples of AI: machine learning, natural language processing, virtual agents, voice recognition, etc.)",Yes,AI future
107,8/10/2026 - 8/23/2026,OR,,,,,26.0,1.49,0.0,0.0,"During the next six months, do you think this business will be using Artificial Intelligence (AI) in any of its business functions? (Examples of AI: machine learning, natural language processing, virtual agents, voice recognition, etc.)",Yes,AI future
107,8/10/2026 - 8/23/2026,PA,,,,,24.8,1.9,0.0,0.0,"During the next six months, do you think this business will be using Artificial Intelligence (AI) in any of its business functions? (Examples of AI: machine learning, natural language processing, virtual agents, voice recognition, etc.)",Yes,AI future
107,8/10/2026 - 8/23/2026,PR,,,,,16.3,2.94,0.0,0.0,"During the next six months, do you think this business will be using Artificial Intelligence (AI) in any of its business functions? (Examples of AI: machine learning, natural language processing, virtual agents, voice recognition, etc.)",Yes,AI future
107,8/10/2026 - 8/23/2026,RI,,,,,17.6,5.4,0.0,0.0,"During the next six months, do you think this business will be using Artificial Intelligence (AI) in any of its business functions? (Examples of AI: machine learning, natural language processing, virtual agents, voice recognition, etc.)",Yes,AI future
107,8/10/2026 - 8/23/2026,SC,,,,,30.0,2.82,0.0,0.0,"During the next six months, do you think this business will be using Artificial Intelligence (AI) in any of its business functions? (Examples of AI: machine learning, natural language processing, virtual agents, voice recognition, etc.)",Yes,AI future
107,8/10/2026 - 8/23/2026,SD,,,,,25.0,4.78,0.0,0.0,"During the next six months, do you think this business will be using Artificial Intelligence (AI) in any of its business functions? (Examples of AI: machine learning, natural language processing, virtual agents, voice recognition, etc.)",Yes,AI future
107,8/10/2026 - 8/23/2026,TN,,,,,24.2,2.86,0.0,0.0,"During the next six months, do you think this business will be using Artificial Intelligence (AI) in any of its business functions? (Examples of AI: machine learning, natural language processing, virtual agents, voice recognition, etc.)",Yes,AI future
107,8/10/2026 - 8/23/2026,TX,,,,,28.9,0.89,0.0,0.0,"During the next six months, do you think this business will be using Artificial Intelligence (AI) in any of its business functions? (Examples of AI: machine learning, natural language processing, virtual agents, voice recognition, etc.)",Yes,AI future
107,8/10/2026 - 8/23/2026,UT,,,,,36.3,3.91,0.0,0.0,"During the next six months, do you think this business will be using Artificial Intelligence (AI) in any of its business functions? (Examples of AI: machine learning, natural language processing, virtual agents, voice recognition, etc.)",Yes,AI future
107,8/10/2026 - 8/23/2026,VA,,,,,25.8,1.79,0.0,0.0,"During the next six months, do you think this business will be using Artificial Intelligence (AI) in any of its business functions? (Examples of AI: machine learning, natural language processing, virtual agents, voice recognition, etc.)",Yes,AI future
107,8/10/2026 - 8/23/2026,VT,,,,,31.3,5.31,0.0,0.0,"During the next six months, do you think this business will be using Artificial Intelligence (AI) in any of its business functions? (Examples of AI: machine learning, natural language processing, virtual agents, voice recognition, etc.)",Yes,AI future
107,8/10/2026 - 8/23/2026,WA,,,,,32.4,2.56,0.0,0.0,"During the next six months, do you think this business will be using Artificial Intelligence (AI) in any of its business functions? (Examples of AI: machine learning, natural language processing, virtual agents, voice recognition, etc.)",Yes,AI future
107,8/10/2026 - 8/23/2026,WI,,,,,24.9,1.79,0.0,0.0,"During the next six months, do you think this business will be using Artificial Intelligence (AI) in any of its business functions? (Examples of AI: machine learning, natural language processing, virtual agents, voice recognition, etc.)",Yes,AI future
107,8/10/2026 - 8/23/2026,WV,,,,,16.4,4.28,0.0,0.0,"During the next six months, do you think this business will be using Artificial Intelligence (AI) in any of its business functions? (Examples of AI: machine learning, natural language processing, virtual agents, voice recognition, etc.)",Yes,AI future
107,8/10/2026 - 8/23/2026,WY,,,,,26.4,3.58,0.0,0.0,"During the next six months, do you think this business will be using Artificial Intelligence (AI) in any of its business functions? (Examples of AI: machine learning, natural language processing, virtual agents, voice recognition, etc.)",Yes,AI future
107,8/10/2026 - 8/23/2026,XX,,,,,42.1,2.41,0.0,0.0,"During the next six months, do you think this business will be using Artificial Intelligence (AI) in any of its business functions? (Examples of AI: machine learning, natural language processing, virtual agents, voice recognition, etc.)",Yes,AI future
107,8/10/2026 - 8/23/2026,,11,,,D,,,0.0,0.0,"During the next six months, do you think this business will be using Artificial Intelligence (AI) in any of its business functions? (Examples of AI: machine learning, natural language processing, virtual agents, voice recognition, etc.)",Yes,AI future
107,8/10/2026 - 8/23/2026,,11,,,,6.8,2.55,0.0,0.0,"During the next six months, do you think this business will be using Artificial Intelligence (AI) in any of its business functions? (Examples of AI: machine learning, natural language processing, virtual agents, voice recognition, etc.)",Yes,AI future
107,8/10/2026 - 8/23/2026,,11,,,B,,,0.0,0.0,"During the next six months, do you think this business will be using Artificial Intelligence (AI) in any of its business functions? (Examples of AI: machine learning, natural language processing, virtual agents, voice recognition, etc.)",Yes,AI future
107,8/10/2026 - 8/23/2026,,11,,,A,,,0.0,0.0,"During the next six months, do you think this business will be using Artificial Intelligence (AI) in any of its business functions? (Examples of AI: machine learning, natural language processing, virtual agents, voice recognition, etc.)",Yes,AI future
107,8/10/2026 - 8/23/2026,,11,,,C,,,0.0,0.0,"During the next six months, do you think this business will be using Artificial Intelligence (AI) in any of its business functions? (Examples of AI: machine learning, natural language processing, virtual agents, voice recognition, etc.)",Yes,AI future
107,8/10/2026 - 8/23/2026,,21,,,G,,,0.0,0.0,"During the next six months, do you think this business will be using Artificial Intelligence (AI) in any of its business functions? (Examples of AI: machine learning, natural language processing, virtual agents, voice recognition, etc.)",Yes,AI future
107,8/10/2026 - 8/23/2026,,21,,,B,,,0.0,0.0,"During the next six months, do you think this business will be using Artificial Intelligence (AI) in any of its business functions? (Examples of AI: machine learning, natural language processing, virtual agents, voice recognition, etc.)",Yes,AI future
107,8/10/2026 - 8/23/2026,,21,,,E,68.1,17.48,0.0,0.0,"During the next six months, do you think this business will be using Artificial Intelligence (AI) in any of its business functions? (Examples of AI: machine learning, natural language processing, virtual agents, voice recognition, etc.)",Yes,AI future
107,8/10/2026 - 8/23/2026,,21,,,F,,,0.0,0.0,"During the next six months, do you think this business will be using Artificial Intelligence (AI) in any of its business functions? (Examples of AI: machine learning, natural language processing, virtual agents, voice recognition, etc.)",Yes,AI future
107,8/10/2026 - 8/23/2026,,21,,,D,,,0.0,0.0,"During the next six months, do you think this business will be using Artificial Intelligence (AI) in any of its business functions? (Examples of AI: machine learning, natural language processing, virtual agents, voice recognition, etc.)",Yes,AI future
107,8/10/2026 - 8/23/2026,,21,,,,10.7,3.52,0.0,0.0,"During the next six months, do you think this business will be using Artificial Intelligence (AI) in any of its business functions? (Examples of AI: machine learning, natural language processing, virtual agents, voice recognition, etc.)",Yes,AI future
107,8/10/2026 - 8/23/2026,,21,,,A,,,0.0,0.0,"During the next six months, do you think this business will be using Artificial Intelligence (AI) in any of its business functions? (Examples of AI: machine learning, natural language processing, virtual agents, voice recognition, etc.)",Yes,AI future
107,8/10/2026 - 8/23/2026,,22,,,F,,,0.0,0.0,"During the next six months, do you think this business will be using Artificial Intelligence (AI) in any of its business functions? (Examples of AI: machine learning, natural language processing, virtual agents, voice recognition, etc.)",Yes,AI future
107,8/10/2026 - 8/23/2026,,22,,,B,,,0.0,0.0,"During the next six months, do you think this business will be using Artificial Intelligence (AI) in any of its business functions? (Examples of AI: machine learning, natural language processing, virtual agents, voice recognition, etc.)",Yes,AI future
107,8/10/2026 - 8/23/2026,,22,,,E,,,0.0,0.0,"During the next six months, do you think this business will be using Artificial Intelligence (AI) in any of its business functions? (Examples of AI: machine learning, natural language processing, virtual agents, voice recognition, etc.)",Yes,AI future
107,8/10/2026 - 8/23/2026,,22,,,A,20.4,5.8,0.0,0.0,"During the next six months, do you think this business will be using Artificial Intelligence (AI) in any of its business functions? (Examples of AI: machine learning, natural language processing, virtual agents, voice recognition, etc.)",Yes,AI future
107,8/10/2026 - 8/23/2026,,22,,,D,,,0.0,0.0,"During the next six months, do you think this business will be using Artificial Intelligence (AI) in any of its business functions? (Examples of AI: machine learning, natural language processing, virtual agents, voice recognition, etc.)",Yes,AI future
107,8/10/2026 - 8/23/2026,,22,,,G,,,0.0,0.0,"During the next six months, do you think this business will be using Artificial Intelligence (AI) in any of its business functions? (Examples of AI: machine learning, natural language processing, virtual agents, voice recognition, etc.)",Yes,AI future
107,8/10/2026 - 8/23/2026,,22,,,,23.3,5.85,0.0,0.0,"During the next six months, do you think this business will be using Artificial Intelligence (AI) in any of its business functions? (Examples of AI: machine learning, natural language processing, virtual agents, voice recognition, etc.)",Yes,AI future
107,8/10/2026 - 8/23/2026,,22,,,C,39.1,17.27,0.0,0.0,"During the next six months, do you think this business will be using Artificial Intelligence (AI) in any of its business functions? (Examples of AI: machine learning, natural language processing, virtual agents, voice recognition, etc.)",Yes,AI future
107,8/10/2026 - 8/23/2026,,23,,,A,14.3,1.19,0.0,0.0,"During the next six months, do you think this business will be using Artificial Intelligence (AI) in any of its business functions? (Examples of AI: machine learning, natural language processing, virtual agents, voice recognition, etc.)",Yes,AI future
107,8/10/2026 - 8/23/2026,,23,,,C,17.8,1.7,0.0,0.0,"During the next six months, do you think this business will be using Artificial Intelligence (AI) in any of its business functions? (Examples of AI: machine learning, natural language processing, virtual agents, voice recognition, etc.)",Yes,AI future
107,8/10/2026 - 8/23/2026,,23,,,G,50.2,17.99,0.0,0.0,"During the next six months, do you think this business will be using Artificial Intelligence (AI) in any of its business functions? (Examples of AI: machine learning, natural language processing, virtual agents, voice recognition, etc.)",Yes,AI future
107,8/10/2026 - 8/23/2026,,23,,,F,39.1,6.09,0.0,0.0,"During the next six months, do you think this business will be using Artificial Intelligence (AI) in any of its business functions? (Examples of AI: machine learning, natural language processing, virtual agents, voice recognition, etc.)",Yes,AI future
107,8/10/2026 - 8/23/2026,,23,,,D,25.8,2.85,0.0,0.0,"During the next six months, do you think this business will be using Artificial Intelligence (AI) in any of its business functions? (Examples of AI: machine learning, natural language processing, virtual agents, voice recognition, etc.)",Yes,AI future
107,8/10/2026 - 8/23/2026,,23,,,,16.1,1.01,0.0,0.0,"During the next six months, do you think this business will be using Artificial Intelligence (AI) in any of its business functions? (Examples of AI: machine learning, natural language processing, virtual agents, voice recognition, etc.)",Yes,AI future
107,8/10/2026 - 8/23/2026,,23,,,B,16.4,2.41,0.0,0.0,"During the next six months, do you think this business will be using Artificial Intelligence (AI) in any of its business functions? (Examples of AI: machine learning, natural language processing, virtual agents, voice recognition, etc.)",Yes,AI future
107,8/10/2026 - 8/23/2026,,23,,,E,24.4,6.23,0.0,0.0,"During the next six months, do you think this business will be using Artificial Intelligence (AI) in any of its business functions? (Examples of AI: machine learning, natural language processing, virtual agents, voice recognition, etc.)",Yes,AI future
107,8/10/2026 - 8/23/2026,,31,,,,23.3,0.89,0.0,0.0,"During the next six months, do you think this business will be using Artificial Intelligence (AI) in any of its business functions? (Examples of AI: machine learning, natural language processing, virtual agents, voice recognition, etc.)",Yes,AI future
107,8/10/2026 - 8/23/2026,,31,,,D,19.9,2.12,0.0,0.0,"During the next six months, do you think this business will be using Artificial Intelligence (AI) in any of its business functions? (Examples of AI: machine learning, natural language processing, virtual agents, voice recognition, etc.)",Yes,AI future
107,8/10/2026 - 8/23/2026,,31,,,A,20.2,2.22,0.0,0.0,"During the next six months, do you think this business will be using Artificial Intelligence (AI) in any of its business functions? (Examples of AI: machine learning, natural language processing, virtual agents, voice recognition, etc.)",Yes,AI future
107,8/10/2026 - 8/23/2026,,31,,,C,25.0,2.45,0.0,0.0,"During the next six months, do you think this business will be using Artificial Intelligence (AI) in any of its business functions? (Examples of AI: machine learning, natural language processing, virtual agents, voice recognition, etc.)",Yes,AI future
107,8/10/2026 - 8/23/2026,,31,,,F,48.0,3.49,0.0,0.0,"During the next six months, do you think this business will be using Artificial Intelligence (AI) in any of its business functions? (Examples of AI: machine learning, natural language processing, virtual agents, voice recognition, etc.)",Yes,AI future
107,8/10/2026 - 8/23/2026,,31,,,B,22.1,2.39,0.0,0.0,"During the next six months, do you think this business will be using Artificial Intelligence (AI) in any of its business functions? (Examples of AI: machine learning, natural language processing, virtual agents, voice recognition, etc.)",Yes,AI future
107,8/10/2026 - 8/23/2026,,31,,,G,37.9,7.69,0.0,0.0,"During the next six months, do you think this business will be using Artificial Intelligence (AI) in any of its business functions? (Examples of AI: machine learning, natural language processing, virtual agents, voice recognition, etc.)",Yes,AI future
107,8/10/2026 - 8/23/2026,,31,,,E,33.4,4.24,0.0,0.0,"During the next six months, do you think this business will be using Artificial Intelligence (AI) in any of its business functions? (Examples of AI: machine learning, natural language processing, virtual agents, voice recognition, etc.)",Yes,AI future
107,8/10/2026 - 8/23/2026,,42,,,E,31.2,6.94,0.0,0.0,"During the next six months, do you think this business will be using Artificial Intelligence (AI) in any of its business functions? (Examples of AI: machine learning, natural language processing, virtual agents, voice recognition, etc.)",Yes,AI future
107,8/10/2026 - 8/23/2026,,42,,,,22.1,0.73,0.0,0.0,"During the next six months, do you think this business will be using Artificial Intelligence (AI) in any of its business functions? (Examples of AI: machine learning, natural language processing, virtual agents, voice recognition, etc.)",Yes,AI future
107,8/10/2026 - 8/23/2026,,42,,,A,20.7,1.29,0.0,0.0,"During the next six months, do you think this business will be using Artificial Intelligence (AI) in any of its business functions? (Examples of AI: machine learning, natural language processing, virtual agents, voice recognition, etc.)",Yes,AI future
107,8/10/2026 - 8/23/2026,,42,,,B,19.6,1.61,0.0,0.0,"During the next six months, do you think this business will be using Artificial Intelligence (AI) in any of its business functions? (Examples of AI: machine learning, natural language processing, virtual agents, voice recognition, etc.)",Yes,AI future
107,8/10/2026 - 8/23/2026,,42,,,D,25.5,4.12,0.0,0.0,"During the next six months, do you think this business will be using Artificial Intelligence (AI) in any of its business functions? (Examples of AI: machine learning, natural language processing, virtual agents, voice recognition, etc.)",Yes,AI future
107,8/10/2026 - 8/23/2026,,42,,,G,36.6,9.26,0.0,0.0,"During the next six months, do you think this business will be using Artificial Intelligence (AI) in any of its business functions? (Examples of AI: machine learning, natural language processing, virtual agents, voice recognition, etc.)",Yes,AI future
107,8/10/2026 - 8/23/2026,,42,,,F,40.9,7.94,0.0,0.0,"During the next six months, do you think this business will be using Artificial Intelligence (AI) in any of its business functions? (Examples of AI: machine learning, natural language processing, virtual agents, voice recognition, etc.)",Yes,AI future
107,8/10/2026 - 8/23/2026,,42,,,C,25.7,2.87,0.0,0.0,"During the next six months, do you think this business will be using Artificial Intelligence (AI) in any of its business functions? (Examples of AI: machine learning, natural language processing, virtual agents, voice recognition, etc.)",Yes,AI future
107,8/10/2026 - 8/23/2026,,44,,,,18.2,1.29,0.0,0.0,"During the next six months, do you think this business will be using Artificial Intelligence (AI) in any of its business functions? (Examples of AI: machine learning, natural language processing, virtual agents, voice recognition, etc.)",Yes,AI future
107,8/10/2026 - 8/23/2026,,44,,,B,17.1,1.12,0.0,0.0,"During the next six months, do you think this business will be using Artificial Intelligence (AI) in any of its business functions? (Examples of AI: machine learning, natural language processing, virtual agents, voice recognition, etc.)",Yes,AI future
107,8/10/2026 - 8/23/2026,,44,,,C,23.0,1.55,0.0,0.0,"During the next six months, do you think this business will be using Artificial Intelligence (AI) in any of its business functions? (Examples of AI: machine learning, natural language processing, virtual agents, voice recognition, etc.)",Yes,AI future
107,8/10/2026 - 8/23/2026,,44,,,F,28.3,6.57,0.0,0.0,"During the next six months, do you think this business will be using Artificial Intelligence (AI) in any of its business functions? (Examples of AI: machine learning, natural language processing, virtual agents, voice recognition, etc.)",Yes,AI future
107,8/10/2026 - 8/23/2026,,44,,,G,32.4,10.59,0.0,0.0,"During the next six months, do you think this business will be using Artificial Intelligence (AI) in any of its business functions? (Examples of AI: machine learning, natural language processing, virtual agents, voice recognition, etc.)",Yes,AI future
107,8/10/2026 - 8/23/2026,,44,,,E,38.5,5.96,0.0,0.0,"During the next six months, do you think this business will be using Artificial Intelligence (AI) in any of its business functions? (Examples of AI: machine learning, natural language processing, virtual agents, voice recognition, etc.)",Yes,AI future
107,8/10/2026 - 8/23/2026,,44,,,A,16.3,1.93,0.0,0.0,"During the next six months, do you think this business will be using Artificial Intelligence (AI) in any of its business functions? (Examples of AI: machine learning, natural language processing, virtual agents, voice recognition, etc.)",Yes,AI future
107,8/10/2026 - 8/23/2026,,44,,,D,24.4,2.03,0.0,0.0,"During the next six months, do you think this business will be using Artificial Intelligence (AI) in any of its business functions? (Examples of AI: machine learning, natural language processing, virtual agents, voice recognition, etc.)",Yes,AI future
107,8/10/2026 - 8/23/2026,,48,,,B,23.4,4.0,0.0,0.0,"During the next six months, do you think this business will be using Artificial Intelligence (AI) in any of its business functions? (Examples of AI: machine learning, natural language processing, virtual agents, voice recognition, etc.)",Yes,AI future
107,8/10/2026 - 8/23/2026,,48,,,G,48.8,16.82,0.0,0.0,"During the next six months, do you think this business will be using Artificial Intelligence (AI) in any of its business functions? (Examples of AI: machine learning, natural language processing, virtual agents, voice recognition, etc.)",Yes,AI future
107,8/10/2026 - 8/23/2026,,48,,,,13.9,0.91,0.0,0.0,"During the next six months, do you think this business will be using Artificial Intelligence (AI) in any of its business functions? (Examples of AI: machine learning, natural language processing, virtual agents, voice recognition, etc.)",Yes,AI future
107,8/10/2026 - 8/23/2026,,48,,,F,37.4,12.72,0.0,0.0,"During the next six months, do you think this business will be using Artificial Intelligence (AI) in any of its business functions? (Examples of AI: machine learning, natural language processing, virtual agents, voice recognition, etc.)",Yes,AI future
107,8/10/2026 - 8/23/2026,,48,,,E,25.8,8.03,0.0,0.0,"During the next six months, do you think this business will be using Artificial Intelligence (AI) in any of its business functions? (Examples of AI: machine learning, natural language processing, virtual agents, voice recognition, etc.)",Yes,AI future
107,8/10/2026 - 8/23/2026,,48,,,D,27.1,4.31,0.0,0.0,"During the next six months, do you think this business will be using Artificial Intelligence (AI) in any of its business functions? (Examples of AI: machine learning, natural language processing, virtual agents, voice recognition, etc.)",Yes,AI future
107,8/10/2026 - 8/23/2026,,48,,,C,15.8,3.18,0.0,0.0,"During the next six months, do you think this business will be using Artificial Intelligence (AI) in any of its business functions? (Examples of AI: machine learning, natural language processing, virtual agents, voice recognition, etc.)",Yes,AI future
107,8/10/2026 - 8/23/2026,,48,,,A,10.2,0.98,0.0,0.0,"During the next six months, do you think this business will be using Artificial Intelligence (AI) in any of its business functions? (Examples of AI: machine learning, natural language processing, virtual agents, voice recognition, etc.)",Yes,AI future
107,8/10/2026 - 8/23/2026,,51,,,F,68.9,14.83,0.0,0.0,"During the next six months, do you think this business will be using Artificial Intelligence (AI) in any of its business functions? (Examples of AI: machine learning, natural language processing, virtual agents, voice recognition, etc.)",Yes,AI future
107,8/10/2026 - 8/23/2026,,51,,,D,52.9,7.9,0.0,0.0,"During the next six months, do you think this business will be using Artificial Intelligence (AI) in any of its business functions? (Examples of AI: machine learning, natural language processing, virtual agents, voice recognition, etc.)",Yes,AI future
107,8/10/2026 - 8/23/2026,,51,,,B,57.5,5.02,0.0,0.0,"During the next six months, do you think this business will be using Artificial Intelligence (AI) in any of its business functions? (Examples of AI: machine learning, natural language processing, virtual agents, voice recognition, etc.)",Yes,AI future
107,8/10/2026 - 8/23/2026,,51,,,C,58.6,8.37,0.0,0.0,"During the next six months, do you think this business will be using Artificial Intelligence (AI) in any of its business functions? (Examples of AI: machine learning, natural language processing, virtual agents, voice recognition, etc.)",Yes,AI future
107,8/10/2026 - 8/23/2026,,51,,,E,75.9,14.75,0.0,0.0,"During the next six months, do you think this business will be using Artificial Intelligence (AI) in any of its business functions? (Examples of AI: machine learning, natural language processing, virtual agents, voice recognition, etc.)",Yes,AI future
107,8/10/2026 - 8/23/2026,,51,,,G,100.0,0.0,0.0,0.0,"During the next six months, do you think this business will be using Artificial Intelligence (AI) in any of its business functions? (Examples of AI: machine learning, natural language processing, virtual agents, voice recognition, etc.)",Yes,AI future
107,8/10/2026 - 8/23/2026,,51,,,,48.6,2.44,0.0,0.0,"During the next six months, do you think this business will be using Artificial Intelligence (AI) in any of its business functions? (Examples of AI: machine learning, natural language processing, virtual agents, voice recognition, etc.)",Yes,AI future
107,8/10/2026 - 8/23/2026,,51,,,A,44.2,2.66,0.0,0.0,"During the next six months, do you think this business will be using Artificial Intelligence (AI) in any of its business functions? (Examples of AI: machine learning, natural language processing, virtual agents, voice recognition, etc.)",Yes,AI future
107,8/10/2026 - 8/23/2026,,52,,,,45.8,1.85,0.0,0.0,"During the next six months, do you think this business will be using Artificial Intelligence (AI) in any of its business functions? (Examples of AI: machine learning, natural language processing, virtual agents, voice recognition, etc.)",Yes,AI future
107,8/10/2026 - 8/23/2026,,52,,,D,53.2,6.56,0.0,0.0,"During the next six months, do you think this business will be using Artificial Intelligence (AI) in any of its business functions? (Examples of AI: machine learning, natural language processing, virtual agents, voice recognition, etc.)",Yes,AI future
107,8/10/2026 - 8/23/2026,,52,,,B,47.4,5.76,0.0,0.0,"During the next six months, do you think this business will be using Artificial Intelligence (AI) in any of its business functions? (Examples of AI: machine learning, natural language processing, virtual agents, voice recognition, etc.)",Yes,AI future
107,8/10/2026 - 8/23/2026,,52,,,A,43.9,1.82,0.0,0.0,"During the next six months, do you think this business will be using Artificial Intelligence (AI) in any of its business functions? (Examples of AI: machine learning, natural language processing, virtual agents, voice recognition, etc.)",Yes,AI future
107,8/10/2026 - 8/23/2026,,52,,,C,53.0,4.22,0.0,0.0,"During the next six months, do you think this business will be using Artificial Intelligence (AI) in any of its business functions? (Examples of AI: machine learning, natural language processing, virtual agents, voice recognition, etc.)",Yes,AI future
107,8/10/2026 - 8/23/2026,,52,,,E,63.9,16.16,0.0,0.0,"During the next six months, do you think this business will be using Artificial Intelligence (AI) in any of its business functions? (Examples of AI: machine learning, natural language processing, virtual agents, voice recognition, etc.)",Yes,AI future
107,8/10/2026 - 8/23/2026,,52,,,G,61.6,14.26,0.0,0.0,"During the next six months, do you think this business will be using Artificial Intelligence (AI) in any of its business functions? (Examples of AI: machine learning, natural language processing, virtual agents, voice recognition, etc.)",Yes,AI future
107,8/10/2026 - 8/23/2026,,52,,,F,69.2,10.64,0.0,0.0,"During the next six months, do you think this business will be using Artificial Intelligence (AI) in any of its business functions? (Examples of AI: machine learning, natural language processing, virtual agents, voice recognition, etc.)",Yes,AI future
107,8/10/2026 - 8/23/2026,,53,,,C,29.9,4.81,0.0,0.0,"During the next six months, do you think this business will be using Artificial Intelligence (AI) in any of its business functions? (Examples of AI: machine learning, natural language processing, virtual agents, voice recognition, etc.)",Yes,AI future
107,8/10/2026 - 8/23/2026,,53,,,F,66.1,14.16,0.0,0.0,"During the next six months, do you think this business will be using Artificial Intelligence (AI) in any of its business functions? (Examples of AI: machine learning, natural language processing, virtual agents, voice recognition, etc.)",Yes,AI future
107,8/10/2026 - 8/23/2026,,53,,,,34.0,1.41,0.0,0.0,"During the next six months, do you think this business will be using Artificial Intelligence (AI) in any of its business functions? (Examples of AI: machine learning, natural language processing, virtual agents, voice recognition, etc.)",Yes,AI future
107,8/10/2026 - 8/23/2026,,53,,,A,34.3,1.3,0.0,0.0,"During the next six months, do you think this business will be using Artificial Intelligence (AI) in any of its business functions? (Examples of AI: machine learning, natural language processing, virtual agents, voice recognition, etc.)",Yes,AI future
107,8/10/2026 - 8/23/2026,,53,,,D,31.0,4.69,0.0,0.0,"During the next six months, do you think this business will be using Artificial Intelligence (AI) in any of its business functions? (Examples of AI: machine learning, natural language processing, virtual agents, voice recognition, etc.)",Yes,AI future
107,8/10/2026 - 8/23/2026,,53,,,E,49.9,9.0,0.0,0.0,"During the next six months, do you think this business will be using Artificial Intelligence (AI) in any of its business functions? (Examples of AI: machine learning, natural language processing, virtual agents, voice recognition, etc.)",Yes,AI future
107,8/10/2026 - 8/23/2026,,53,,,B,30.8,2.88,0.0,0.0,"During the next six months, do you think this business will be using Artificial Intelligence (AI) in any of its business functions? (Examples of AI: machine learning, natural language processing, virtual agents, voice recognition, etc.)",Yes,AI future
107,8/10/2026 - 8/23/2026,,53,,,G,,,0.0,0.0,"During the next six months, do you think this business will be using Artificial Intelligence (AI) in any of its business functions? (Examples of AI: machine learning, natural language processing, virtual agents, voice recognition, etc.)",Yes,AI future
107,8/10/2026 - 8/23/2026,,54,,,B,48.0,2.26,0.0,0.0,"During the next six months, do you think this business will be using Artificial Intelligence (AI) in any of its business functions? (Examples of AI: machine learning, natural language processing, virtual agents, voice recognition, etc.)",Yes,AI future
107,8/10/2026 - 8/23/2026,,54,,,C,54.2,2.8,0.0,0.0,"During the next six months, do you think this business will be using Artificial Intelligence (AI) in any of its business functions? (Examples of AI: machine learning, natural language processing, virtual agents, voice recognition, etc.)",Yes,AI future
107,8/10/2026 - 8/23/2026,,54,,,D,48.8,2.59,0.0,0.0,"During the next six months, do you think this business will be using Artificial Intelligence (AI) in any of its business functions? (Examples of AI: machine learning, natural language processing, virtual agents, voice recognition, etc.)",Yes,AI future
107,8/10/2026 - 8/23/2026,,54,,,E,61.9,5.07,0.0,0.0,"During the next six months, do you think this business will be using Artificial Intelligence (AI) in any of its business functions? (Examples of AI: machine learning, natural language processing, virtual agents, voice recognition, etc.)",Yes,AI future
107,8/10/2026 - 8/23/2026,,54,,,F,59.2,5.16,0.0,0.0,"During the next six months, do you think this business will be using Artificial Intelligence (AI) in any of its business functions? (Examples of AI: machine learning, natural language processing, virtual agents, voice recognition, etc.)",Yes,AI future
107,8/10/2026 - 8/23/2026,,54,,,G,55.8,10.08,0.0,0.0,"During the next six months, do you think this business will be using Artificial Intelligence (AI) in any of its business functions? (Examples of AI: machine learning, natural language processing, virtual agents, voice recognition, etc.)",Yes,AI future
107,8/10/2026 - 8/23/2026,,54,,,,46.5,0.86,0.0,0.0,"During the next six months, do you think this business will be using Artificial Intelligence (AI) in any of its business functions? (Examples of AI: machine learning, natural language processing, virtual agents, voice recognition, etc.)",Yes,AI future
107,8/10/2026 - 8/23/2026,,54,,,A,45.0,0.99,0.0,0.0,"During the next six months, do you think this business will be using Artificial Intelligence (AI) in any of its business functions? (Examples of AI: machine learning, natural language processing, virtual agents, voice recognition, etc.)",Yes,AI future
107,8/10/2026 - 8/23/2026,,55,,,D,,,0.0,0.0,"During the next six months, do you think this business will be using Artificial Intelligence (AI) in any of its business functions? (Examples of AI: machine learning, natural language processing, virtual agents, voice recognition, etc.)",Yes,AI future
107,8/10/2026 - 8/23/2026,,55,,,G,,,0.0,0.0,"During the next six months, do you think this business will be using Artificial Intelligence (AI) in any of its business functions? (Examples of AI: machine learning, natural language processing, virtual agents, voice recognition, etc.)",Yes,AI future
107,8/10/2026 - 8/23/2026,,55,,,,,,0.0,0.0,"During the next six months, do you think this business will be using Artificial Intelligence (AI) in any of its business functions? (Examples of AI: machine learning, natural language processing, virtual agents, voice recognition, etc.)",Yes,AI future
107,8/10/2026 - 8/23/2026,,55,,,A,,,0.0,0.0,"During the next six months, do you think this business will be using Artificial Intelligence (AI) in any of its business functions? (Examples of AI: machine learning, natural language processing, virtual agents, voice recognition, etc.)",Yes,AI future
107,8/10/2026 - 8/23/2026,,56,,,,25.0,1.52,0.0,0.0,"During the next six months, do you think this business will be using Artificial Intelligence (AI) in any of its business functions? (Examples of AI: machine learning, natural language processing, virtual agents, voice recognition, etc.)",Yes,AI future
107,8/10/2026 - 8/23/2026,,56,,,A,23.8,1.55,0.0,0.0,"During the next six months, do you think this business will be using Artificial Intelligence (AI) in any of its business functions? (Examples of AI: machine learning, natural language processing, virtual agents, voice recognition, etc.)",Yes,AI future
107,8/10/2026 - 8/23/2026,,56,,,G,48.2,10.96,0.0,0.0,"During the next six months, do you think this business will be using Artificial Intelligence (AI) in any of its business functions? (Examples of AI: machine learning, natural language processing, virtual agents, voice recognition, etc.)",Yes,AI future
107,8/10/2026 - 8/23/2026,,56,,,E,31.2,8.6,0.0,0.0,"During the next six months, do you think this business will be using Artificial Intelligence (AI) in any of its business functions? (Examples of AI: machine learning, natural language processing, virtual agents, voice recognition, etc.)",Yes,AI future
107,8/10/2026 - 8/23/2026,,56,,,C,27.9,3.27,0.0,0.0,"During the next six months, do you think this business will be using Artificial Intelligence (AI) in any of its business functions? (Examples of AI: machine learning, natural language processing, virtual agents, voice recognition, etc.)",Yes,AI future
107,8/10/2026 - 8/23/2026,,56,,,D,33.3,3.62,0.0,0.0,"During the next six months, do you think this business will be using Artificial Intelligence (AI) in any of its business functions? (Examples of AI: machine learning, natural language processing, virtual agents, voice recognition, etc.)",Yes,AI future
107,8/10/2026 - 8/23/2026,,56,,,B,23.2,2.99,0.0,0.0,"During the next six months, do you think this business will be using Artificial Intelligence (AI) in any of its business functions? (Examples of AI: machine learning, natural language processing, virtual agents, voice recognition, etc.)",Yes,AI future
107,8/10/2026 - 8/23/2026,,56,,,F,22.9,6.48,0.0,0.0,"During the next six months, do you think this business will be using Artificial Intelligence (AI) in any of its business functions? (Examples of AI: machine learning, natural language processing, virtual agents, voice recognition, etc.)",Yes,AI future
107,8/10/2026 - 8/23/2026,,61,,,D,40.8,5.93,0.0,0.0,"During the next six months, do you think this business will be using Artificial Intelligence (AI) in any of its business functions? (Examples of AI: machine learning, natural language processing, virtual agents, voice recognition, etc.)",Yes,AI future
107,8/10/2026 - 8/23/2026,,61,,,F,41.3,10.3,0.0,0.0,"During the next six months, do you think this business will be using Artificial Intelligence (AI) in any of its business functions? (Examples of AI: machine learning, natural language processing, virtual agents, voice recognition, etc.)",Yes,AI future
107,8/10/2026 - 8/23/2026,,61,,,E,32.2,8.63,0.0,0.0,"During the next six months, do you think this business will be using Artificial Intelligence (AI) in any of its business functions? (Examples of AI: machine learning, natural language processing, virtual agents, voice recognition, etc.)",Yes,AI future
107,8/10/2026 - 8/23/2026,,61,,,,41.3,3.25,0.0,0.0,"During the next six months, do you think this business will be using Artificial Intelligence (AI) in any of its business functions? (Examples of AI: machine learning, natural language processing, virtual agents, voice recognition, etc.)",Yes,AI future
107,8/10/2026 - 8/23/2026,,61,,,C,43.5,4.44,0.0,0.0,"During the next six months, do you think this business will be using Artificial Intelligence (AI) in any of its business functions? (Examples of AI: machine learning, natural language processing, virtual agents, voice recognition, etc.)",Yes,AI future
107,8/10/2026 - 8/23/2026,,61,,,G,,,0.0,0.0,"During the next six months, do you think this business will be using Artificial Intelligence (AI) in any of its business functions? (Examples of AI: machine learning, natural language processing, virtual agents, voice recognition, etc.)",Yes,AI future
107,8/10/2026 - 8/23/2026,,61,,,A,46.6,5.7,0.0,0.0,"During the next six months, do you think this business will be using Artificial Intelligence (AI) in any of its business functions? (Examples of AI: machine learning, natural language processing, virtual agents, voice recognition, etc.)",Yes,AI future
107,8/10/2026 - 8/23/2026,,61,,,B,24.9,3.82,0.0,0.0,"During the next six months, do you think this business will be using Artificial Intelligence (AI) in any of its business functions? (Examples of AI: machine learning, natural language processing, virtual agents, voice recognition, etc.)",Yes,AI future
107,8/10/2026 - 8/23/2026,,62,,,,27.8,0.89,0.0,0.0,"During the next six months, do you think this business will be using Artificial Intelligence (AI) in any of its business functions? (Examples of AI: machine learning, natural language processing, virtual agents, voice recognition, etc.)",Yes,AI future
107,8/10/2026 - 8/23/2026,,62,,,C,27.8,1.76,0.0,0.0,"During the next six months, do you think this business will be using Artificial Intelligence (AI) in any of its business functions? (Examples of AI: machine learning, natural language processing, virtual agents, voice recognition, etc.)",Yes,AI future
107,8/10/2026 - 8/23/2026,,62,,,G,45.9,5.93,0.0,0.0,"During the next six months, do you think this business will be using Artificial Intelligence (AI) in any of its business functions? (Examples of AI: machine learning, natural language processing, virtual agents, voice recognition, etc.)",Yes,AI future
107,8/10/2026 - 8/23/2026,,62,,,A,26.5,1.56,0.0,0.0,"During the next six months, do you think this business will be using Artificial Intelligence (AI) in any of its business functions? (Examples of AI: machine learning, natural language processing, virtual agents, voice recognition, etc.)",Yes,AI future
107,8/10/2026 - 8/23/2026,,62,,,B,30.0,1.55,0.0,0.0,"During the next six months, do you think this business will be using Artificial Intelligence (AI) in any of its business functions? (Examples of AI: machine learning, natural language processing, virtual agents, voice recognition, etc.)",Yes,AI future
107,8/10/2026 - 8/23/2026,,62,,,E,33.3,2.78,0.0,0.0,"During the next six months, do you think this business will be using Artificial Intelligence (AI) in any of its business functions? (Examples of AI: machine learning, natural language processing, virtual agents, voice recognition, etc.)",Yes,AI future
107,8/10/2026 - 8/23/2026,,62,,,D,27.3,1.9,0.0,0.0,"During the next six months, do you think this business will be using Artificial Intelligence (AI) in any of its business functions? (Examples of AI: machine learning, natural language processing, virtual agents, voice recognition, etc.)",Yes,AI future
107,8/10/2026 - 8/23/2026,,62,,,F,26.2,4.79,0.0,0.0,"During the next six months, do you think this business will be using Artificial Intelligence (AI) in any of its business functions? (Examples of AI: machine learning, natural language processing, virtual agents, voice recognition, etc.)",Yes,AI future
107,8/10/2026 - 8/23/2026,,71,,,C,30.3,5.2,0.0,0.0,"During the next six months, do you think this business will be using Artificial Intelligence (AI) in any of its business functions? (Examples of AI: machine learning, natural language processing, virtual agents, voice recognition, etc.)",Yes,AI future
107,8/10/2026 - 8/23/2026,,71,,,F,23.9,9.18,0.0,0.0,"During the next six months, do you think this business will be using Artificial Intelligence (AI) in any of its business functions? (Examples of AI: machine learning, natural language processing, virtual agents, voice recognition, etc.)",Yes,AI future
107,8/10/2026 - 8/23/2026,,71,,,G,60.9,15.85,0.0,0.0,"During the next six months, do you think this business will be using Artificial Intelligence (AI) in any of its business functions? (Examples of AI: machine learning, natural language processing, virtual agents, voice recognition, etc.)",Yes,AI future
107,8/10/2026 - 8/23/2026,,71,,,B,24.9,4.05,0.0,0.0,"During the next six months, do you think this business will be using Artificial Intelligence (AI) in any of its business functions? (Examples of AI: machine learning, natural language processing, virtual agents, voice recognition, etc.)",Yes,AI future
107,8/10/2026 - 8/23/2026,,71,,,D,21.2,3.44,0.0,0.0,"During the next six months, do you think this business will be using Artificial Intelligence (AI) in any of its business functions? (Examples of AI: machine learning, natural language processing, virtual agents, voice recognition, etc.)",Yes,AI future
107,8/10/2026 - 8/23/2026,,71,,,,21.5,1.75,0.0,0.0,"During the next six months, do you think this business will be using Artificial Intelligence (AI) in any of its business functions? (Examples of AI: machine learning, natural language processing, virtual agents, voice recognition, etc.)",Yes,AI future
107,8/10/2026 - 8/23/2026,,71,,,A,19.2,2.11,0.0,0.0,"During the next six months, do you think this business will be using Artificial Intelligence (AI) in any of its business functions? (Examples of AI: machine learning, natural language processing, virtual agents, voice recognition, etc.)",Yes,AI future
107,8/10/2026 - 8/23/2026,,71,,,E,17.2,3.96,0.0,0.0,"During the next six months, do you think this business will be using Artificial Intelligence (AI) in any of its business functions? (Examples of AI: machine learning, natural language processing, virtual agents, voice recognition, etc.)",Yes,AI future
107,8/10/2026 - 8/23/2026,,72,,,G,12.5,4.05,0.0,0.0,"During the next six months, do you think this business will be using Artificial Intelligence (AI) in any of its business functions? (Examples of AI: machine learning, natural language processing, virtual agents, voice recognition, etc.)",Yes,AI future
107,8/10/2026 - 8/23/2026,,72,,,F,19.5,3.72,0.0,0.0,"During the next six months, do you think this business will be using Artificial Intelligence (AI) in any of its business functions? (Examples of AI: machine learning, natural language processing, virtual agents, voice recognition, etc.)",Yes,AI future
107,8/10/2026 - 8/23/2026,,72,,,B,9.1,2.32,0.0,0.0,"During the next six months, do you think this business will be using Artificial Intelligence (AI) in any of its business functions? (Examples of AI: machine learning, natural language processing, virtual agents, voice recognition, etc.)",Yes,AI future
107,8/10/2026 - 8/23/2026,,72,,,D,14.1,1.08,0.0,0.0,"During the next six months, do you think this business will be using Artificial Intelligence (AI) in any of its business functions? (Examples of AI: machine learning, natural language processing, virtual agents, voice recognition, etc.)",Yes,AI future
107,8/10/2026 - 8/23/2026,,72,,,C,10.6,1.23,0.0,0.0,"During the next six months, do you think this business will be using Artificial Intelligence (AI) in any of its business functions? (Examples of AI: machine learning, natural language processing, virtual agents, voice recognition, etc.)",Yes,AI future
107,8/10/2026 - 8/23/2026,,72,,,,11.6,0.58,0.0,0.0,"During the next six months, do you think this business will be using Artificial Intelligence (AI) in any of its business functions? (Examples of AI: machine learning, natural language processing, virtual agents, voice recognition, etc.)",Yes,AI future
107,8/10/2026 - 8/23/2026,,72,,,A,11.2,1.41,0.0,0.0,"During the next six months, do you think this business will be using Artificial Intelligence (AI) in any of its business functions? (Examples of AI: machine learning, natural language processing, virtual agents, voice recognition, etc.)",Yes,AI future
107,8/10/2026 - 8/23/2026,,72,,,E,19.3,2.56,0.0,0.0,"During the next six months, do you think this business will be using Artificial Intelligence (AI) in any of its business functions? (Examples of AI: machine learning, natural language processing, virtual agents, voice recognition, etc.)",Yes,AI future
107,8/10/2026 - 8/23/2026,,81,,,G,,,0.0,0.0,"During the next six months, do you think this business will be using Artificial Intelligence (AI) in any of its business functions? (Examples of AI: machine learning, natural language processing, virtual agents, voice recognition, etc.)",Yes,AI future
107,8/10/2026 - 8/23/2026,,81,,,E,22.4,8.05,0.0,0.0,"During the next six months, do you think this business will be using Artificial Intelligence (AI) in any of its business functions? (Examples of AI: machine learning, natural language processing, virtual agents, voice recognition, etc.)",Yes,AI future
107,8/10/2026 - 8/23/2026,,81,,,B,14.3,1.41,0.0,0.0,"During the next six months, do you think this business will be using Artificial Intelligence (AI) in any of its business functions? (Examples of AI: machine learning, natural language processing, virtual agents, voice recognition, etc.)",Yes,AI future
107,8/10/2026 - 8/23/2026,,81,,,D,25.1,5.78,0.0,0.0,"During the next six months, do you think this business will be using Artificial Intelligence (AI) in any of its business functions? (Examples of AI: machine learning, natural language processing, virtual agents, voice recognition, etc.)",Yes,AI future
107,8/10/2026 - 8/23/2026,,81,,,F,,,0.0,0.0,"During the next six months, do you think this business will be using Artificial Intelligence (AI) in any of its business functions? (Examples of AI: machine learning, natural language processing, virtual agents, voice recognition, etc.)",Yes,AI future
107,8/10/2026 - 8/23/2026,,81,,,,14.5,0.99,0.0,0.0,"During the next six months, do you think this business will be using Artificial Intelligence (AI) in any of its business functions? (Examples of AI: machine learning, natural language processing, virtual agents, voice recognition, etc.)",Yes,AI future
107,8/10/2026 - 8/23/2026,,81,,,A,12.7,1.27,0.0,0.0,"During the next six months, do you think this business will be using Artificial Intelligence (AI) in any of its business functions? (Examples of AI: machine learning, natural language processing, virtual agents, voice recognition, etc.)",Yes,AI future
107,8/10/2026 - 8/23/2026,,81,,,C,23.8,2.85,0.0,0.0,"During the next six months, do you think this business will be using Artificial Intelligence (AI) in any of its business functions? (Examples of AI: machine learning, natural language processing, virtual agents, voice recognition, etc.)",Yes,AI future
107,8/10/2026 - 8/23/2026,,XX,,,C,27.5,11.87,0.0,0.0,"During the next six months, do you think this business will be using Artificial Intelligence (AI) in any of its business functions? (Examples of AI: machine learning, natural language processing, virtual agents, voice recognition, etc.)",Yes,AI future
107,8/10/2026 - 8/23/2026,,XX,,,D,32.2,4.91,0.0,0.0,"During the next six months, do you think this business will be using Artificial Intelligence (AI) in any of its business functions? (Examples of AI: machine learning, natural language processing, virtual agents, voice recognition, etc.)",Yes,AI future
107,8/10/2026 - 8/23/2026,,XX,,,B,,,0.0,0.0,"During the next six months, do you think this business will be using Artificial Intelligence (AI) in any of its business functions? (Examples of AI: machine learning, natural language processing, virtual agents, voice recognition, etc.)",Yes,AI future
107,8/10/2026 - 8/23/2026,,XX,,,,40.0,2.21,0.0,0.0,"During the next six months, do you think this business will be using Artificial Intelligence (AI) in any of its business functions? (Examples of AI: machine learning, natural language processing, virtual agents, voice recognition, etc.)",Yes,AI future
107,8/10/2026 - 8/23/2026,,XX,,,G,52.8,4.05,0.0,0.0,"During the next six months, do you think this business will be using Artificial Intelligence (AI) in any of its business functions? (Examples of AI: machine learning, natural language processing, virtual agents, voice recognition, etc.)",Yes,AI future
107,8/10/2026 - 8/23/2026,,XX,,,F,40.0,3.78,0.0,0.0,"During the next six months, do you think this business will be using Artificial Intelligence (AI) in any of its business functions? (Examples of AI: machine learning, natural language processing, virtual agents, voice recognition, etc.)",Yes,AI future
107,8/10/2026 - 8/23/2026,,XX,,,A,,,0.0,0.0,"During the next six months, do you think this business will be using Artificial Intelligence (AI) in any of its business functions? (Examples of AI: machine learning, natural language processing, virtual agents, voice recognition, etc.)",Yes,AI future
107,8/10/2026 - 8/23/2026,,XX,,,E,35.0,4.27,0.0,0.0,"During the next six months, do you think this business will be using Artificial Intelligence (AI) in any of its business functions? (Examples of AI: machine learning, natural language processing, virtual agents, voice recognition, etc.)",Yes,AI future
107,8/10/2026 - 8/23/2026,,,,113,,13.8,6.64,0.0,0.0,"During the next six months, do you think this business will be using Artificial Intelligence (AI) in any of its business functions? (Examples of AI: machine learning, natural language processing, virtual agents, voice recognition, etc.)",Yes,AI future
107,8/10/2026 - 8/23/2026,,,,115,,,,0.0,0.0,"During the next six months, do you think this business will be using Artificial Intelligence (AI) in any of its business functions? (Examples of AI: machine learning, natural language processing, virtual agents, voice recognition, etc.)",Yes,AI future
107,8/10/2026 - 8/23/2026,,,,211,,,,0.0,0.0,"During the next six months, do you think this business will be using Artificial Intelligence (AI) in any of its business functions? (Examples of AI: machine learning, natural language processing, virtual agents, voice recognition, etc.)",Yes,AI future
107,8/10/2026 - 8/23/2026,,,,212,,,,0.0,0.0,"During the next six months, do you think this business will be using Artificial Intelligence (AI) in any of its business functions? (Examples of AI: machine learning, natural language processing, virtual agents, voice recognition, etc.)",Yes,AI future
107,8/10/2026 - 8/23/2026,,,,213,,12.7,5.23,0.0,0.0,"During the next six months, do you think this business will be using Artificial Intelligence (AI) in any of its business functions? (Examples of AI: machine learning, natural language processing, virtual agents, voice recognition, etc.)",Yes,AI future
107,8/10/2026 - 8/23/2026,,,,221,,23.3,5.85,0.0,0.0,"During the next six months, do you think this business will be using Artificial Intelligence (AI) in any of its business functions? (Examples of AI: machine learning, natural language processing, virtual agents, voice recognition, etc.)",Yes,AI future
107,8/10/2026 - 8/23/2026,,,,236,,23.7,0.96,0.0,0.0,"During the next six months, do you think this business will be using Artificial Intelligence (AI) in any of its business functions? (Examples of AI: machine learning, natural language processing, virtual agents, voice recognition, etc.)",Yes,AI future
107,8/10/2026 - 8/23/2026,,,,237,,14.3,4.72,0.0,0.0,"During the next six months, do you think this business will be using Artificial Intelligence (AI) in any of its business functions? (Examples of AI: machine learning, natural language processing, virtual agents, voice recognition, etc.)",Yes,AI future
107,8/10/2026 - 8/23/2026,,,,238,,12.0,1.19,0.0,0.0,"During the next six months, do you think this business will be using Artificial Intelligence (AI) in any of its business functions? (Examples of AI: machine learning, natural language processing, virtual agents, voice recognition, etc.)",Yes,AI future
107,8/10/2026 - 8/23/2026,,,,23X,,61.8,18.04,0.0,0.0,"During the next six months, do you think this business will be using Artificial Intelligence (AI) in any of its business functions? (Examples of AI: machine learning, natural language processing, virtual agents, voice recognition, etc.)",Yes,AI future
107,8/10/2026 - 8/23/2026,,,,311,,21.0,5.49,0.0,0.0,"During the next six months, do you think this business will be using Artificial Intelligence (AI) in any of its business functions? (Examples of AI: machine learning, natural language processing, virtual agents, voice recognition, etc.)",Yes,AI future
107,8/10/2026 - 8/23/2026,,,,312,,33.0,3.92,0.0,0.0,"During the next six months, do you think this business will be using Artificial Intelligence (AI) in any of its business functions? (Examples of AI: machine learning, natural language processing, virtual agents, voice recognition, etc.)",Yes,AI future
107,8/10/2026 - 8/23/2026,,,,313,,,,0.0,0.0,"During the next six months, do you think this business will be using Artificial Intelligence (AI) in any of its business functions? (Examples of AI: machine learning, natural language processing, virtual agents, voice recognition, etc.)",Yes,AI future
107,8/10/2026 - 8/23/2026,,,,314,,32.6,10.06,0.0,0.0,"During the next six months, do you think this business will be using Artificial Intelligence (AI) in any of its business functions? (Examples of AI: machine learning, natural language processing, virtual agents, voice recognition, etc.)",Yes,AI future
107,8/10/2026 - 8/23/2026,,,,315,,12.7,5.91,0.0,0.0,"During the next six months, do you think this business will be using Artificial Intelligence (AI) in any of its business functions? (Examples of AI: machine learning, natural language processing, virtual agents, voice recognition, etc.)",Yes,AI future
107,8/10/2026 - 8/23/2026,,,,316,,,,0.0,0.0,"During the next six months, do you think this business will be using Artificial Intelligence (AI) in any of its business functions? (Examples of AI: machine learning, natural language processing, virtual agents, voice recognition, etc.)",Yes,AI future
107,8/10/2026 - 8/23/2026,,,,31X,,48.6,11.23,0.0,0.0,"During the next six months, do you think this business will be using Artificial Intelligence (AI) in any of its business functions? (Examples of AI: machine learning, natural language processing, virtual agents, voice recognition, etc.)",Yes,AI future
107,8/10/2026 - 8/23/2026,,,,321,,9.1,3.29,0.0,0.0,"During the next six months, do you think this business will be using Artificial Intelligence (AI) in any of its business functions? (Examples of AI: machine learning, natural language processing, virtual agents, voice recognition, etc.)",Yes,AI future
107,8/10/2026 - 8/23/2026,,,,322,,,,0.0,0.0,"During the next six months, do you think this business will be using Artificial Intelligence (AI) in any of its business functions? (Examples of AI: machine learning, natural language processing, virtual agents, voice recognition, etc.)",Yes,AI future
107,8/10/2026 - 8/23/2026,,,,323,,28.3,4.71,0.0,0.0,"During the next six months, do you think this business will be using Artificial Intelligence (AI) in any of its business functions? (Examples of AI: machine learning, natural language processing, virtual agents, voice recognition, etc.)",Yes,AI future
107,8/10/2026 - 8/23/2026,,,,325,,37.4,3.44,0.0,0.0,"During the next six months, do you think this business will be using Artificial Intelligence (AI) in any of its business functions? (Examples of AI: machine learning, natural language processing, virtual agents, voice recognition, etc.)",Yes,AI future
107,8/10/2026 - 8/23/2026,,,,326,,20.8,8.26,0.0,0.0,"During the next six months, do you think this business will be using Artificial Intelligence (AI) in any of its business functions? (Examples of AI: machine learning, natural language processing, virtual agents, voice recognition, etc.)",Yes,AI future
107,8/10/2026 - 8/23/2026,,,,327,,11.7,4.34,0.0,0.0,"During the next six months, do you think this business will be using Artificial Intelligence (AI) in any of its business functions? (Examples of AI: machine learning, natural language processing, virtual agents, voice recognition, etc.)",Yes,AI future
107,8/10/2026 - 8/23/2026,,,,331,,,,0.0,0.0,"During the next six months, do you think this business will be using Artificial Intelligence (AI) in any of its business functions? (Examples of AI: machine learning, natural language processing, virtual agents, voice recognition, etc.)",Yes,AI future
107,8/10/2026 - 8/23/2026,,,,332,,15.7,1.89,0.0,0.0,"During the next six months, do you think this business will be using Artificial Intelligence (AI) in any of its business functions? (Examples of AI: machine learning, natural language processing, virtual agents, voice recognition, etc.)",Yes,AI future
107,8/10/2026 - 8/23/2026,,,,333,,23.8,4.85,0.0,0.0,"During the next six months, do you think this business will be using Artificial Intelligence (AI) in any of its business functions? (Examples of AI: machine learning, natural language processing, virtual agents, voice recognition, etc.)",Yes,AI future
107,8/10/2026 - 8/23/2026,,,,334,,43.6,6.67,0.0,0.0,"During the next six months, do you think this business will be using Artificial Intelligence (AI) in any of its business functions? (Examples of AI: machine learning, natural language processing, virtual agents, voice recognition, etc.)",Yes,AI future
107,8/10/2026 - 8/23/2026,,,,335,,38.7,8.31,0.0,0.0,"During the next six months, do you think this business will be using Artificial Intelligence (AI) in any of its business functions? (Examples of AI: machine learning, natural language processing, virtual agents, voice recognition, etc.)",Yes,AI future
107,8/10/2026 - 8/23/2026,,,,336,,23.1,5.28,0.0,0.0,"During the next six months, do you think this business will be using Artificial Intelligence (AI) in any of its business functions? (Examples of AI: machine learning, natural language processing, virtual agents, voice recognition, etc.)",Yes,AI future
107,8/10/2026 - 8/23/2026,,,,337,,16.5,3.85,0.0,0.0,"During the next six months, do you think this business will be using Artificial Intelligence (AI) in any of its business functions? (Examples of AI: machine learning, natural language processing, virtual agents, voice recognition, etc.)",Yes,AI future
107,8/10/2026 - 8/23/2026,,,,339,,29.8,5.85,0.0,0.0,"During the next six months, do you think this business will be using Artificial Intelligence (AI) in any of its business functions? (Examples of AI: machine learning, natural language processing, virtual agents, voice recognition, etc.)",Yes,AI future
107,8/10/2026 - 8/23/2026,,,,423,,21.6,1.42,0.0,0.0,"During the next six months, do you think this business will be using Artificial Intelligence (AI) in any of its business functions? (Examples of AI: machine learning, natural language processing, virtual agents, voice recognition, etc.)",Yes,AI future
107,8/10/2026 - 8/23/2026,,,,424,,22.9,1.8,0.0,0.0,"During the next six months, do you think this business will be using Artificial Intelligence (AI) in any of its business functions? (Examples of AI: machine learning, natural language processing, virtual agents, voice recognition, etc.)",Yes,AI future
107,8/10/2026 - 8/23/2026,,,,425,,22.6,1.81,0.0,0.0,"During the next six months, do you think this business will be using Artificial Intelligence (AI) in any of its business functions? (Examples of AI: machine learning, natural language processing, virtual agents, voice recognition, etc.)",Yes,AI future
107,8/10/2026 - 8/23/2026,,,,441,,20.9,3.09,0.0,0.0,"During the next six months, do you think this business will be using Artificial Intelligence (AI) in any of its business functions? (Examples of AI: machine learning, natural language processing, virtual agents, voice recognition, etc.)",Yes,AI future
107,8/10/2026 - 8/23/2026,,,,444,,15.9,3.36,0.0,0.0,"During the next six months, do you think this business will be using Artificial Intelligence (AI) in any of its business functions? (Examples of AI: machine learning, natural language processing, virtual agents, voice recognition, etc.)",Yes,AI future
107,8/10/2026 - 8/23/2026,,,,445,,8.7,1.38,0.0,0.0,"During the next six months, do you think this business will be using Artificial Intelligence (AI) in any of its business functions? (Examples of AI: machine learning, natural language processing, virtual agents, voice recognition, etc.)",Yes,AI future
107,8/10/2026 - 8/23/2026,,,,449,,23.3,2.38,0.0,0.0,"During the next six months, do you think this business will be using Artificial Intelligence (AI) in any of its business functions? (Examples of AI: machine learning, natural language processing, virtual agents, voice recognition, etc.)",Yes,AI future
107,8/10/2026 - 8/23/2026,,,,44X,,,,0.0,0.0,"During the next six months, do you think this business will be using Artificial Intelligence (AI) in any of its business functions? (Examples of AI: machine learning, natural language processing, virtual agents, voice recognition, etc.)",Yes,AI future
107,8/10/2026 - 8/23/2026,,,,450,,,,0.0,0.0,"During the next six months, do you think this business will be using Artificial Intelligence (AI) in any of its business functions? (Examples of AI: machine learning, natural language processing, virtual agents, voice recognition, etc.)",Yes,AI future
107,8/10/2026 - 8/23/2026,,,,455,,37.3,8.52,0.0,0.0,"During the next six months, do you think this business will be using Artificial Intelligence (AI) in any of its business functions? (Examples of AI: machine learning, natural language processing, virtual agents, voice recognition, etc.)",Yes,AI future
107,8/10/2026 - 8/23/2026,,,,456,,21.8,4.06,0.0,0.0,"During the next six months, do you think this business will be using Artificial Intelligence (AI) in any of its business functions? (Examples of AI: machine learning, natural language processing, virtual agents, voice recognition, etc.)",Yes,AI future
107,8/10/2026 - 8/23/2026,,,,457,,6.5,1.23,0.0,0.0,"During the next six months, do you think this business will be using Artificial Intelligence (AI) in any of its business functions? (Examples of AI: machine learning, natural language processing, virtual agents, voice recognition, etc.)",Yes,AI future
107,8/10/2026 - 8/23/2026,,,,458,,28.9,3.21,0.0,0.0,"During the next six months, do you think this business will be using Artificial Intelligence (AI) in any of its business functions? (Examples of AI: machine learning, natural language processing, virtual agents, voice recognition, etc.)",Yes,AI future
107,8/10/2026 - 8/23/2026,,,,459,,18.7,2.16,0.0,0.0,"During the next six months, do you think this business will be using Artificial Intelligence (AI) in any of its business functions? (Examples of AI: machine learning, natural language processing, virtual agents, voice recognition, etc.)",Yes,AI future
107,8/10/2026 - 8/23/2026,,,,481,,,,0.0,0.0,"During the next six months, do you think this business will be using Artificial Intelligence (AI) in any of its business functions? (Examples of AI: machine learning, natural language processing, virtual agents, voice recognition, etc.)",Yes,AI future
107,8/10/2026 - 8/23/2026,,,,483,,,,0.0,0.0,"During the next six months, do you think this business will be using Artificial Intelligence (AI) in any of its business functions? (Examples of AI: machine learning, natural language processing, virtual agents, voice recognition, etc.)",Yes,AI future
107,8/10/2026 - 8/23/2026,,,,484,,9.7,1.52,0.0,0.0,"During the next six months, do you think this business will be using Artificial Intelligence (AI) in any of its business functions? (Examples of AI: machine learning, natural language processing, virtual agents, voice recognition, etc.)",Yes,AI future
107,8/10/2026 - 8/23/2026,,,,485,,14.1,5.27,0.0,0.0,"During the next six months, do you think this business will be using Artificial Intelligence (AI) in any of its business functions? (Examples of AI: machine learning, natural language processing, virtual agents, voice recognition, etc.)",Yes,AI future
107,8/10/2026 - 8/23/2026,,,,486,,,,0.0,0.0,"During the next six months, do you think this business will be using Artificial Intelligence (AI) in any of its business functions? (Examples of AI: machine learning, natural language processing, virtual agents, voice recognition, etc.)",Yes,AI future
107,8/10/2026 - 8/23/2026,,,,487,,32.4,7.68,0.0,0.0,"During the next six months, do you think this business will be using Artificial Intelligence (AI) in any of its business functions? (Examples of AI: machine learning, natural language processing, virtual agents, voice recognition, etc.)",Yes,AI future
107,8/10/2026 - 8/23/2026,,,,488,,13.9,0.96,0.0,0.0,"During the next six months, do you think this business will be using Artificial Intelligence (AI) in any of its business functions? (Examples of AI: machine learning, natural language processing, virtual agents, voice recognition, etc.)",Yes,AI future
107,8/10/2026 - 8/23/2026,,,,48X,,,,0.0,0.0,"During the next six months, do you think this business will be using Artificial Intelligence (AI) in any of its business functions? (Examples of AI: machine learning, natural language processing, virtual agents, voice recognition, etc.)",Yes,AI future
107,8/10/2026 - 8/23/2026,,,,492,,26.9,7.18,0.0,0.0,"During the next six months, do you think this business will be using Artificial Intelligence (AI) in any of its business functions? (Examples of AI: machine learning, natural language processing, virtual agents, voice recognition, etc.)",Yes,AI future
107,8/10/2026 - 8/23/2026,,,,493,,35.1,4.59,0.0,0.0,"During the next six months, do you think this business will be using Artificial Intelligence (AI) in any of its business functions? (Examples of AI: machine learning, natural language processing, virtual agents, voice recognition, etc.)",Yes,AI future
107,8/10/2026 - 8/23/2026,,,,512,,37.4,3.08,0.0,0.0,"During the next six months, do you think this business will be using Artificial Intelligence (AI) in any of its business functions? (Examples of AI: machine learning, natural language processing, virtual agents, voice recognition, etc.)",Yes,AI future
107,8/10/2026 - 8/23/2026,,,,513,,64.0,4.28,0.0,0.0,"During the next six months, do you think this business will be using Artificial Intelligence (AI) in any of its business functions? (Examples of AI: machine learning, natural language processing, virtual agents, voice recognition, etc.)",Yes,AI future
107,8/10/2026 - 8/23/2026,,,,516,,43.9,8.31,0.0,0.0,"During the next six months, do you think this business will be using Artificial Intelligence (AI) in any of its business functions? (Examples of AI: machine learning, natural language processing, virtual agents, voice recognition, etc.)",Yes,AI future
107,8/10/2026 - 8/23/2026,,,,517,,33.2,5.81,0.0,0.0,"During the next six months, do you think this business will be using Artificial Intelligence (AI) in any of its business functions? (Examples of AI: machine learning, natural language processing, virtual agents, voice recognition, etc.)",Yes,AI future
107,8/10/2026 - 8/23/2026,,,,518,,58.3,6.21,0.0,0.0,"During the next six months, do you think this business will be using Artificial Intelligence (AI) in any of its business functions? (Examples of AI: machine learning, natural language processing, virtual agents, voice recognition, etc.)",Yes,AI future
107,8/10/2026 - 8/23/2026,,,,519,,20.3,5.5,0.0,0.0,"During the next six months, do you think this business will be using Artificial Intelligence (AI) in any of its business functions? (Examples of AI: machine learning, natural language processing, virtual agents, voice recognition, etc.)",Yes,AI future
107,8/10/2026 - 8/23/2026,,,,51X,,,,0.0,0.0,"During the next six months, do you think this business will be using Artificial Intelligence (AI) in any of its business functions? (Examples of AI: machine learning, natural language processing, virtual agents, voice recognition, etc.)",Yes,AI future
107,8/10/2026 - 8/23/2026,,,,522,,30.6,4.59,0.0,0.0,"During the next six months, do you think this business will be using Artificial Intelligence (AI) in any of its business functions? (Examples of AI: machine learning, natural language processing, virtual agents, voice recognition, etc.)",Yes,AI future
107,8/10/2026 - 8/23/2026,,,,523,,56.7,2.23,0.0,0.0,"During the next six months, do you think this business will be using Artificial Intelligence (AI) in any of its business functions? (Examples of AI: machine learning, natural language processing, virtual agents, voice recognition, etc.)",Yes,AI future
107,8/10/2026 - 8/23/2026,,,,524,,42.3,3.28,0.0,0.0,"During the next six months, do you think this business will be using Artificial Intelligence (AI) in any of its business functions? (Examples of AI: machine learning, natural language processing, virtual agents, voice recognition, etc.)",Yes,AI future
107,8/10/2026 - 8/23/2026,,,,52X,,44.5,10.98,0.0,0.0,"During the next six months, do you think this business will be using Artificial Intelligence (AI) in any of its business functions? (Examples of AI: machine learning, natural language processing, virtual agents, voice recognition, etc.)",Yes,AI future
107,8/10/2026 - 8/23/2026,,,,531,,35.3,1.56,0.0,0.0,"During the next six months, do you think this business will be using Artificial Intelligence (AI) in any of its business functions? (Examples of AI: machine learning, natural language processing, virtual agents, voice recognition, etc.)",Yes,AI future
107,8/10/2026 - 8/23/2026,,,,532,,17.8,3.83,0.0,0.0,"During the next six months, do you think this business will be using Artificial Intelligence (AI) in any of its business functions? (Examples of AI: machine learning, natural language processing, virtual agents, voice recognition, etc.)",Yes,AI future
107,8/10/2026 - 8/23/2026,,,,533,,,,0.0,0.0,"During the next six months, do you think this business will be using Artificial Intelligence (AI) in any of its business functions? (Examples of AI: machine learning, natural language processing, virtual agents, voice recognition, etc.)",Yes,AI future
107,8/10/2026 - 8/23/2026,,,,541,,46.5,0.86,0.0,0.0,"During the next six months, do you think this business will be using Artificial Intelligence (AI) in any of its business functions? (Examples of AI: machine learning, natural language processing, virtual agents, voice recognition, etc.)",Yes,AI future
107,8/10/2026 - 8/23/2026,,,,551,,,,0.0,0.0,"During the next six months, do you think this business will be using Artificial Intelligence (AI) in any of its business functions? (Examples of AI: machine learning, natural language processing, virtual agents, voice recognition, etc.)",Yes,AI future
107,8/10/2026 - 8/23/2026,,,,561,,25.0,1.66,0.0,0.0,"During the next six months, do you think this business will be using Artificial Intelligence (AI) in any of its business functions? (Examples of AI: machine learning, natural language processing, virtual agents, voice recognition, etc.)",Yes,AI future
107,8/10/2026 - 8/23/2026,,,,562,,24.6,6.23,0.0,0.0,"During the next six months, do you think this business will be using Artificial Intelligence (AI) in any of its business functions? (Examples of AI: machine learning, natural language processing, virtual agents, voice recognition, etc.)",Yes,AI future
107,8/10/2026 - 8/23/2026,,,,611,,41.3,3.25,0.0,0.0,"During the next six months, do you think this business will be using Artificial Intelligence (AI) in any of its business functions? (Examples of AI: machine learning, natural language processing, virtual agents, voice recognition, etc.)",Yes,AI future
107,8/10/2026 - 8/23/2026,,,,621,,29.4,1.09,0.0,0.0,"During the next six months, do you think this business will be using Artificial Intelligence (AI) in any of its business functions? (Examples of AI: machine learning, natural language processing, virtual agents, voice recognition, etc.)",Yes,AI future
107,8/10/2026 - 8/23/2026,,,,622,,,,0.0,0.0,"During the next six months, do you think this business will be using Artificial Intelligence (AI) in any of its business functions? (Examples of AI: machine learning, natural language processing, virtual agents, voice recognition, etc.)",Yes,AI future
107,8/10/2026 - 8/23/2026,,,,623,,16.5,2.98,0.0,0.0,"During the next six months, do you think this business will be using Artificial Intelligence (AI) in any of its business functions? (Examples of AI: machine learning, natural language processing, virtual agents, voice recognition, etc.)",Yes,AI future
107,8/10/2026 - 8/23/2026,,,,624,,22.9,2.45,0.0,0.0,"During the next six months, do you think this business will be using Artificial Intelligence (AI) in any of its business functions? (Examples of AI: machine learning, natural language processing, virtual agents, voice recognition, etc.)",Yes,AI future
107,8/10/2026 - 8/23/2026,,,,62X,,45.9,11.29,0.0,0.0,"During the next six months, do you think this business will be using Artificial Intelligence (AI) in any of its business functions? (Examples of AI: machine learning, natural language processing, virtual agents, voice recognition, etc.)",Yes,AI future
107,8/10/2026 - 8/23/2026,,,,711,,19.4,2.68,0.0,0.0,"During the next six months, do you think this business will be using Artificial Intelligence (AI) in any of its business functions? (Examples of AI: machine learning, natural language processing, virtual agents, voice recognition, etc.)",Yes,AI future
107,8/10/2026 - 8/23/2026,,,,712,,33.2,7.98,0.0,0.0,"During the next six months, do you think this business will be using Artificial Intelligence (AI) in any of its business functions? (Examples of AI: machine learning, natural language processing, virtual agents, voice recognition, etc.)",Yes,AI future
107,8/10/2026 - 8/23/2026,,,,713,,21.4,1.97,0.0,0.0,"During the next six months, do you think this business will be using Artificial Intelligence (AI) in any of its business functions? (Examples of AI: machine learning, natural language processing, virtual agents, voice recognition, etc.)",Yes,AI future
107,8/10/2026 - 8/23/2026,,,,721,,12.2,2.85,0.0,0.0,"During the next six months, do you think this business will be using Artificial Intelligence (AI) in any of its business functions? (Examples of AI: machine learning, natural language processing, virtual agents, voice recognition, etc.)",Yes,AI future
107,8/10/2026 - 8/23/2026,,,,722,,11.5,0.38,0.0,0.0,"During the next six months, do you think this business will be using Artificial Intelligence (AI) in any of its business functions? (Examples of AI: machine learning, natural language processing, virtual agents, voice recognition, etc.)",Yes,AI future
107,8/10/2026 - 8/23/2026,,,,72X,,,,0.0,0.0,"During the next six months, do you think this business will be using Artificial Intelligence (AI) in any of its business functions? (Examples of AI: machine learning, natural language processing, virtual agents, voice recognition, etc.)",Yes,AI future
107,8/10/2026 - 8/23/2026,,,,811,,12.6,1.1,0.0,0.0,"During the next six months, do you think this business will be using Artificial Intelligence (AI) in any of its business functions? (Examples of AI: machine learning, natural language processing, virtual agents, voice recognition, etc.)",Yes,AI future
107,8/10/2026 - 8/23/2026,,,,812,,16.8,1.27,0.0,0.0,"During the next six months, do you think this business will be using Artificial Intelligence (AI) in any of its business functions? (Examples of AI: machine learning, natural language processing, virtual agents, voice recognition, etc.)",Yes,AI future
107,8/10/2026 - 8/23/2026,,,,XXX,,40.0,2.21,0.0,0.0,"During the next six months, do you think this business will be using Artificial Intelligence (AI) in any of its business functions? (Examples of AI: machine learning, natural language processing, virtual agents, voice recognition, etc.)",Yes,AI future
107,8/10/2026 - 8/23/2026,,,12060.0,,,33.4,1.88,0.0,0.0,"During the next six months, do you think this business will be using Artificial Intelligence (AI) in any of its business functions? (Examples of AI: machine learning, natural language processing, virtual agents, voice recognition, etc.)",Yes,AI future
107,8/10/2026 - 8/23/2026,,,12580.0,,,35.3,2.24,0.0,0.0,"During the next six months, do you think this business will be using Artificial Intelligence (AI) in any of its business functions? (Examples of AI: machine learning, natural language processing, virtual agents, voice recognition, etc.)",Yes,AI future
107,8/10/2026 - 8/23/2026,,,14460.0,,,21.9,2.19,0.0,0.0,"During the next six months, do you think this business will be using Artificial Intelligence (AI) in any of its business functions? (Examples of AI: machine learning, natural language processing, virtual agents, voice recognition, etc.)",Yes,AI future
107,8/10/2026 - 8/23/2026,,,16740.0,,,30.2,3.31,0.0,0.0,"During the next six months, do you think this business will be using Artificial Intelligence (AI) in any of its business functions? (Examples of AI: machine learning, natural language processing, virtual agents, voice recognition, etc.)",Yes,AI future
107,8/10/2026 - 8/23/2026,,,16980.0,,,22.2,1.24,0.0,0.0,"During the next six months, do you think this business will be using Artificial Intelligence (AI) in any of its business functions? (Examples of AI: machine learning, natural language processing, virtual agents, voice recognition, etc.)",Yes,AI future
107,8/10/2026 - 8/23/2026,,,19100.0,,,34.6,1.22,0.0,0.0,"During the next six months, do you think this business will be using Artificial Intelligence (AI) in any of its business functions? (Examples of AI: machine learning, natural language processing, virtual agents, voice recognition, etc.)",Yes,AI future
107,8/10/2026 - 8/23/2026,,,19740.0,,,34.5,4.69,0.0,0.0,"During the next six months, do you think this business will be using Artificial Intelligence (AI) in any of its business functions? (Examples of AI: machine learning, natural language processing, virtual agents, voice recognition, etc.)",Yes,AI future
107,8/10/2026 - 8/23/2026,,,19820.0,,,20.0,2.77,0.0,0.0,"During the next six months, do you think this business will be using Artificial Intelligence (AI) in any of its business functions? (Examples of AI: machine learning, natural language processing, virtual agents, voice recognition, etc.)",Yes,AI future
107,8/10/2026 - 8/23/2026,,,26420.0,,,28.6,2.64,0.0,0.0,"During the next six months, do you think this business will be using Artificial Intelligence (AI) in any of its business functions? (Examples of AI: machine learning, natural language processing, virtual agents, voice recognition, etc.)",Yes,AI future
107,8/10/2026 - 8/23/2026,,,31080.0,,,24.9,0.94,0.0,0.0,"During the next six months, do you think this business will be using Artificial Intelligence (AI) in any of its business functions? (Examples of AI: machine learning, natural language processing, virtual agents, voice recognition, etc.)",Yes,AI future
107,8/10/2026 - 8/23/2026,,,33100.0,,,35.0,1.97,0.0,0.0,"During the next six months, do you think this business will be using Artificial Intelligence (AI) in any of its business functions? (Examples of AI: machine learning, natural language processing, virtual agents, voice recognition, etc.)",Yes,AI future
107,8/10/2026 - 8/23/2026,,,33460.0,,,36.3,2.81,0.0,0.0,"During the next six months, do you think this business will be using Artificial Intelligence (AI) in any of its business functions? (Examples of AI: machine learning, natural language processing, virtual agents, voice recognition, etc.)",Yes,AI future
107,8/10/2026 - 8/23/2026,,,35620.0,,,20.3,0.89,0.0,0.0,"During the next six months, do you think this business will be using Artificial Intelligence (AI) in any of its business functions? (Examples of AI: machine learning, natural language processing, virtual agents, voice recognition, etc.)",Yes,AI future
107,8/10/2026 - 8/23/2026,,,36740.0,,,29.4,5.66,0.0,0.0,"During the next six months, do you think this business will be using Artificial Intelligence (AI) in any of its business functions? (Examples of AI: machine learning, natural language processing, virtual agents, voice recognition, etc.)",Yes,AI future
107,8/10/2026 - 8/23/2026,,,37980.0,,,28.0,1.25,0.0,0.0,"During the next six months, do you think this business will be using Artificial Intelligence (AI) in any of its business functions? (Examples of AI: machine learning, natural language processing, virtual agents, voice recognition, etc.)",Yes,AI future
107,8/10/2026 - 8/23/2026,,,38060.0,,,25.8,2.21,0.0,0.0,"During the next six months, do you think this business will be using Artificial Intelligence (AI) in any of its business functions? (Examples of AI: machine learning, natural language processing, virtual agents, voice recognition, etc.)",Yes,AI future
107,8/10/2026 - 8/23/2026,,,38900.0,,,31.5,1.24,0.0,0.0,"During the next six months, do you think this business will be using Artificial Intelligence (AI) in any of its business functions? (Examples of AI: machine learning, natural language processing, virtual agents, voice recognition, etc.)",Yes,AI future
107,8/10/2026 - 8/23/2026,,,40140.0,,,25.4,2.48,0.0,0.0,"During the next six months, do you think this business will be using Artificial Intelligence (AI) in any of its business functions? (Examples of AI: machine learning, natural language processing, virtual agents, voice recognition, etc.)",Yes,AI future
107,8/10/2026 - 8/23/2026,,,41180.0,,,25.0,3.0,0.0,0.0,"During the next six months, do you think this business will be using Artificial Intelligence (AI) in any of its business functions? (Examples of AI: machine learning, natural language processing, virtual agents, voice recognition, etc.)",Yes,AI future
107,8/10/2026 - 8/23/2026,,,41700.0,,,24.9,4.53,0.0,0.0,"During the next six months, do you think this business will be using Artificial Intelligence (AI) in any of its business functions? (Examples of AI: machine learning, natural language processing, virtual agents, voice recognition, etc.)",Yes,AI future
107,8/10/2026 - 8/23/2026,,,41740.0,,,37.9,4.02,0.0,0.0,"During the next six months, do you think this business will be using Artificial Intelligence (AI) in any of its business functions? (Examples of AI: machine learning, natural language processing, virtual agents, voice recognition, etc.)",Yes,AI future
107,8/10/2026 - 8/23/2026,,,41860.0,,,32.5,2.75,0.0,0.0,"During the next six months, do you think this business will be using Artificial Intelligence (AI) in any of its business functions? (Examples of AI: machine learning, natural language processing, virtual agents, voice recognition, etc.)",Yes,AI future
107,8/10/2026 - 8/23/2026,,,42660.0,,,35.2,3.69,0.0,0.0,"During the next six months, do you think this business will be using Artificial Intelligence (AI) in any of its business functions? (Examples of AI: machine learning, natural language processing, virtual agents, voice recognition, etc.)",Yes,AI future
107,8/10/2026 - 8/23/2026,,,45300.0,,,32.3,2.99,0.0,0.0,"During the next six months, do you think this business will be using Artificial Intelligence (AI) in any of its business functions? (Examples of AI: machine learning, natural language processing, virtual agents, voice recognition, etc.)",Yes,AI future
107,8/10/2026 - 8/23/2026,,,47900.0,,,34.5,1.76,0.0,0.0,"During the next six months, do you think this business will be using Artificial Intelligence (AI) in any of its business functions? (Examples of AI: machine learning, natural language processing, virtual agents, voice recognition, etc.)",Yes,AI future
107,8/10/2026 - 8/23/2026,,,,,B,24.2,0.9,0.0,0.0,"During the next six months, do you think this business will be using Artificial Intelligence (AI) in any of its business functions? (Examples of AI: machine learning, natural language processing, virtual agents, voice recognition, etc.)",Yes,AI future
107,8/10/2026 - 8/23/2026,,,,,D,26.4,0.81,0.0,0.0,"During the next six months, do you think this business will be using Artificial Intelligence (AI) in any of its business functions? (Examples of AI: machine learning, natural language processing, virtual agents, voice recognition, etc.)",Yes,AI future
107,8/10/2026 - 8/23/2026,,,,,C,25.6,0.7,0.0,0.0,"During the next six months, do you think this business will be using Artificial Intelligence (AI) in any of its business functions? (Examples of AI: machine learning, natural language processing, virtual agents, voice recognition, etc.)",Yes,AI future
107,8/10/2026 - 8/23/2026,,,,,F,35.7,1.8,0.0,0.0,"During the next six months, do you think this business will be using Artificial Intelligence (AI) in any of its business functions? (Examples of AI: machine learning, natural language processing, virtual agents, voice recognition, etc.)",Yes,AI future
107,8/10/2026 - 8/23/2026,,,,,G,46.2,3.07,0.0,0.0,"During the next six months, do you think this business will be using Artificial Intelligence (AI) in any of its business functions? (Examples of AI: machine learning, natural language processing, virtual agents, voice recognition, etc.)",Yes,AI future
107,8/10/2026 - 8/23/2026,,,,,E,32.5,1.09,0.0,0.0,"During the next six months, do you think this business will be using Artificial Intelligence (AI) in any of its business functions? (Examples of AI: machine learning, natural language processing, virtual agents, voice recognition, etc.)",Yes,AI future
107,8/10/2026 - 8/23/2026,,,,,,25.9,0.47,0.0,0.0,"During the next six months, do you think this business will be using Artificial Intelligence (AI) in any of its business functions? (Examples of AI: machine learning, natural language processing, virtual agents, voice recognition, etc.)",Yes,AI future
107,8/10/2026 - 8/23/2026,,,,,A,25.7,0.56,0.0,0.0,"During the next six months, do you think this business will be using Artificial Intelligence (AI) in any of its business functions? (Examples of AI: machine learning, natural language processing, virtual agents, voice recognition, etc.)",Yes,AI future
107,8/10/2026 - 8/23/2026,AK,,,,,63.2,8.56,0.0,0.0,"During the next six months, do you think this business will be using Artificial Intelligence (AI) in any of its business functions? (Examples of AI: machine learning, natural language processing, virtual agents, voice recognition, etc.)",No,AI future
107,8/10/2026 - 8/23/2026,AL,,,,,49.1,1.81,0.0,0.0,"During the next six months, do you think this business will be using Artificial Intelligence (AI) in any of its business functions? (Examples of AI: machine learning, natural language processing, virtual agents, voice recognition, etc.)",No,AI future
107,8/10/2026 - 8/23/2026,AR,,,,,53.7,3.97,0.0,0.0,"During the next six months, do you think this business will be using Artificial Intelligence (AI) in any of its business functions? (Examples of AI: machine learning, natural language processing, virtual agents, voice recognition, etc.)",No,AI future
107,8/10/2026 - 8/23/2026,AZ,,,,,47.0,1.55,0.0,0.0,"During the next six months, do you think this business will be using Artificial Intelligence (AI) in any of its business functions? (Examples of AI: machine learning, natural language processing, virtual agents, voice recognition, etc.)",No,AI future
107,8/10/2026 - 8/23/2026,CA,,,,,44.4,0.93,0.0,0.0,"During the next six months, do you think this business will be using Artificial Intelligence (AI) in any of its business functions? (Examples of AI: machine learning, natural language processing, virtual agents, voice recognition, etc.)",No,AI future
107,8/10/2026 - 8/23/2026,CO,,,,,44.5,1.47,0.0,0.0,"During the next six months, do you think this business will be using Artificial Intelligence (AI) in any of its business functions? (Examples of AI: machine learning, natural language processing, virtual agents, voice recognition, etc.)",No,AI future
107,8/10/2026 - 8/23/2026,CT,,,,,50.1,4.01,0.0,0.0,"During the next six months, do you think this business will be using Artificial Intelligence (AI) in any of its business functions? (Examples of AI: machine learning, natural language processing, virtual agents, voice recognition, etc.)",No,AI future
107,8/10/2026 - 8/23/2026,DC,,,,,26.2,5.91,0.0,0.0,"During the next six months, do you think this business will be using Artificial Intelligence (AI) in any of its business functions? (Examples of AI: machine learning, natural language processing, virtual agents, voice recognition, etc.)",No,AI future
107,8/10/2026 - 8/23/2026,DE,,,,,39.0,4.76,0.0,0.0,"During the next six months, do you think this business will be using Artificial Intelligence (AI) in any of its business functions? (Examples of AI: machine learning, natural language processing, virtual agents, voice recognition, etc.)",No,AI future
107,8/10/2026 - 8/23/2026,FL,,,,,44.0,1.59,0.0,0.0,"During the next six months, do you think this business will be using Artificial Intelligence (AI) in any of its business functions? (Examples of AI: machine learning, natural language processing, virtual agents, voice recognition, etc.)",No,AI future
107,8/10/2026 - 8/23/2026,GA,,,,,44.3,2.14,0.0,0.0,"During the next six months, do you think this business will be using Artificial Intelligence (AI) in any of its business functions? (Examples of AI: machine learning, natural language processing, virtual agents, voice recognition, etc.)",No,AI future
107,8/10/2026 - 8/23/2026,HI,,,,,49.3,6.21,0.0,0.0,"During the next six months, do you think this business will be using Artificial Intelligence (AI) in any of its business functions? (Examples of AI: machine learning, natural language processing, virtual agents, voice recognition, etc.)",No,AI future
107,8/10/2026 - 8/23/2026,IA,,,,,50.5,3.08,0.0,0.0,"During the next six months, do you think this business will be using Artificial Intelligence (AI) in any of its business functions? (Examples of AI: machine learning, natural language processing, virtual agents, voice recognition, etc.)",No,AI future
107,8/10/2026 - 8/23/2026,ID,,,,,49.1,3.99,0.0,0.0,"During the next six months, do you think this business will be using Artificial Intelligence (AI) in any of its business functions? (Examples of AI: machine learning, natural language processing, virtual agents, voice recognition, etc.)",No,AI future
107,8/10/2026 - 8/23/2026,IL,,,,,46.9,2.04,0.0,0.0,"During the next six months, do you think this business will be using Artificial Intelligence (AI) in any of its business functions? (Examples of AI: machine learning, natural language processing, virtual agents, voice recognition, etc.)",No,AI future
107,8/10/2026 - 8/23/2026,IN,,,,,54.9,3.33,0.0,0.0,"During the next six months, do you think this business will be using Artificial Intelligence (AI) in any of its business functions? (Examples of AI: machine learning, natural language processing, virtual agents, voice recognition, etc.)",No,AI future
107,8/10/2026 - 8/23/2026,KS,,,,,43.4,2.01,0.0,0.0,"During the next six months, do you think this business will be using Artificial Intelligence (AI) in any of its business functions? (Examples of AI: machine learning, natural language processing, virtual agents, voice recognition, etc.)",No,AI future
107,8/10/2026 - 8/23/2026,KY,,,,,44.6,4.08,0.0,0.0,"During the next six months, do you think this business will be using Artificial Intelligence (AI) in any of its business functions? (Examples of AI: machine learning, natural language processing, virtual agents, voice recognition, etc.)",No,AI future
107,8/10/2026 - 8/23/2026,LA,,,,,51.2,3.2,0.0,0.0,"During the next six months, do you think this business will be using Artificial Intelligence (AI) in any of its business functions? (Examples of AI: machine learning, natural language processing, virtual agents, voice recognition, etc.)",No,AI future
107,8/10/2026 - 8/23/2026,MA,,,,,48.4,2.78,0.0,0.0,"During the next six months, do you think this business will be using Artificial Intelligence (AI) in any of its business functions? (Examples of AI: machine learning, natural language processing, virtual agents, voice recognition, etc.)",No,AI future
107,8/10/2026 - 8/23/2026,MD,,,,,44.9,3.19,0.0,0.0,"During the next six months, do you think this business will be using Artificial Intelligence (AI) in any of its business functions? (Examples of AI: machine learning, natural language processing, virtual agents, voice recognition, etc.)",No,AI future
107,8/10/2026 - 8/23/2026,ME,,,,,51.2,3.2,0.0,0.0,"During the next six months, do you think this business will be using Artificial Intelligence (AI) in any of its business functions? (Examples of AI: machine learning, natural language processing, virtual agents, voice recognition, etc.)",No,AI future
107,8/10/2026 - 8/23/2026,MI,,,,,52.1,2.43,0.0,0.0,"During the next six months, do you think this business will be using Artificial Intelligence (AI) in any of its business functions? (Examples of AI: machine learning, natural language processing, virtual agents, voice recognition, etc.)",No,AI future
107,8/10/2026 - 8/23/2026,MN,,,,,48.6,2.03,0.0,0.0,"During the next six months, do you think this business will be using Artificial Intelligence (AI) in any of its business functions? (Examples of AI: machine learning, natural language processing, virtual agents, voice recognition, etc.)",No,AI future
107,8/10/2026 - 8/23/2026,MO,,,,,55.3,2.41,0.0,0.0,"During the next six months, do you think this business will be using Artificial Intelligence (AI) in any of its business functions? (Examples of AI: machine learning, natural language processing, virtual agents, voice recognition, etc.)",No,AI future
107,8/10/2026 - 8/23/2026,MS,,,,,49.1,5.18,0.0,0.0,"During the next six months, do you think this business will be using Artificial Intelligence (AI) in any of its business functions? (Examples of AI: machine learning, natural language processing, virtual agents, voice recognition, etc.)",No,AI future
107,8/10/2026 - 8/23/2026,MT,,,,,50.7,5.82,0.0,0.0,"During the next six months, do you think this business will be using Artificial Intelligence (AI) in any of its business functions? (Examples of AI: machine learning, natural language processing, virtual agents, voice recognition, etc.)",No,AI future
107,8/10/2026 - 8/23/2026,NC,,,,,47.7,2.09,0.0,0.0,"During the next six months, do you think this business will be using Artificial Intelligence (AI) in any of its business functions? (Examples of AI: machine learning, natural language processing, virtual agents, voice recognition, etc.)",No,AI future
107,8/10/2026 - 8/23/2026,ND,,,,,52.4,6.74,0.0,0.0,"During the next six months, do you think this business will be using Artificial Intelligence (AI) in any of its business functions? (Examples of AI: machine learning, natural language processing, virtual agents, voice recognition, etc.)",No,AI future
107,8/10/2026 - 8/23/2026,NE,,,,,49.8,4.2,0.0,0.0,"During the next six months, do you think this business will be using Artificial Intelligence (AI) in any of its business functions? (Examples of AI: machine learning, natural language processing, virtual agents, voice recognition, etc.)",No,AI future
107,8/10/2026 - 8/23/2026,NH,,,,,52.5,6.79,0.0,0.0,"During the next six months, do you think this business will be using Artificial Intelligence (AI) in any of its business functions? (Examples of AI: machine learning, natural language processing, virtual agents, voice recognition, etc.)",No,AI future
107,8/10/2026 - 8/23/2026,NJ,,,,,51.9,2.09,0.0,0.0,"During the next six months, do you think this business will be using Artificial Intelligence (AI) in any of its business functions? (Examples of AI: machine learning, natural language processing, virtual agents, voice recognition, etc.)",No,AI future
107,8/10/2026 - 8/23/2026,NM,,,,,49.9,3.22,0.0,0.0,"During the next six months, do you think this business will be using Artificial Intelligence (AI) in any of its business functions? (Examples of AI: machine learning, natural language processing, virtual agents, voice recognition, etc.)",No,AI future
107,8/10/2026 - 8/23/2026,NV,,,,,43.1,3.41,0.0,0.0,"During the next six months, do you think this business will be using Artificial Intelligence (AI) in any of its business functions? (Examples of AI: machine learning, natural language processing, virtual agents, voice recognition, etc.)",No,AI future
107,8/10/2026 - 8/23/2026,NY,,,,,51.5,1.71,0.0,0.0,"During the next six months, do you think this business will be using Artificial Intelligence (AI) in any of its business functions? (Examples of AI: machine learning, natural language processing, virtual agents, voice recognition, etc.)",No,AI future
107,8/10/2026 - 8/23/2026,OH,,,,,49.0,1.13,0.0,0.0,"During the next six months, do you think this business will be using Artificial Intelligence (AI) in any of its business functions? (Examples of AI: machine learning, natural language processing, virtual agents, voice recognition, etc.)",No,AI future
107,8/10/2026 - 8/23/2026,OK,,,,,55.2,2.63,0.0,0.0,"During the next six months, do you think this business will be using Artificial Intelligence (AI) in any of its business functions? (Examples of AI: machine learning, natural language processing, virtual agents, voice recognition, etc.)",No,AI future
107,8/10/2026 - 8/23/2026,OR,,,,,54.8,3.32,0.0,0.0,"During the next six months, do you think this business will be using Artificial Intelligence (AI) in any of its business functions? (Examples of AI: machine learning, natural language processing, virtual agents, voice recognition, etc.)",No,AI future
107,8/10/2026 - 8/23/2026,PA,,,,,49.5,1.71,0.0,0.0,"During the next six months, do you think this business will be using Artificial Intelligence (AI) in any of its business functions? (Examples of AI: machine learning, natural language processing, virtual agents, voice recognition, etc.)",No,AI future
107,8/10/2026 - 8/23/2026,PR,,,,,44.6,7.26,0.0,0.0,"During the next six months, do you think this business will be using Artificial Intelligence (AI) in any of its business functions? (Examples of AI: machine learning, natural language processing, virtual agents, voice recognition, etc.)",No,AI future
107,8/10/2026 - 8/23/2026,RI,,,,,57.2,7.25,0.0,0.0,"During the next six months, do you think this business will be using Artificial Intelligence (AI) in any of its business functions? (Examples of AI: machine learning, natural language processing, virtual agents, voice recognition, etc.)",No,AI future
107,8/10/2026 - 8/23/2026,SC,,,,,42.9,2.21,0.0,0.0,"During the next six months, do you think this business will be using Artificial Intelligence (AI) in any of its business functions? (Examples of AI: machine learning, natural language processing, virtual agents, voice recognition, etc.)",No,AI future
107,8/10/2026 - 8/23/2026,SD,,,,,49.6,3.55,0.0,0.0,"During the next six months, do you think this business will be using Artificial Intelligence (AI) in any of its business functions? (Examples of AI: machine learning, natural language processing, virtual agents, voice recognition, etc.)",No,AI future
107,8/10/2026 - 8/23/2026,TN,,,,,46.1,3.05,0.0,0.0,"During the next six months, do you think this business will be using Artificial Intelligence (AI) in any of its business functions? (Examples of AI: machine learning, natural language processing, virtual agents, voice recognition, etc.)",No,AI future
107,8/10/2026 - 8/23/2026,TX,,,,,47.4,1.36,0.0,0.0,"During the next six months, do you think this business will be using Artificial Intelligence (AI) in any of its business functions? (Examples of AI: machine learning, natural language processing, virtual agents, voice recognition, etc.)",No,AI future
107,8/10/2026 - 8/23/2026,UT,,,,,40.9,4.61,0.0,0.0,"During the next six months, do you think this business will be using Artificial Intelligence (AI) in any of its business functions? (Examples of AI: machine learning, natural language processing, virtual agents, voice recognition, etc.)",No,AI future
107,8/10/2026 - 8/23/2026,VA,,,,,47.0,2.39,0.0,0.0,"During the next six months, do you think this business will be using Artificial Intelligence (AI) in any of its business functions? (Examples of AI: machine learning, natural language processing, virtual agents, voice recognition, etc.)",No,AI future
107,8/10/2026 - 8/23/2026,VT,,,,,55.0,4.37,0.0,0.0,"During the next six months, do you think this business will be using Artificial Intelligence (AI) in any of its business functions? (Examples of AI: machine learning, natural language processing, virtual agents, voice recognition, etc.)",No,AI future
107,8/10/2026 - 8/23/2026,WA,,,,,48.6,2.39,0.0,0.0,"During the next six months, do you think this business will be using Artificial Intelligence (AI) in any of its business functions? (Examples of AI: machine learning, natural language processing, virtual agents, voice recognition, etc.)",No,AI future
107,8/10/2026 - 8/23/2026,WI,,,,,55.7,2.7,0.0,0.0,"During the next six months, do you think this business will be using Artificial Intelligence (AI) in any of its business functions? (Examples of AI: machine learning, natural language processing, virtual agents, voice recognition, etc.)",No,AI future
107,8/10/2026 - 8/23/2026,WV,,,,,55.2,6.0,0.0,0.0,"During the next six months, do you think this business will be using Artificial Intelligence (AI) in any of its business functions? (Examples of AI: machine learning, natural language processing, virtual agents, voice recognition, etc.)",No,AI future
107,8/10/2026 - 8/23/2026,WY,,,,,44.3,5.9,0.0,0.0,"During the next six months, do you think this business will be using Artificial Intelligence (AI) in any of its business functions? (Examples of AI: machine learning, natural language processing, virtual agents, voice recognition, etc.)",No,AI future
107,8/10/2026 - 8/23/2026,XX,,,,,26.1,2.24,0.0,0.0,"During the next six months, do you think this business will be using Artificial Intelligence (AI) in any of its business functions? (Examples of AI: machine learning, natural language processing, virtual agents, voice recognition, etc.)",No,AI future
107,8/10/2026 - 8/23/2026,,11,,,B,53.7,14.45,0.0,0.0,"During the next six months, do you think this business will be using Artificial Intelligence (AI) in any of its business functions? (Examples of AI: machine learning, natural language processing, virtual agents, voice recognition, etc.)",No,AI future
107,8/10/2026 - 8/23/2026,,11,,,D,,,0.0,0.0,"During the next six months, do you think this business will be using Artificial Intelligence (AI) in any of its business functions? (Examples of AI: machine learning, natural language processing, virtual agents, voice recognition, etc.)",No,AI future
107,8/10/2026 - 8/23/2026,,11,,,A,60.6,6.98,0.0,0.0,"During the next six months, do you think this business will be using Artificial Intelligence (AI) in any of its business functions? (Examples of AI: machine learning, natural language processing, virtual agents, voice recognition, etc.)",No,AI future
107,8/10/2026 - 8/23/2026,,11,,,,56.5,5.8,0.0,0.0,"During the next six months, do you think this business will be using Artificial Intelligence (AI) in any of its business functions? (Examples of AI: machine learning, natural language processing, virtual agents, voice recognition, etc.)",No,AI future
107,8/10/2026 - 8/23/2026,,11,,,C,45.3,13.09,0.0,0.0,"During the next six months, do you think this business will be using Artificial Intelligence (AI) in any of its business functions? (Examples of AI: machine learning, natural language processing, virtual agents, voice recognition, etc.)",No,AI future
107,8/10/2026 - 8/23/2026,,21,,,,69.7,4.91,0.0,0.0,"During the next six months, do you think this business will be using Artificial Intelligence (AI) in any of its business functions? (Examples of AI: machine learning, natural language processing, virtual agents, voice recognition, etc.)",No,AI future
107,8/10/2026 - 8/23/2026,,21,,,C,75.6,10.09,0.0,0.0,"During the next six months, do you think this business will be using Artificial Intelligence (AI) in any of its business functions? (Examples of AI: machine learning, natural language processing, virtual agents, voice recognition, etc.)",No,AI future
107,8/10/2026 - 8/23/2026,,21,,,G,,,0.0,0.0,"During the next six months, do you think this business will be using Artificial Intelligence (AI) in any of its business functions? (Examples of AI: machine learning, natural language processing, virtual agents, voice recognition, etc.)",No,AI future
107,8/10/2026 - 8/23/2026,,21,,,D,78.1,10.86,0.0,0.0,"During the next six months, do you think this business will be using Artificial Intelligence (AI) in any of its business functions? (Examples of AI: machine learning, natural language processing, virtual agents, voice recognition, etc.)",No,AI future
107,8/10/2026 - 8/23/2026,,21,,,B,56.5,20.14,0.0,0.0,"During the next six months, do you think this business will be using Artificial Intelligence (AI) in any of its business functions? (Examples of AI: machine learning, natural language processing, virtual agents, voice recognition, etc.)",No,AI future
107,8/10/2026 - 8/23/2026,,21,,,E,,,0.0,0.0,"During the next six months, do you think this business will be using Artificial Intelligence (AI) in any of its business functions? (Examples of AI: machine learning, natural language processing, virtual agents, voice recognition, etc.)",No,AI future
107,8/10/2026 - 8/23/2026,,21,,,A,75.6,6.95,0.0,0.0,"During the next six months, do you think this business will be using Artificial Intelligence (AI) in any of its business functions? (Examples of AI: machine learning, natural language processing, virtual agents, voice recognition, etc.)",No,AI future
107,8/10/2026 - 8/23/2026,,22,,,C,45.6,8.78,0.0,0.0,"During the next six months, do you think this business will be using Artificial Intelligence (AI) in any of its business functions? (Examples of AI: machine learning, natural language processing, virtual agents, voice recognition, etc.)",No,AI future
107,8/10/2026 - 8/23/2026,,22,,,A,54.7,7.14,0.0,0.0,"During the next six months, do you think this business will be using Artificial Intelligence (AI) in any of its business functions? (Examples of AI: machine learning, natural language processing, virtual agents, voice recognition, etc.)",No,AI future
107,8/10/2026 - 8/23/2026,,22,,,D,,,0.0,0.0,"During the next six months, do you think this business will be using Artificial Intelligence (AI) in any of its business functions? (Examples of AI: machine learning, natural language processing, virtual agents, voice recognition, etc.)",No,AI future
107,8/10/2026 - 8/23/2026,,22,,,,50.2,4.77,0.0,0.0,"During the next six months, do you think this business will be using Artificial Intelligence (AI) in any of its business functions? (Examples of AI: machine learning, natural language processing, virtual agents, voice recognition, etc.)",No,AI future
107,8/10/2026 - 8/23/2026,,22,,,B,52.1,13.07,0.0,0.0,"During the next six months, do you think this business will be using Artificial Intelligence (AI) in any of its business functions? (Examples of AI: machine learning, natural language processing, virtual agents, voice recognition, etc.)",No,AI future
107,8/10/2026 - 8/23/2026,,23,,,F,35.5,8.08,0.0,0.0,"During the next six months, do you think this business will be using Artificial Intelligence (AI) in any of its business functions? (Examples of AI: machine learning, natural language processing, virtual agents, voice recognition, etc.)",No,AI future
107,8/10/2026 - 8/23/2026,,23,,,,59.7,1.67,0.0,0.0,"During the next six months, do you think this business will be using Artificial Intelligence (AI) in any of its business functions? (Examples of AI: machine learning, natural language processing, virtual agents, voice recognition, etc.)",No,AI future
107,8/10/2026 - 8/23/2026,,23,,,D,47.8,1.89,0.0,0.0,"During the next six months, do you think this business will be using Artificial Intelligence (AI) in any of its business functions? (Examples of AI: machine learning, natural language processing, virtual agents, voice recognition, etc.)",No,AI future
107,8/10/2026 - 8/23/2026,,23,,,G,30.1,14.45,0.0,0.0,"During the next six months, do you think this business will be using Artificial Intelligence (AI) in any of its business functions? (Examples of AI: machine learning, natural language processing, virtual agents, voice recognition, etc.)",No,AI future
107,8/10/2026 - 8/23/2026,,23,,,C,52.8,2.11,0.0,0.0,"During the next six months, do you think this business will be using Artificial Intelligence (AI) in any of its business functions? (Examples of AI: machine learning, natural language processing, virtual agents, voice recognition, etc.)",No,AI future
107,8/10/2026 - 8/23/2026,,23,,,A,62.8,1.91,0.0,0.0,"During the next six months, do you think this business will be using Artificial Intelligence (AI) in any of its business functions? (Examples of AI: machine learning, natural language processing, virtual agents, voice recognition, etc.)",No,AI future
107,8/10/2026 - 8/23/2026,,23,,,B,59.8,4.25,0.0,0.0,"During the next six months, do you think this business will be using Artificial Intelligence (AI) in any of its business functions? (Examples of AI: machine learning, natural language processing, virtual agents, voice recognition, etc.)",No,AI future
107,8/10/2026 - 8/23/2026,,23,,,E,40.6,2.79,0.0,0.0,"During the next six months, do you think this business will be using Artificial Intelligence (AI) in any of its business functions? (Examples of AI: machine learning, natural language processing, virtual agents, voice recognition, etc.)",No,AI future
107,8/10/2026 - 8/23/2026,,31,,,B,56.8,3.21,0.0,0.0,"During the next six months, do you think this business will be using Artificial Intelligence (AI) in any of its business functions? (Examples of AI: machine learning, natural language processing, virtual agents, voice recognition, etc.)",No,AI future
107,8/10/2026 - 8/23/2026,,31,,,E,43.3,4.77,0.0,0.0,"During the next six months, do you think this business will be using Artificial Intelligence (AI) in any of its business functions? (Examples of AI: machine learning, natural language processing, virtual agents, voice recognition, etc.)",No,AI future
107,8/10/2026 - 8/23/2026,,31,,,,54.0,1.48,0.0,0.0,"During the next six months, do you think this business will be using Artificial Intelligence (AI) in any of its business functions? (Examples of AI: machine learning, natural language processing, virtual agents, voice recognition, etc.)",No,AI future
107,8/10/2026 - 8/23/2026,,31,,,C,53.7,3.3,0.0,0.0,"During the next six months, do you think this business will be using Artificial Intelligence (AI) in any of its business functions? (Examples of AI: machine learning, natural language processing, virtual agents, voice recognition, etc.)",No,AI future
107,8/10/2026 - 8/23/2026,,31,,,D,49.6,3.25,0.0,0.0,"During the next six months, do you think this business will be using Artificial Intelligence (AI) in any of its business functions? (Examples of AI: machine learning, natural language processing, virtual agents, voice recognition, etc.)",No,AI future
107,8/10/2026 - 8/23/2026,,31,,,G,20.8,7.27,0.0,0.0,"During the next six months, do you think this business will be using Artificial Intelligence (AI) in any of its business functions? (Examples of AI: machine learning, natural language processing, virtual agents, voice recognition, etc.)",No,AI future
107,8/10/2026 - 8/23/2026,,31,,,A,58.7,3.64,0.0,0.0,"During the next six months, do you think this business will be using Artificial Intelligence (AI) in any of its business functions? (Examples of AI: machine learning, natural language processing, virtual agents, voice recognition, etc.)",No,AI future
107,8/10/2026 - 8/23/2026,,31,,,F,32.3,5.08,0.0,0.0,"During the next six months, do you think this business will be using Artificial Intelligence (AI) in any of its business functions? (Examples of AI: machine learning, natural language processing, virtual agents, voice recognition, etc.)",No,AI future
107,8/10/2026 - 8/23/2026,,42,,,C,50.7,2.18,0.0,0.0,"During the next six months, do you think this business will be using Artificial Intelligence (AI) in any of its business functions? (Examples of AI: machine learning, natural language processing, virtual agents, voice recognition, etc.)",No,AI future
107,8/10/2026 - 8/23/2026,,42,,,B,49.4,1.84,0.0,0.0,"During the next six months, do you think this business will be using Artificial Intelligence (AI) in any of its business functions? (Examples of AI: machine learning, natural language processing, virtual agents, voice recognition, etc.)",No,AI future
107,8/10/2026 - 8/23/2026,,42,,,D,35.7,2.41,0.0,0.0,"During the next six months, do you think this business will be using Artificial Intelligence (AI) in any of its business functions? (Examples of AI: machine learning, natural language processing, virtual agents, voice recognition, etc.)",No,AI future
107,8/10/2026 - 8/23/2026,,42,,,F,35.8,10.13,0.0,0.0,"During the next six months, do you think this business will be using Artificial Intelligence (AI) in any of its business functions? (Examples of AI: machine learning, natural language processing, virtual agents, voice recognition, etc.)",No,AI future
107,8/10/2026 - 8/23/2026,,42,,,G,,,0.0,0.0,"During the next six months, do you think this business will be using Artificial Intelligence (AI) in any of its business functions? (Examples of AI: machine learning, natural language processing, virtual agents, voice recognition, etc.)",No,AI future
107,8/10/2026 - 8/23/2026,,42,,,,49.2,0.57,0.0,0.0,"During the next six months, do you think this business will be using Artificial Intelligence (AI) in any of its business functions? (Examples of AI: machine learning, natural language processing, virtual agents, voice recognition, etc.)",No,AI future
107,8/10/2026 - 8/23/2026,,42,,,A,51.8,1.08,0.0,0.0,"During the next six months, do you think this business will be using Artificial Intelligence (AI) in any of its business functions? (Examples of AI: machine learning, natural language processing, virtual agents, voice recognition, etc.)",No,AI future
107,8/10/2026 - 8/23/2026,,42,,,E,36.0,6.04,0.0,0.0,"During the next six months, do you think this business will be using Artificial Intelligence (AI) in any of its business functions? (Examples of AI: machine learning, natural language processing, virtual agents, voice recognition, etc.)",No,AI future
107,8/10/2026 - 8/23/2026,,44,,,D,48.1,4.54,0.0,0.0,"During the next six months, do you think this business will be using Artificial Intelligence (AI) in any of its business functions? (Examples of AI: machine learning, natural language processing, virtual agents, voice recognition, etc.)",No,AI future
107,8/10/2026 - 8/23/2026,,44,,,C,54.4,2.63,0.0,0.0,"During the next six months, do you think this business will be using Artificial Intelligence (AI) in any of its business functions? (Examples of AI: machine learning, natural language processing, virtual agents, voice recognition, etc.)",No,AI future
107,8/10/2026 - 8/23/2026,,44,,,F,37.8,7.07,0.0,0.0,"During the next six months, do you think this business will be using Artificial Intelligence (AI) in any of its business functions? (Examples of AI: machine learning, natural language processing, virtual agents, voice recognition, etc.)",No,AI future
107,8/10/2026 - 8/23/2026,,44,,,A,56.5,1.39,0.0,0.0,"During the next six months, do you think this business will be using Artificial Intelligence (AI) in any of its business functions? (Examples of AI: machine learning, natural language processing, virtual agents, voice recognition, etc.)",No,AI future
107,8/10/2026 - 8/23/2026,,44,,,E,39.2,4.67,0.0,0.0,"During the next six months, do you think this business will be using Artificial Intelligence (AI) in any of its business functions? (Examples of AI: machine learning, natural language processing, virtual agents, voice recognition, etc.)",No,AI future
107,8/10/2026 - 8/23/2026,,44,,,B,57.4,2.05,0.0,0.0,"During the next six months, do you think this business will be using Artificial Intelligence (AI) in any of its business functions? (Examples of AI: machine learning, natural language processing, virtual agents, voice recognition, etc.)",No,AI future
107,8/10/2026 - 8/23/2026,,44,,,G,40.3,13.77,0.0,0.0,"During the next six months, do you think this business will be using Artificial Intelligence (AI) in any of its business functions? (Examples of AI: machine learning, natural language processing, virtual agents, voice recognition, etc.)",No,AI future
107,8/10/2026 - 8/23/2026,,44,,,,55.4,0.8,0.0,0.0,"During the next six months, do you think this business will be using Artificial Intelligence (AI) in any of its business functions? (Examples of AI: machine learning, natural language processing, virtual agents, voice recognition, etc.)",No,AI future
107,8/10/2026 - 8/23/2026,,48,,,,60.9,1.06,0.0,0.0,"During the next six months, do you think this business will be using Artificial Intelligence (AI) in any of its business functions? (Examples of AI: machine learning, natural language processing, virtual agents, voice recognition, etc.)",No,AI future
107,8/10/2026 - 8/23/2026,,48,,,A,65.4,1.83,0.0,0.0,"During the next six months, do you think this business will be using Artificial Intelligence (AI) in any of its business functions? (Examples of AI: machine learning, natural language processing, virtual agents, voice recognition, etc.)",No,AI future
107,8/10/2026 - 8/23/2026,,48,,,D,45.8,4.83,0.0,0.0,"During the next six months, do you think this business will be using Artificial Intelligence (AI) in any of its business functions? (Examples of AI: machine learning, natural language processing, virtual agents, voice recognition, etc.)",No,AI future
107,8/10/2026 - 8/23/2026,,48,,,F,33.2,14.38,0.0,0.0,"During the next six months, do you think this business will be using Artificial Intelligence (AI) in any of its business functions? (Examples of AI: machine learning, natural language processing, virtual agents, voice recognition, etc.)",No,AI future
107,8/10/2026 - 8/23/2026,,48,,,E,32.4,9.4,0.0,0.0,"During the next six months, do you think this business will be using Artificial Intelligence (AI) in any of its business functions? (Examples of AI: machine learning, natural language processing, virtual agents, voice recognition, etc.)",No,AI future
107,8/10/2026 - 8/23/2026,,48,,,B,55.2,3.29,0.0,0.0,"During the next six months, do you think this business will be using Artificial Intelligence (AI) in any of its business functions? (Examples of AI: machine learning, natural language processing, virtual agents, voice recognition, etc.)",No,AI future
107,8/10/2026 - 8/23/2026,,48,,,G,,,0.0,0.0,"During the next six months, do you think this business will be using Artificial Intelligence (AI) in any of its business functions? (Examples of AI: machine learning, natural language processing, virtual agents, voice recognition, etc.)",No,AI future
107,8/10/2026 - 8/23/2026,,48,,,C,54.4,7.33,0.0,0.0,"During the next six months, do you think this business will be using Artificial Intelligence (AI) in any of its business functions? (Examples of AI: machine learning, natural language processing, virtual agents, voice recognition, etc.)",No,AI future
107,8/10/2026 - 8/23/2026,,51,,,D,15.2,4.41,0.0,0.0,"During the next six months, do you think this business will be using Artificial Intelligence (AI) in any of its business functions? (Examples of AI: machine learning, natural language processing, virtual agents, voice recognition, etc.)",No,AI future
107,8/10/2026 - 8/23/2026,,51,,,E,,,0.0,0.0,"During the next six months, do you think this business will be using Artificial Intelligence (AI) in any of its business functions? (Examples of AI: machine learning, natural language processing, virtual agents, voice recognition, etc.)",No,AI future
107,8/10/2026 - 8/23/2026,,51,,,B,24.8,5.48,0.0,0.0,"During the next six months, do you think this business will be using Artificial Intelligence (AI) in any of its business functions? (Examples of AI: machine learning, natural language processing, virtual agents, voice recognition, etc.)",No,AI future
107,8/10/2026 - 8/23/2026,,51,,,F,,,0.0,0.0,"During the next six months, do you think this business will be using Artificial Intelligence (AI) in any of its business functions? (Examples of AI: machine learning, natural language processing, virtual agents, voice recognition, etc.)",No,AI future
107,8/10/2026 - 8/23/2026,,51,,,,25.8,1.73,0.0,0.0,"During the next six months, do you think this business will be using Artificial Intelligence (AI) in any of its business functions? (Examples of AI: machine learning, natural language processing, virtual agents, voice recognition, etc.)",No,AI future
107,8/10/2026 - 8/23/2026,,51,,,A,28.6,1.95,0.0,0.0,"During the next six months, do you think this business will be using Artificial Intelligence (AI) in any of its business functions? (Examples of AI: machine learning, natural language processing, virtual agents, voice recognition, etc.)",No,AI future
107,8/10/2026 - 8/23/2026,,51,,,C,18.3,6.12,0.0,0.0,"During the next six months, do you think this business will be using Artificial Intelligence (AI) in any of its business functions? (Examples of AI: machine learning, natural language processing, virtual agents, voice recognition, etc.)",No,AI future
107,8/10/2026 - 8/23/2026,,52,,,E,13.4,6.23,0.0,0.0,"During the next six months, do you think this business will be using Artificial Intelligence (AI) in any of its business functions? (Examples of AI: machine learning, natural language processing, virtual agents, voice recognition, etc.)",No,AI future
107,8/10/2026 - 8/23/2026,,52,,,C,19.8,4.54,0.0,0.0,"During the next six months, do you think this business will be using Artificial Intelligence (AI) in any of its business functions? (Examples of AI: machine learning, natural language processing, virtual agents, voice recognition, etc.)",No,AI future
107,8/10/2026 - 8/23/2026,,52,,,,26.1,1.75,0.0,0.0,"During the next six months, do you think this business will be using Artificial Intelligence (AI) in any of its business functions? (Examples of AI: machine learning, natural language processing, virtual agents, voice recognition, etc.)",No,AI future
107,8/10/2026 - 8/23/2026,,52,,,B,24.8,2.36,0.0,0.0,"During the next six months, do you think this business will be using Artificial Intelligence (AI) in any of its business functions? (Examples of AI: machine learning, natural language processing, virtual agents, voice recognition, etc.)",No,AI future
107,8/10/2026 - 8/23/2026,,52,,,D,14.7,3.81,0.0,0.0,"During the next six months, do you think this business will be using Artificial Intelligence (AI) in any of its business functions? (Examples of AI: machine learning, natural language processing, virtual agents, voice recognition, etc.)",No,AI future
107,8/10/2026 - 8/23/2026,,52,,,A,27.9,2.08,0.0,0.0,"During the next six months, do you think this business will be using Artificial Intelligence (AI) in any of its business functions? (Examples of AI: machine learning, natural language processing, virtual agents, voice recognition, etc.)",No,AI future
107,8/10/2026 - 8/23/2026,,52,,,G,,,0.0,0.0,"During the next six months, do you think this business will be using Artificial Intelligence (AI) in any of its business functions? (Examples of AI: machine learning, natural language processing, virtual agents, voice recognition, etc.)",No,AI future
107,8/10/2026 - 8/23/2026,,52,,,F,,,0.0,0.0,"During the next six months, do you think this business will be using Artificial Intelligence (AI) in any of its business functions? (Examples of AI: machine learning, natural language processing, virtual agents, voice recognition, etc.)",No,AI future
107,8/10/2026 - 8/23/2026,,53,,,,36.4,1.04,0.0,0.0,"During the next six months, do you think this business will be using Artificial Intelligence (AI) in any of its business functions? (Examples of AI: machine learning, natural language processing, virtual agents, voice recognition, etc.)",No,AI future
107,8/10/2026 - 8/23/2026,,53,,,A,36.6,1.01,0.0,0.0,"During the next six months, do you think this business will be using Artificial Intelligence (AI) in any of its business functions? (Examples of AI: machine learning, natural language processing, virtual agents, voice recognition, etc.)",No,AI future
107,8/10/2026 - 8/23/2026,,53,,,D,41.2,7.56,0.0,0.0,"During the next six months, do you think this business will be using Artificial Intelligence (AI) in any of its business functions? (Examples of AI: machine learning, natural language processing, virtual agents, voice recognition, etc.)",No,AI future
107,8/10/2026 - 8/23/2026,,53,,,E,16.7,7.31,0.0,0.0,"During the next six months, do you think this business will be using Artificial Intelligence (AI) in any of its business functions? (Examples of AI: machine learning, natural language processing, virtual agents, voice recognition, etc.)",No,AI future
107,8/10/2026 - 8/23/2026,,53,,,G,,,0.0,0.0,"During the next six months, do you think this business will be using Artificial Intelligence (AI) in any of its business functions? (Examples of AI: machine learning, natural language processing, virtual agents, voice recognition, etc.)",No,AI future
107,8/10/2026 - 8/23/2026,,53,,,C,32.6,3.61,0.0,0.0,"During the next six months, do you think this business will be using Artificial Intelligence (AI) in any of its business functions? (Examples of AI: machine learning, natural language processing, virtual agents, voice recognition, etc.)",No,AI future
107,8/10/2026 - 8/23/2026,,53,,,F,,,0.0,0.0,"During the next six months, do you think this business will be using Artificial Intelligence (AI) in any of its business functions? (Examples of AI: machine learning, natural language processing, virtual agents, voice recognition, etc.)",No,AI future
107,8/10/2026 - 8/23/2026,,53,,,B,37.9,4.37,0.0,0.0,"During the next six months, do you think this business will be using Artificial Intelligence (AI) in any of its business functions? (Examples of AI: machine learning, natural language processing, virtual agents, voice recognition, etc.)",No,AI future
107,8/10/2026 - 8/23/2026,,54,,,C,20.8,1.96,0.0,0.0,"During the next six months, do you think this business will be using Artificial Intelligence (AI) in any of its business functions? (Examples of AI: machine learning, natural language processing, virtual agents, voice recognition, etc.)",No,AI future
107,8/10/2026 - 8/23/2026,,54,,,,29.2,0.84,0.0,0.0,"During the next six months, do you think this business will be using Artificial Intelligence (AI) in any of its business functions? (Examples of AI: machine learning, natural language processing, virtual agents, voice recognition, etc.)",No,AI future
107,8/10/2026 - 8/23/2026,,54,,,A,30.8,1.11,0.0,0.0,"During the next six months, do you think this business will be using Artificial Intelligence (AI) in any of its business functions? (Examples of AI: machine learning, natural language processing, virtual agents, voice recognition, etc.)",No,AI future
107,8/10/2026 - 8/23/2026,,54,,,G,,,0.0,0.0,"During the next six months, do you think this business will be using Artificial Intelligence (AI) in any of its business functions? (Examples of AI: machine learning, natural language processing, virtual agents, voice recognition, etc.)",No,AI future
107,8/10/2026 - 8/23/2026,,54,,,F,13.4,4.61,0.0,0.0,"During the next six months, do you think this business will be using Artificial Intelligence (AI) in any of its business functions? (Examples of AI: machine learning, natural language processing, virtual agents, voice recognition, etc.)",No,AI future
107,8/10/2026 - 8/23/2026,,54,,,E,16.5,4.2,0.0,0.0,"During the next six months, do you think this business will be using Artificial Intelligence (AI) in any of its business functions? (Examples of AI: machine learning, natural language processing, virtual agents, voice recognition, etc.)",No,AI future
107,8/10/2026 - 8/23/2026,,54,,,B,28.3,0.92,0.0,0.0,"During the next six months, do you think this business will be using Artificial Intelligence (AI) in any of its business functions? (Examples of AI: machine learning, natural language processing, virtual agents, voice recognition, etc.)",No,AI future
107,8/10/2026 - 8/23/2026,,54,,,D,22.5,2.71,0.0,0.0,"During the next six months, do you think this business will be using Artificial Intelligence (AI) in any of its business functions? (Examples of AI: machine learning, natural language processing, virtual agents, voice recognition, etc.)",No,AI future
107,8/10/2026 - 8/23/2026,,55,,,D,,,0.0,0.0,"During the next six months, do you think this business will be using Artificial Intelligence (AI) in any of its business functions? (Examples of AI: machine learning, natural language processing, virtual agents, voice recognition, etc.)",No,AI future
107,8/10/2026 - 8/23/2026,,55,,,,49.7,14.84,0.0,0.0,"During the next six months, do you think this business will be using Artificial Intelligence (AI) in any of its business functions? (Examples of AI: machine learning, natural language processing, virtual agents, voice recognition, etc.)",No,AI future
107,8/10/2026 - 8/23/2026,,55,,,A,57.9,16.94,0.0,0.0,"During the next six months, do you think this business will be using Artificial Intelligence (AI) in any of its business functions? (Examples of AI: machine learning, natural language processing, virtual agents, voice recognition, etc.)",No,AI future
107,8/10/2026 - 8/23/2026,,56,,,D,43.0,3.66,0.0,0.0,"During the next six months, do you think this business will be using Artificial Intelligence (AI) in any of its business functions? (Examples of AI: machine learning, natural language processing, virtual agents, voice recognition, etc.)",No,AI future
107,8/10/2026 - 8/23/2026,,56,,,C,45.7,4.12,0.0,0.0,"During the next six months, do you think this business will be using Artificial Intelligence (AI) in any of its business functions? (Examples of AI: machine learning, natural language processing, virtual agents, voice recognition, etc.)",No,AI future
107,8/10/2026 - 8/23/2026,,56,,,,51.7,0.93,0.0,0.0,"During the next six months, do you think this business will be using Artificial Intelligence (AI) in any of its business functions? (Examples of AI: machine learning, natural language processing, virtual agents, voice recognition, etc.)",No,AI future
107,8/10/2026 - 8/23/2026,,56,,,F,39.0,8.11,0.0,0.0,"During the next six months, do you think this business will be using Artificial Intelligence (AI) in any of its business functions? (Examples of AI: machine learning, natural language processing, virtual agents, voice recognition, etc.)",No,AI future
107,8/10/2026 - 8/23/2026,,56,,,B,53.3,1.23,0.0,0.0,"During the next six months, do you think this business will be using Artificial Intelligence (AI) in any of its business functions? (Examples of AI: machine learning, natural language processing, virtual agents, voice recognition, etc.)",No,AI future
107,8/10/2026 - 8/23/2026,,56,,,G,27.9,8.44,0.0,0.0,"During the next six months, do you think this business will be using Artificial Intelligence (AI) in any of its business functions? (Examples of AI: machine learning, natural language processing, virtual agents, voice recognition, etc.)",No,AI future
107,8/10/2026 - 8/23/2026,,56,,,E,30.8,5.93,0.0,0.0,"During the next six months, do you think this business will be using Artificial Intelligence (AI) in any of its business functions? (Examples of AI: machine learning, natural language processing, virtual agents, voice recognition, etc.)",No,AI future
107,8/10/2026 - 8/23/2026,,56,,,A,54.3,1.55,0.0,0.0,"During the next six months, do you think this business will be using Artificial Intelligence (AI) in any of its business functions? (Examples of AI: machine learning, natural language processing, virtual agents, voice recognition, etc.)",No,AI future
107,8/10/2026 - 8/23/2026,,61,,,F,30.5,10.46,0.0,0.0,"During the next six months, do you think this business will be using Artificial Intelligence (AI) in any of its business functions? (Examples of AI: machine learning, natural language processing, virtual agents, voice recognition, etc.)",No,AI future
107,8/10/2026 - 8/23/2026,,61,,,,36.2,2.16,0.0,0.0,"During the next six months, do you think this business will be using Artificial Intelligence (AI) in any of its business functions? (Examples of AI: machine learning, natural language processing, virtual agents, voice recognition, etc.)",No,AI future
107,8/10/2026 - 8/23/2026,,61,,,C,37.2,3.52,0.0,0.0,"During the next six months, do you think this business will be using Artificial Intelligence (AI) in any of its business functions? (Examples of AI: machine learning, natural language processing, virtual agents, voice recognition, etc.)",No,AI future
107,8/10/2026 - 8/23/2026,,61,,,A,35.1,3.89,0.0,0.0,"During the next six months, do you think this business will be using Artificial Intelligence (AI) in any of its business functions? (Examples of AI: machine learning, natural language processing, virtual agents, voice recognition, etc.)",No,AI future
107,8/10/2026 - 8/23/2026,,61,,,B,47.1,4.76,0.0,0.0,"During the next six months, do you think this business will be using Artificial Intelligence (AI) in any of its business functions? (Examples of AI: machine learning, natural language processing, virtual agents, voice recognition, etc.)",No,AI future
107,8/10/2026 - 8/23/2026,,61,,,E,33.8,8.76,0.0,0.0,"During the next six months, do you think this business will be using Artificial Intelligence (AI) in any of its business functions? (Examples of AI: machine learning, natural language processing, virtual agents, voice recognition, etc.)",No,AI future
107,8/10/2026 - 8/23/2026,,61,,,D,32.4,4.74,0.0,0.0,"During the next six months, do you think this business will be using Artificial Intelligence (AI) in any of its business functions? (Examples of AI: machine learning, natural language processing, virtual agents, voice recognition, etc.)",No,AI future
107,8/10/2026 - 8/23/2026,,62,,,,41.1,0.7,0.0,0.0,"During the next six months, do you think this business will be using Artificial Intelligence (AI) in any of its business functions? (Examples of AI: machine learning, natural language processing, virtual agents, voice recognition, etc.)",No,AI future
107,8/10/2026 - 8/23/2026,,62,,,A,43.1,1.49,0.0,0.0,"During the next six months, do you think this business will be using Artificial Intelligence (AI) in any of its business functions? (Examples of AI: machine learning, natural language processing, virtual agents, voice recognition, etc.)",No,AI future
107,8/10/2026 - 8/23/2026,,62,,,B,43.5,2.88,0.0,0.0,"During the next six months, do you think this business will be using Artificial Intelligence (AI) in any of its business functions? (Examples of AI: machine learning, natural language processing, virtual agents, voice recognition, etc.)",No,AI future
107,8/10/2026 - 8/23/2026,,62,,,D,38.4,2.81,0.0,0.0,"During the next six months, do you think this business will be using Artificial Intelligence (AI) in any of its business functions? (Examples of AI: machine learning, natural language processing, virtual agents, voice recognition, etc.)",No,AI future
107,8/10/2026 - 8/23/2026,,62,,,C,37.1,2.19,0.0,0.0,"During the next six months, do you think this business will be using Artificial Intelligence (AI) in any of its business functions? (Examples of AI: machine learning, natural language processing, virtual agents, voice recognition, etc.)",No,AI future
107,8/10/2026 - 8/23/2026,,62,,,E,33.3,2.91,0.0,0.0,"During the next six months, do you think this business will be using Artificial Intelligence (AI) in any of its business functions? (Examples of AI: machine learning, natural language processing, virtual agents, voice recognition, etc.)",No,AI future
107,8/10/2026 - 8/23/2026,,62,,,F,25.9,6.81,0.0,0.0,"During the next six months, do you think this business will be using Artificial Intelligence (AI) in any of its business functions? (Examples of AI: machine learning, natural language processing, virtual agents, voice recognition, etc.)",No,AI future
107,8/10/2026 - 8/23/2026,,62,,,G,25.6,6.54,0.0,0.0,"During the next six months, do you think this business will be using Artificial Intelligence (AI) in any of its business functions? (Examples of AI: machine learning, natural language processing, virtual agents, voice recognition, etc.)",No,AI future
107,8/10/2026 - 8/23/2026,,71,,,C,47.2,4.99,0.0,0.0,"During the next six months, do you think this business will be using Artificial Intelligence (AI) in any of its business functions? (Examples of AI: machine learning, natural language processing, virtual agents, voice recognition, etc.)",No,AI future
107,8/10/2026 - 8/23/2026,,71,,,G,,,0.0,0.0,"During the next six months, do you think this business will be using Artificial Intelligence (AI) in any of its business functions? (Examples of AI: machine learning, natural language processing, virtual agents, voice recognition, etc.)",No,AI future
107,8/10/2026 - 8/23/2026,,71,,,B,48.0,5.92,0.0,0.0,"During the next six months, do you think this business will be using Artificial Intelligence (AI) in any of its business functions? (Examples of AI: machine learning, natural language processing, virtual agents, voice recognition, etc.)",No,AI future
107,8/10/2026 - 8/23/2026,,71,,,,47.9,1.35,0.0,0.0,"During the next six months, do you think this business will be using Artificial Intelligence (AI) in any of its business functions? (Examples of AI: machine learning, natural language processing, virtual agents, voice recognition, etc.)",No,AI future
107,8/10/2026 - 8/23/2026,,71,,,A,48.7,1.6,0.0,0.0,"During the next six months, do you think this business will be using Artificial Intelligence (AI) in any of its business functions? (Examples of AI: machine learning, natural language processing, virtual agents, voice recognition, etc.)",No,AI future
107,8/10/2026 - 8/23/2026,,71,,,F,57.8,15.32,0.0,0.0,"During the next six months, do you think this business will be using Artificial Intelligence (AI) in any of its business functions? (Examples of AI: machine learning, natural language processing, virtual agents, voice recognition, etc.)",No,AI future
107,8/10/2026 - 8/23/2026,,71,,,D,45.9,3.81,0.0,0.0,"During the next six months, do you think this business will be using Artificial Intelligence (AI) in any of its business functions? (Examples of AI: machine learning, natural language processing, virtual agents, voice recognition, etc.)",No,AI future
107,8/10/2026 - 8/23/2026,,71,,,E,38.1,9.23,0.0,0.0,"During the next six months, do you think this business will be using Artificial Intelligence (AI) in any of its business functions? (Examples of AI: machine learning, natural language processing, virtual agents, voice recognition, etc.)",No,AI future
107,8/10/2026 - 8/23/2026,,72,,,F,49.8,3.84,0.0,0.0,"During the next six months, do you think this business will be using Artificial Intelligence (AI) in any of its business functions? (Examples of AI: machine learning, natural language processing, virtual agents, voice recognition, etc.)",No,AI future
107,8/10/2026 - 8/23/2026,,72,,,C,65.0,2.99,0.0,0.0,"During the next six months, do you think this business will be using Artificial Intelligence (AI) in any of its business functions? (Examples of AI: machine learning, natural language processing, virtual agents, voice recognition, etc.)",No,AI future
107,8/10/2026 - 8/23/2026,,72,,,A,58.9,2.04,0.0,0.0,"During the next six months, do you think this business will be using Artificial Intelligence (AI) in any of its business functions? (Examples of AI: machine learning, natural language processing, virtual agents, voice recognition, etc.)",No,AI future
107,8/10/2026 - 8/23/2026,,72,,,E,52.5,3.83,0.0,0.0,"During the next six months, do you think this business will be using Artificial Intelligence (AI) in any of its business functions? (Examples of AI: machine learning, natural language processing, virtual agents, voice recognition, etc.)",No,AI future
107,8/10/2026 - 8/23/2026,,72,,,D,57.3,2.19,0.0,0.0,"During the next six months, do you think this business will be using Artificial Intelligence (AI) in any of its business functions? (Examples of AI: machine learning, natural language processing, virtual agents, voice recognition, etc.)",No,AI future
107,8/10/2026 - 8/23/2026,,72,,,G,52.8,4.89,0.0,0.0,"During the next six months, do you think this business will be using Artificial Intelligence (AI) in any of its business functions? (Examples of AI: machine learning, natural language processing, virtual agents, voice recognition, etc.)",No,AI future
107,8/10/2026 - 8/23/2026,,72,,,,60.6,1.12,0.0,0.0,"During the next six months, do you think this business will be using Artificial Intelligence (AI) in any of its business functions? (Examples of AI: machine learning, natural language processing, virtual agents, voice recognition, etc.)",No,AI future
107,8/10/2026 - 8/23/2026,,72,,,B,64.3,3.33,0.0,0.0,"During the next six months, do you think this business will be using Artificial Intelligence (AI) in any of its business functions? (Examples of AI: machine learning, natural language processing, virtual agents, voice recognition, etc.)",No,AI future
107,8/10/2026 - 8/23/2026,,81,,,,62.5,1.26,0.0,0.0,"During the next six months, do you think this business will be using Artificial Intelligence (AI) in any of its business functions? (Examples of AI: machine learning, natural language processing, virtual agents, voice recognition, etc.)",No,AI future
107,8/10/2026 - 8/23/2026,,81,,,A,65.2,1.72,0.0,0.0,"During the next six months, do you think this business will be using Artificial Intelligence (AI) in any of its business functions? (Examples of AI: machine learning, natural language processing, virtual agents, voice recognition, etc.)",No,AI future
107,8/10/2026 - 8/23/2026,,81,,,E,52.3,8.22,0.0,0.0,"During the next six months, do you think this business will be using Artificial Intelligence (AI) in any of its business functions? (Examples of AI: machine learning, natural language processing, virtual agents, voice recognition, etc.)",No,AI future
107,8/10/2026 - 8/23/2026,,81,,,B,62.0,1.85,0.0,0.0,"During the next six months, do you think this business will be using Artificial Intelligence (AI) in any of its business functions? (Examples of AI: machine learning, natural language processing, virtual agents, voice recognition, etc.)",No,AI future
107,8/10/2026 - 8/23/2026,,81,,,F,,,0.0,0.0,"During the next six months, do you think this business will be using Artificial Intelligence (AI) in any of its business functions? (Examples of AI: machine learning, natural language processing, virtual agents, voice recognition, etc.)",No,AI future
107,8/10/2026 - 8/23/2026,,81,,,C,49.0,4.0,0.0,0.0,"During the next six months, do you think this business will be using Artificial Intelligence (AI) in any of its business functions? (Examples of AI: machine learning, natural language processing, virtual agents, voice recognition, etc.)",No,AI future
107,8/10/2026 - 8/23/2026,,81,,,G,,,0.0,0.0,"During the next six months, do you think this business will be using Artificial Intelligence (AI) in any of its business functions? (Examples of AI: machine learning, natural language processing, virtual agents, voice recognition, etc.)",No,AI future
107,8/10/2026 - 8/23/2026,,81,,,D,50.0,5.23,0.0,0.0,"During the next six months, do you think this business will be using Artificial Intelligence (AI) in any of its business functions? (Examples of AI: machine learning, natural language processing, virtual agents, voice recognition, etc.)",No,AI future
107,8/10/2026 - 8/23/2026,,XX,,,E,38.9,5.96,0.0,0.0,"During the next six months, do you think this business will be using Artificial Intelligence (AI) in any of its business functions? (Examples of AI: machine learning, natural language processing, virtual agents, voice recognition, etc.)",No,AI future
107,8/10/2026 - 8/23/2026,,XX,,,,30.9,1.96,0.0,0.0,"During the next six months, do you think this business will be using Artificial Intelligence (AI) in any of its business functions? (Examples of AI: machine learning, natural language processing, virtual agents, voice recognition, etc.)",No,AI future
107,8/10/2026 - 8/23/2026,,XX,,,D,49.2,7.34,0.0,0.0,"During the next six months, do you think this business will be using Artificial Intelligence (AI) in any of its business functions? (Examples of AI: machine learning, natural language processing, virtual agents, voice recognition, etc.)",No,AI future
107,8/10/2026 - 8/23/2026,,XX,,,F,24.2,6.21,0.0,0.0,"During the next six months, do you think this business will be using Artificial Intelligence (AI) in any of its business functions? (Examples of AI: machine learning, natural language processing, virtual agents, voice recognition, etc.)",No,AI future
107,8/10/2026 - 8/23/2026,,XX,,,C,48.4,9.98,0.0,0.0,"During the next six months, do you think this business will be using Artificial Intelligence (AI) in any of its business functions? (Examples of AI: machine learning, natural language processing, virtual agents, voice recognition, etc.)",No,AI future
107,8/10/2026 - 8/23/2026,,XX,,,G,13.1,2.24,0.0,0.0,"During the next six months, do you think this business will be using Artificial Intelligence (AI) in any of its business functions? (Examples of AI: machine learning, natural language processing, virtual agents, voice recognition, etc.)",No,AI future
107,8/10/2026 - 8/23/2026,,XX,,,B,54.7,15.8,0.0,0.0,"During the next six months, do you think this business will be using Artificial Intelligence (AI) in any of its business functions? (Examples of AI: machine learning, natural language processing, virtual agents, voice recognition, etc.)",No,AI future
107,8/10/2026 - 8/23/2026,,XX,,,A,,,0.0,0.0,"During the next six months, do you think this business will be using Artificial Intelligence (AI) in any of its business functions? (Examples of AI: machine learning, natural language processing, virtual agents, voice recognition, etc.)",No,AI future
107,8/10/2026 - 8/23/2026,,,,113,,77.0,8.5,0.0,0.0,"During the next six months, do you think this business will be using Artificial Intelligence (AI) in any of its business functions? (Examples of AI: machine learning, natural language processing, virtual agents, voice recognition, etc.)",No,AI future
107,8/10/2026 - 8/23/2026,,,,114,,55.3,20.06,0.0,0.0,"During the next six months, do you think this business will be using Artificial Intelligence (AI) in any of its business functions? (Examples of AI: machine learning, natural language processing, virtual agents, voice recognition, etc.)",No,AI future
107,8/10/2026 - 8/23/2026,,,,115,,47.4,10.73,0.0,0.0,"During the next six months, do you think this business will be using Artificial Intelligence (AI) in any of its business functions? (Examples of AI: machine learning, natural language processing, virtual agents, voice recognition, etc.)",No,AI future
107,8/10/2026 - 8/23/2026,,,,211,,80.4,7.41,0.0,0.0,"During the next six months, do you think this business will be using Artificial Intelligence (AI) in any of its business functions? (Examples of AI: machine learning, natural language processing, virtual agents, voice recognition, etc.)",No,AI future
107,8/10/2026 - 8/23/2026,,,,212,,59.2,17.39,0.0,0.0,"During the next six months, do you think this business will be using Artificial Intelligence (AI) in any of its business functions? (Examples of AI: machine learning, natural language processing, virtual agents, voice recognition, etc.)",No,AI future
107,8/10/2026 - 8/23/2026,,,,213,,64.4,10.79,0.0,0.0,"During the next six months, do you think this business will be using Artificial Intelligence (AI) in any of its business functions? (Examples of AI: machine learning, natural language processing, virtual agents, voice recognition, etc.)",No,AI future
107,8/10/2026 - 8/23/2026,,,,221,,50.2,4.77,0.0,0.0,"During the next six months, do you think this business will be using Artificial Intelligence (AI) in any of its business functions? (Examples of AI: machine learning, natural language processing, virtual agents, voice recognition, etc.)",No,AI future
107,8/10/2026 - 8/23/2026,,,,236,,51.6,2.04,0.0,0.0,"During the next six months, do you think this business will be using Artificial Intelligence (AI) in any of its business functions? (Examples of AI: machine learning, natural language processing, virtual agents, voice recognition, etc.)",No,AI future
107,8/10/2026 - 8/23/2026,,,,237,,61.7,5.71,0.0,0.0,"During the next six months, do you think this business will be using Artificial Intelligence (AI) in any of its business functions? (Examples of AI: machine learning, natural language processing, virtual agents, voice recognition, etc.)",No,AI future
107,8/10/2026 - 8/23/2026,,,,238,,64.0,2.36,0.0,0.0,"During the next six months, do you think this business will be using Artificial Intelligence (AI) in any of its business functions? (Examples of AI: machine learning, natural language processing, virtual agents, voice recognition, etc.)",No,AI future
107,8/10/2026 - 8/23/2026,,,,23X,,,,0.0,0.0,"During the next six months, do you think this business will be using Artificial Intelligence (AI) in any of its business functions? (Examples of AI: machine learning, natural language processing, virtual agents, voice recognition, etc.)",No,AI future
107,8/10/2026 - 8/23/2026,,,,311,,60.2,5.26,0.0,0.0,"During the next six months, do you think this business will be using Artificial Intelligence (AI) in any of its business functions? (Examples of AI: machine learning, natural language processing, virtual agents, voice recognition, etc.)",No,AI future
107,8/10/2026 - 8/23/2026,,,,312,,43.4,6.9,0.0,0.0,"During the next six months, do you think this business will be using Artificial Intelligence (AI) in any of its business functions? (Examples of AI: machine learning, natural language processing, virtual agents, voice recognition, etc.)",No,AI future
107,8/10/2026 - 8/23/2026,,,,313,,55.0,22.0,0.0,0.0,"During the next six months, do you think this business will be using Artificial Intelligence (AI) in any of its business functions? (Examples of AI: machine learning, natural language processing, virtual agents, voice recognition, etc.)",No,AI future
107,8/10/2026 - 8/23/2026,,,,314,,45.6,5.5,0.0,0.0,"During the next six months, do you think this business will be using Artificial Intelligence (AI) in any of its business functions? (Examples of AI: machine learning, natural language processing, virtual agents, voice recognition, etc.)",No,AI future
107,8/10/2026 - 8/23/2026,,,,315,,61.1,8.89,0.0,0.0,"During the next six months, do you think this business will be using Artificial Intelligence (AI) in any of its business functions? (Examples of AI: machine learning, natural language processing, virtual agents, voice recognition, etc.)",No,AI future
107,8/10/2026 - 8/23/2026,,,,316,,79.7,16.11,0.0,0.0,"During the next six months, do you think this business will be using Artificial Intelligence (AI) in any of its business functions? (Examples of AI: machine learning, natural language processing, virtual agents, voice recognition, etc.)",No,AI future
107,8/10/2026 - 8/23/2026,,,,31X,,,,0.0,0.0,"During the next six months, do you think this business will be using Artificial Intelligence (AI) in any of its business functions? (Examples of AI: machine learning, natural language processing, virtual agents, voice recognition, etc.)",No,AI future
107,8/10/2026 - 8/23/2026,,,,321,,73.0,4.42,0.0,0.0,"During the next six months, do you think this business will be using Artificial Intelligence (AI) in any of its business functions? (Examples of AI: machine learning, natural language processing, virtual agents, voice recognition, etc.)",No,AI future
107,8/10/2026 - 8/23/2026,,,,322,,57.7,17.9,0.0,0.0,"During the next six months, do you think this business will be using Artificial Intelligence (AI) in any of its business functions? (Examples of AI: machine learning, natural language processing, virtual agents, voice recognition, etc.)",No,AI future
107,8/10/2026 - 8/23/2026,,,,323,,50.2,5.18,0.0,0.0,"During the next six months, do you think this business will be using Artificial Intelligence (AI) in any of its business functions? (Examples of AI: machine learning, natural language processing, virtual agents, voice recognition, etc.)",No,AI future
107,8/10/2026 - 8/23/2026,,,,324,,69.7,16.65,0.0,0.0,"During the next six months, do you think this business will be using Artificial Intelligence (AI) in any of its business functions? (Examples of AI: machine learning, natural language processing, virtual agents, voice recognition, etc.)",No,AI future
107,8/10/2026 - 8/23/2026,,,,325,,41.3,5.1,0.0,0.0,"During the next six months, do you think this business will be using Artificial Intelligence (AI) in any of its business functions? (Examples of AI: machine learning, natural language processing, virtual agents, voice recognition, etc.)",No,AI future
107,8/10/2026 - 8/23/2026,,,,326,,54.2,9.84,0.0,0.0,"During the next six months, do you think this business will be using Artificial Intelligence (AI) in any of its business functions? (Examples of AI: machine learning, natural language processing, virtual agents, voice recognition, etc.)",No,AI future
107,8/10/2026 - 8/23/2026,,,,327,,62.7,6.92,0.0,0.0,"During the next six months, do you think this business will be using Artificial Intelligence (AI) in any of its business functions? (Examples of AI: machine learning, natural language processing, virtual agents, voice recognition, etc.)",No,AI future
107,8/10/2026 - 8/23/2026,,,,331,,61.4,13.43,0.0,0.0,"During the next six months, do you think this business will be using Artificial Intelligence (AI) in any of its business functions? (Examples of AI: machine learning, natural language processing, virtual agents, voice recognition, etc.)",No,AI future
107,8/10/2026 - 8/23/2026,,,,332,,61.6,2.61,0.0,0.0,"During the next six months, do you think this business will be using Artificial Intelligence (AI) in any of its business functions? (Examples of AI: machine learning, natural language processing, virtual agents, voice recognition, etc.)",No,AI future
107,8/10/2026 - 8/23/2026,,,,333,,48.5,5.35,0.0,0.0,"During the next six months, do you think this business will be using Artificial Intelligence (AI) in any of its business functions? (Examples of AI: machine learning, natural language processing, virtual agents, voice recognition, etc.)",No,AI future
107,8/10/2026 - 8/23/2026,,,,334,,37.5,5.83,0.0,0.0,"During the next six months, do you think this business will be using Artificial Intelligence (AI) in any of its business functions? (Examples of AI: machine learning, natural language processing, virtual agents, voice recognition, etc.)",No,AI future
107,8/10/2026 - 8/23/2026,,,,335,,35.7,10.33,0.0,0.0,"During the next six months, do you think this business will be using Artificial Intelligence (AI) in any of its business functions? (Examples of AI: machine learning, natural language processing, virtual agents, voice recognition, etc.)",No,AI future
107,8/10/2026 - 8/23/2026,,,,336,,46.7,5.33,0.0,0.0,"During the next six months, do you think this business will be using Artificial Intelligence (AI) in any of its business functions? (Examples of AI: machine learning, natural language processing, virtual agents, voice recognition, etc.)",No,AI future
107,8/10/2026 - 8/23/2026,,,,337,,61.4,3.28,0.0,0.0,"During the next six months, do you think this business will be using Artificial Intelligence (AI) in any of its business functions? (Examples of AI: machine learning, natural language processing, virtual agents, voice recognition, etc.)",No,AI future
107,8/10/2026 - 8/23/2026,,,,339,,49.2,6.14,0.0,0.0,"During the next six months, do you think this business will be using Artificial Intelligence (AI) in any of its business functions? (Examples of AI: machine learning, natural language processing, virtual agents, voice recognition, etc.)",No,AI future
107,8/10/2026 - 8/23/2026,,,,423,,49.0,1.07,0.0,0.0,"During the next six months, do you think this business will be using Artificial Intelligence (AI) in any of its business functions? (Examples of AI: machine learning, natural language processing, virtual agents, voice recognition, etc.)",No,AI future
107,8/10/2026 - 8/23/2026,,,,424,,51.1,1.84,0.0,0.0,"During the next six months, do you think this business will be using Artificial Intelligence (AI) in any of its business functions? (Examples of AI: machine learning, natural language processing, virtual agents, voice recognition, etc.)",No,AI future
107,8/10/2026 - 8/23/2026,,,,425,,46.2,2.8,0.0,0.0,"During the next six months, do you think this business will be using Artificial Intelligence (AI) in any of its business functions? (Examples of AI: machine learning, natural language processing, virtual agents, voice recognition, etc.)",No,AI future
107,8/10/2026 - 8/23/2026,,,,42X,,,,0.0,0.0,"During the next six months, do you think this business will be using Artificial Intelligence (AI) in any of its business functions? (Examples of AI: machine learning, natural language processing, virtual agents, voice recognition, etc.)",No,AI future
107,8/10/2026 - 8/23/2026,,,,441,,48.4,3.06,0.0,0.0,"During the next six months, do you think this business will be using Artificial Intelligence (AI) in any of its business functions? (Examples of AI: machine learning, natural language processing, virtual agents, voice recognition, etc.)",No,AI future
107,8/10/2026 - 8/23/2026,,,,444,,57.2,4.04,0.0,0.0,"During the next six months, do you think this business will be using Artificial Intelligence (AI) in any of its business functions? (Examples of AI: machine learning, natural language processing, virtual agents, voice recognition, etc.)",No,AI future
107,8/10/2026 - 8/23/2026,,,,445,,65.8,3.0,0.0,0.0,"During the next six months, do you think this business will be using Artificial Intelligence (AI) in any of its business functions? (Examples of AI: machine learning, natural language processing, virtual agents, voice recognition, etc.)",No,AI future
107,8/10/2026 - 8/23/2026,,,,449,,46.8,2.42,0.0,0.0,"During the next six months, do you think this business will be using Artificial Intelligence (AI) in any of its business functions? (Examples of AI: machine learning, natural language processing, virtual agents, voice recognition, etc.)",No,AI future
107,8/10/2026 - 8/23/2026,,,,44X,,58.6,22.73,0.0,0.0,"During the next six months, do you think this business will be using Artificial Intelligence (AI) in any of its business functions? (Examples of AI: machine learning, natural language processing, virtual agents, voice recognition, etc.)",No,AI future
107,8/10/2026 - 8/23/2026,,,,450,,,,0.0,0.0,"During the next six months, do you think this business will be using Artificial Intelligence (AI) in any of its business functions? (Examples of AI: machine learning, natural language processing, virtual agents, voice recognition, etc.)",No,AI future
107,8/10/2026 - 8/23/2026,,,,455,,34.2,8.28,0.0,0.0,"During the next six months, do you think this business will be using Artificial Intelligence (AI) in any of its business functions? (Examples of AI: machine learning, natural language processing, virtual agents, voice recognition, etc.)",No,AI future
107,8/10/2026 - 8/23/2026,,,,456,,50.3,5.4,0.0,0.0,"During the next six months, do you think this business will be using Artificial Intelligence (AI) in any of its business functions? (Examples of AI: machine learning, natural language processing, virtual agents, voice recognition, etc.)",No,AI future
107,8/10/2026 - 8/23/2026,,,,457,,67.4,3.44,0.0,0.0,"During the next six months, do you think this business will be using Artificial Intelligence (AI) in any of its business functions? (Examples of AI: machine learning, natural language processing, virtual agents, voice recognition, etc.)",No,AI future
107,8/10/2026 - 8/23/2026,,,,458,,46.2,2.98,0.0,0.0,"During the next six months, do you think this business will be using Artificial Intelligence (AI) in any of its business functions? (Examples of AI: machine learning, natural language processing, virtual agents, voice recognition, etc.)",No,AI future
107,8/10/2026 - 8/23/2026,,,,459,,58.3,2.35,0.0,0.0,"During the next six months, do you think this business will be using Artificial Intelligence (AI) in any of its business functions? (Examples of AI: machine learning, natural language processing, virtual agents, voice recognition, etc.)",No,AI future
107,8/10/2026 - 8/23/2026,,,,481,,,,0.0,0.0,"During the next six months, do you think this business will be using Artificial Intelligence (AI) in any of its business functions? (Examples of AI: machine learning, natural language processing, virtual agents, voice recognition, etc.)",No,AI future
107,8/10/2026 - 8/23/2026,,,,483,,,,0.0,0.0,"During the next six months, do you think this business will be using Artificial Intelligence (AI) in any of its business functions? (Examples of AI: machine learning, natural language processing, virtual agents, voice recognition, etc.)",No,AI future
107,8/10/2026 - 8/23/2026,,,,484,,66.5,1.98,0.0,0.0,"During the next six months, do you think this business will be using Artificial Intelligence (AI) in any of its business functions? (Examples of AI: machine learning, natural language processing, virtual agents, voice recognition, etc.)",No,AI future
107,8/10/2026 - 8/23/2026,,,,485,,64.8,8.67,0.0,0.0,"During the next six months, do you think this business will be using Artificial Intelligence (AI) in any of its business functions? (Examples of AI: machine learning, natural language processing, virtual agents, voice recognition, etc.)",No,AI future
107,8/10/2026 - 8/23/2026,,,,487,,53.0,8.26,0.0,0.0,"During the next six months, do you think this business will be using Artificial Intelligence (AI) in any of its business functions? (Examples of AI: machine learning, natural language processing, virtual agents, voice recognition, etc.)",No,AI future
107,8/10/2026 - 8/23/2026,,,,488,,57.5,3.74,0.0,0.0,"During the next six months, do you think this business will be using Artificial Intelligence (AI) in any of its business functions? (Examples of AI: machine learning, natural language processing, virtual agents, voice recognition, etc.)",No,AI future
107,8/10/2026 - 8/23/2026,,,,48X,,,,0.0,0.0,"During the next six months, do you think this business will be using Artificial Intelligence (AI) in any of its business functions? (Examples of AI: machine learning, natural language processing, virtual agents, voice recognition, etc.)",No,AI future
107,8/10/2026 - 8/23/2026,,,,492,,50.5,7.68,0.0,0.0,"During the next six months, do you think this business will be using Artificial Intelligence (AI) in any of its business functions? (Examples of AI: machine learning, natural language processing, virtual agents, voice recognition, etc.)",No,AI future
107,8/10/2026 - 8/23/2026,,,,493,,38.4,11.24,0.0,0.0,"During the next six months, do you think this business will be using Artificial Intelligence (AI) in any of its business functions? (Examples of AI: machine learning, natural language processing, virtual agents, voice recognition, etc.)",No,AI future
107,8/10/2026 - 8/23/2026,,,,512,,36.7,4.0,0.0,0.0,"During the next six months, do you think this business will be using Artificial Intelligence (AI) in any of its business functions? (Examples of AI: machine learning, natural language processing, virtual agents, voice recognition, etc.)",No,AI future
107,8/10/2026 - 8/23/2026,,,,513,,15.5,2.68,0.0,0.0,"During the next six months, do you think this business will be using Artificial Intelligence (AI) in any of its business functions? (Examples of AI: machine learning, natural language processing, virtual agents, voice recognition, etc.)",No,AI future
107,8/10/2026 - 8/23/2026,,,,516,,32.1,5.36,0.0,0.0,"During the next six months, do you think this business will be using Artificial Intelligence (AI) in any of its business functions? (Examples of AI: machine learning, natural language processing, virtual agents, voice recognition, etc.)",No,AI future
107,8/10/2026 - 8/23/2026,,,,517,,33.3,6.98,0.0,0.0,"During the next six months, do you think this business will be using Artificial Intelligence (AI) in any of its business functions? (Examples of AI: machine learning, natural language processing, virtual agents, voice recognition, etc.)",No,AI future
107,8/10/2026 - 8/23/2026,,,,518,,,,0.0,0.0,"During the next six months, do you think this business will be using Artificial Intelligence (AI) in any of its business functions? (Examples of AI: machine learning, natural language processing, virtual agents, voice recognition, etc.)",No,AI future
107,8/10/2026 - 8/23/2026,,,,519,,52.2,15.26,0.0,0.0,"During the next six months, do you think this business will be using Artificial Intelligence (AI) in any of its business functions? (Examples of AI: machine learning, natural language processing, virtual agents, voice recognition, etc.)",No,AI future
107,8/10/2026 - 8/23/2026,,,,51X,,,,0.0,0.0,"During the next six months, do you think this business will be using Artificial Intelligence (AI) in any of its business functions? (Examples of AI: machine learning, natural language processing, virtual agents, voice recognition, etc.)",No,AI future
107,8/10/2026 - 8/23/2026,,,,520,,,,0.0,0.0,"During the next six months, do you think this business will be using Artificial Intelligence (AI) in any of its business functions? (Examples of AI: machine learning, natural language processing, virtual agents, voice recognition, etc.)",No,AI future
107,8/10/2026 - 8/23/2026,,,,522,,36.7,6.63,0.0,0.0,"During the next six months, do you think this business will be using Artificial Intelligence (AI) in any of its business functions? (Examples of AI: machine learning, natural language processing, virtual agents, voice recognition, etc.)",No,AI future
107,8/10/2026 - 8/23/2026,,,,523,,16.2,1.78,0.0,0.0,"During the next six months, do you think this business will be using Artificial Intelligence (AI) in any of its business functions? (Examples of AI: machine learning, natural language processing, virtual agents, voice recognition, etc.)",No,AI future
107,8/10/2026 - 8/23/2026,,,,524,,30.6,2.22,0.0,0.0,"During the next six months, do you think this business will be using Artificial Intelligence (AI) in any of its business functions? (Examples of AI: machine learning, natural language processing, virtual agents, voice recognition, etc.)",No,AI future
107,8/10/2026 - 8/23/2026,,,,52X,,,,0.0,0.0,"During the next six months, do you think this business will be using Artificial Intelligence (AI) in any of its business functions? (Examples of AI: machine learning, natural language processing, virtual agents, voice recognition, etc.)",No,AI future
107,8/10/2026 - 8/23/2026,,,,531,,34.5,1.07,0.0,0.0,"During the next six months, do you think this business will be using Artificial Intelligence (AI) in any of its business functions? (Examples of AI: machine learning, natural language processing, virtual agents, voice recognition, etc.)",No,AI future
107,8/10/2026 - 8/23/2026,,,,532,,60.2,6.45,0.0,0.0,"During the next six months, do you think this business will be using Artificial Intelligence (AI) in any of its business functions? (Examples of AI: machine learning, natural language processing, virtual agents, voice recognition, etc.)",No,AI future
107,8/10/2026 - 8/23/2026,,,,533,,56.7,15.98,0.0,0.0,"During the next six months, do you think this business will be using Artificial Intelligence (AI) in any of its business functions? (Examples of AI: machine learning, natural language processing, virtual agents, voice recognition, etc.)",No,AI future
107,8/10/2026 - 8/23/2026,,,,541,,29.2,0.84,0.0,0.0,"During the next six months, do you think this business will be using Artificial Intelligence (AI) in any of its business functions? (Examples of AI: machine learning, natural language processing, virtual agents, voice recognition, etc.)",No,AI future
107,8/10/2026 - 8/23/2026,,,,551,,49.7,14.84,0.0,0.0,"During the next six months, do you think this business will be using Artificial Intelligence (AI) in any of its business functions? (Examples of AI: machine learning, natural language processing, virtual agents, voice recognition, etc.)",No,AI future
107,8/10/2026 - 8/23/2026,,,,561,,52.5,0.99,0.0,0.0,"During the next six months, do you think this business will be using Artificial Intelligence (AI) in any of its business functions? (Examples of AI: machine learning, natural language processing, virtual agents, voice recognition, etc.)",No,AI future
107,8/10/2026 - 8/23/2026,,,,562,,40.8,5.7,0.0,0.0,"During the next six months, do you think this business will be using Artificial Intelligence (AI) in any of its business functions? (Examples of AI: machine learning, natural language processing, virtual agents, voice recognition, etc.)",No,AI future
107,8/10/2026 - 8/23/2026,,,,611,,36.2,2.16,0.0,0.0,"During the next six months, do you think this business will be using Artificial Intelligence (AI) in any of its business functions? (Examples of AI: machine learning, natural language processing, virtual agents, voice recognition, etc.)",No,AI future
107,8/10/2026 - 8/23/2026,,,,621,,39.5,0.96,0.0,0.0,"During the next six months, do you think this business will be using Artificial Intelligence (AI) in any of its business functions? (Examples of AI: machine learning, natural language processing, virtual agents, voice recognition, etc.)",No,AI future
107,8/10/2026 - 8/23/2026,,,,622,,,,0.0,0.0,"During the next six months, do you think this business will be using Artificial Intelligence (AI) in any of its business functions? (Examples of AI: machine learning, natural language processing, virtual agents, voice recognition, etc.)",No,AI future
107,8/10/2026 - 8/23/2026,,,,623,,50.7,4.17,0.0,0.0,"During the next six months, do you think this business will be using Artificial Intelligence (AI) in any of its business functions? (Examples of AI: machine learning, natural language processing, virtual agents, voice recognition, etc.)",No,AI future
107,8/10/2026 - 8/23/2026,,,,624,,46.3,2.73,0.0,0.0,"During the next six months, do you think this business will be using Artificial Intelligence (AI) in any of its business functions? (Examples of AI: machine learning, natural language processing, virtual agents, voice recognition, etc.)",No,AI future
107,8/10/2026 - 8/23/2026,,,,62X,,31.3,9.76,0.0,0.0,"During the next six months, do you think this business will be using Artificial Intelligence (AI) in any of its business functions? (Examples of AI: machine learning, natural language processing, virtual agents, voice recognition, etc.)",No,AI future
107,8/10/2026 - 8/23/2026,,,,711,,44.2,1.66,0.0,0.0,"During the next six months, do you think this business will be using Artificial Intelligence (AI) in any of its business functions? (Examples of AI: machine learning, natural language processing, virtual agents, voice recognition, etc.)",No,AI future
107,8/10/2026 - 8/23/2026,,,,712,,44.1,7.71,0.0,0.0,"During the next six months, do you think this business will be using Artificial Intelligence (AI) in any of its business functions? (Examples of AI: machine learning, natural language processing, virtual agents, voice recognition, etc.)",No,AI future
107,8/10/2026 - 8/23/2026,,,,713,,53.4,2.61,0.0,0.0,"During the next six months, do you think this business will be using Artificial Intelligence (AI) in any of its business functions? (Examples of AI: machine learning, natural language processing, virtual agents, voice recognition, etc.)",No,AI future
107,8/10/2026 - 8/23/2026,,,,721,,53.6,4.48,0.0,0.0,"During the next six months, do you think this business will be using Artificial Intelligence (AI) in any of its business functions? (Examples of AI: machine learning, natural language processing, virtual agents, voice recognition, etc.)",No,AI future
107,8/10/2026 - 8/23/2026,,,,722,,61.8,0.98,0.0,0.0,"During the next six months, do you think this business will be using Artificial Intelligence (AI) in any of its business functions? (Examples of AI: machine learning, natural language processing, virtual agents, voice recognition, etc.)",No,AI future
107,8/10/2026 - 8/23/2026,,,,810,,,,0.0,0.0,"During the next six months, do you think this business will be using Artificial Intelligence (AI) in any of its business functions? (Examples of AI: machine learning, natural language processing, virtual agents, voice recognition, etc.)",No,AI future
107,8/10/2026 - 8/23/2026,,,,811,,66.8,1.76,0.0,0.0,"During the next six months, do you think this business will be using Artificial Intelligence (AI) in any of its business functions? (Examples of AI: machine learning, natural language processing, virtual agents, voice recognition, etc.)",No,AI future
107,8/10/2026 - 8/23/2026,,,,812,,57.3,1.68,0.0,0.0,"During the next six months, do you think this business will be using Artificial Intelligence (AI) in any of its business functions? (Examples of AI: machine learning, natural language processing, virtual agents, voice recognition, etc.)",No,AI future
107,8/10/2026 - 8/23/2026,,,,XXX,,30.9,1.96,0.0,0.0,"During the next six months, do you think this business will be using Artificial Intelligence (AI) in any of its business functions? (Examples of AI: machine learning, natural language processing, virtual agents, voice recognition, etc.)",No,AI future
107,8/10/2026 - 8/23/2026,,,12060.0,,,38.4,2.01,0.0,0.0,"During the next six months, do you think this business will be using Artificial Intelligence (AI) in any of its business functions? (Examples of AI: machine learning, natural language processing, virtual agents, voice recognition, etc.)",No,AI future
107,8/10/2026 - 8/23/2026,,,12580.0,,,43.5,5.04,0.0,0.0,"During the next six months, do you think this business will be using Artificial Intelligence (AI) in any of its business functions? (Examples of AI: machine learning, natural language processing, virtual agents, voice recognition, etc.)",No,AI future
107,8/10/2026 - 8/23/2026,,,14460.0,,,48.2,2.59,0.0,0.0,"During the next six months, do you think this business will be using Artificial Intelligence (AI) in any of its business functions? (Examples of AI: machine learning, natural language processing, virtual agents, voice recognition, etc.)",No,AI future
107,8/10/2026 - 8/23/2026,,,16740.0,,,40.5,5.05,0.0,0.0,"During the next six months, do you think this business will be using Artificial Intelligence (AI) in any of its business functions? (Examples of AI: machine learning, natural language processing, virtual agents, voice recognition, etc.)",No,AI future
107,8/10/2026 - 8/23/2026,,,16980.0,,,44.0,2.42,0.0,0.0,"During the next six months, do you think this business will be using Artificial Intelligence (AI) in any of its business functions? (Examples of AI: machine learning, natural language processing, virtual agents, voice recognition, etc.)",No,AI future
107,8/10/2026 - 8/23/2026,,,19100.0,,,42.8,2.2,0.0,0.0,"During the next six months, do you think this business will be using Artificial Intelligence (AI) in any of its business functions? (Examples of AI: machine learning, natural language processing, virtual agents, voice recognition, etc.)",No,AI future
107,8/10/2026 - 8/23/2026,,,19740.0,,,42.0,2.64,0.0,0.0,"During the next six months, do you think this business will be using Artificial Intelligence (AI) in any of its business functions? (Examples of AI: machine learning, natural language processing, virtual agents, voice recognition, etc.)",No,AI future
107,8/10/2026 - 8/23/2026,,,19820.0,,,49.9,2.45,0.0,0.0,"During the next six months, do you think this business will be using Artificial Intelligence (AI) in any of its business functions? (Examples of AI: machine learning, natural language processing, virtual agents, voice recognition, etc.)",No,AI future
107,8/10/2026 - 8/23/2026,,,26420.0,,,49.5,1.88,0.0,0.0,"During the next six months, do you think this business will be using Artificial Intelligence (AI) in any of its business functions? (Examples of AI: machine learning, natural language processing, virtual agents, voice recognition, etc.)",No,AI future
107,8/10/2026 - 8/23/2026,,,31080.0,,,43.6,1.24,0.0,0.0,"During the next six months, do you think this business will be using Artificial Intelligence (AI) in any of its business functions? (Examples of AI: machine learning, natural language processing, virtual agents, voice recognition, etc.)",No,AI future
107,8/10/2026 - 8/23/2026,,,33100.0,,,40.0,1.81,0.0,0.0,"During the next six months, do you think this business will be using Artificial Intelligence (AI) in any of its business functions? (Examples of AI: machine learning, natural language processing, virtual agents, voice recognition, etc.)",No,AI future
107,8/10/2026 - 8/23/2026,,,33460.0,,,40.6,4.03,0.0,0.0,"During the next six months, do you think this business will be using Artificial Intelligence (AI) in any of its business functions? (Examples of AI: machine learning, natural language processing, virtual agents, voice recognition, etc.)",No,AI future
107,8/10/2026 - 8/23/2026,,,35620.0,,,50.0,1.11,0.0,0.0,"During the next six months, do you think this business will be using Artificial Intelligence (AI) in any of its business functions? (Examples of AI: machine learning, natural language processing, virtual agents, voice recognition, etc.)",No,AI future
107,8/10/2026 - 8/23/2026,,,36740.0,,,37.4,3.93,0.0,0.0,"During the next six months, do you think this business will be using Artificial Intelligence (AI) in any of its business functions? (Examples of AI: machine learning, natural language processing, virtual agents, voice recognition, etc.)",No,AI future
107,8/10/2026 - 8/23/2026,,,37980.0,,,44.1,2.1,0.0,0.0,"During the next six months, do you think this business will be using Artificial Intelligence (AI) in any of its business functions? (Examples of AI: machine learning, natural language processing, virtual agents, voice recognition, etc.)",No,AI future
107,8/10/2026 - 8/23/2026,,,38060.0,,,44.8,1.9,0.0,0.0,"During the next six months, do you think this business will be using Artificial Intelligence (AI) in any of its business functions? (Examples of AI: machine learning, natural language processing, virtual agents, voice recognition, etc.)",No,AI future
107,8/10/2026 - 8/23/2026,,,38900.0,,,50.5,3.15,0.0,0.0,"During the next six months, do you think this business will be using Artificial Intelligence (AI) in any of its business functions? (Examples of AI: machine learning, natural language processing, virtual agents, voice recognition, etc.)",No,AI future
107,8/10/2026 - 8/23/2026,,,40140.0,,,45.3,2.99,0.0,0.0,"During the next six months, do you think this business will be using Artificial Intelligence (AI) in any of its business functions? (Examples of AI: machine learning, natural language processing, virtual agents, voice recognition, etc.)",No,AI future
107,8/10/2026 - 8/23/2026,,,41180.0,,,56.9,4.65,0.0,0.0,"During the next six months, do you think this business will be using Artificial Intelligence (AI) in any of its business functions? (Examples of AI: machine learning, natural language processing, virtual agents, voice recognition, etc.)",No,AI future
107,8/10/2026 - 8/23/2026,,,41700.0,,,41.0,3.82,0.0,0.0,"During the next six months, do you think this business will be using Artificial Intelligence (AI) in any of its business functions? (Examples of AI: machine learning, natural language processing, virtual agents, voice recognition, etc.)",No,AI future
107,8/10/2026 - 8/23/2026,,,41740.0,,,34.4,2.9,0.0,0.0,"During the next six months, do you think this business will be using Artificial Intelligence (AI) in any of its business functions? (Examples of AI: machine learning, natural language processing, virtual agents, voice recognition, etc.)",No,AI future
107,8/10/2026 - 8/23/2026,,,41860.0,,,39.7,2.28,0.0,0.0,"During the next six months, do you think this business will be using Artificial Intelligence (AI) in any of its business functions? (Examples of AI: machine learning, natural language processing, virtual agents, voice recognition, etc.)",No,AI future
107,8/10/2026 - 8/23/2026,,,42660.0,,,46.0,3.22,0.0,0.0,"During the next six months, do you think this business will be using Artificial Intelligence (AI) in any of its business functions? (Examples of AI: machine learning, natural language processing, virtual agents, voice recognition, etc.)",No,AI future
107,8/10/2026 - 8/23/2026,,,45300.0,,,39.9,3.85,0.0,0.0,"During the next six months, do you think this business will be using Artificial Intelligence (AI) in any of its business functions? (Examples of AI: machine learning, natural language processing, virtual agents, voice recognition, etc.)",No,AI future
107,8/10/2026 - 8/23/2026,,,47900.0,,,37.5,2.5,0.0,0.0,"During the next six months, do you think this business will be using Artificial Intelligence (AI) in any of its business functions? (Examples of AI: machine learning, natural language processing, virtual agents, voice recognition, etc.)",No,AI future
107,8/10/2026 - 8/23/2026,,,,,D,44.2,1.0,0.0,0.0,"During the next six months, do you think this business will be using Artificial Intelligence (AI) in any of its business functions? (Examples of AI: machine learning, natural language processing, virtual agents, voice recognition, etc.)",No,AI future
107,8/10/2026 - 8/23/2026,,,,,A,48.5,0.46,0.0,0.0,"During the next six months, do you think this business will be using Artificial Intelligence (AI) in any of its business functions? (Examples of AI: machine learning, natural language processing, virtual agents, voice recognition, etc.)",No,AI future
107,8/10/2026 - 8/23/2026,,,,,F,32.0,2.54,0.0,0.0,"During the next six months, do you think this business will be using Artificial Intelligence (AI) in any of its business functions? (Examples of AI: machine learning, natural language processing, virtual agents, voice recognition, etc.)",No,AI future
107,8/10/2026 - 8/23/2026,,,,,C,47.5,0.62,0.0,0.0,"During the next six months, do you think this business will be using Artificial Intelligence (AI) in any of its business functions? (Examples of AI: machine learning, natural language processing, virtual agents, voice recognition, etc.)",No,AI future
107,8/10/2026 - 8/23/2026,,,,,G,21.2,2.05,0.0,0.0,"During the next six months, do you think this business will be using Artificial Intelligence (AI) in any of its business functions? (Examples of AI: machine learning, natural language processing, virtual agents, voice recognition, etc.)",No,AI future
107,8/10/2026 - 8/23/2026,,,,,E,37.6,1.46,0.0,0.0,"During the next six months, do you think this business will be using Artificial Intelligence (AI) in any of its business functions? (Examples of AI: machine learning, natural language processing, virtual agents, voice recognition, etc.)",No,AI future
107,8/10/2026 - 8/23/2026,,,,,,47.8,0.32,0.0,0.0,"During the next six months, do you think this business will be using Artificial Intelligence (AI) in any of its business functions? (Examples of AI: machine learning, natural language processing, virtual agents, voice recognition, etc.)",No,AI future
107,8/10/2026 - 8/23/2026,,,,,B,50.4,1.12,0.0,0.0,"During the next six months, do you think this business will be using Artificial Intelligence (AI) in any of its business functions? (Examples of AI: machine learning, natural language processing, virtual agents, voice recognition, etc.)",No,AI future
107,8/10/2026 - 8/23/2026,AK,,,,,16.0,5.89,0.0,0.0,"During the next six months, do you think this business will be using Artificial Intelligence (AI) in any of its business functions? (Examples of AI: machine learning, natural language processing, virtual agents, voice recognition, etc.)",Do not know,AI future
107,8/10/2026 - 8/23/2026,AL,,,,,28.1,2.11,0.0,0.0,"During the next six months, do you think this business will be using Artificial Intelligence (AI) in any of its business functions? (Examples of AI: machine learning, natural language processing, virtual agents, voice recognition, etc.)",Do not know,AI future
107,8/10/2026 - 8/23/2026,AR,,,,,22.1,2.42,0.0,0.0,"During the next six months, do you think this business will be using Artificial Intelligence (AI) in any of its business functions? (Examples of AI: machine learning, natural language processing, virtual agents, voice recognition, etc.)",Do not know,AI future
107,8/10/2026 - 8/23/2026,AZ,,,,,28.0,1.73,0.0,0.0,"During the next six months, do you think this business will be using Artificial Intelligence (AI) in any of its business functions? (Examples of AI: machine learning, natural language processing, virtual agents, voice recognition, etc.)",Do not know,AI future
107,8/10/2026 - 8/23/2026,CA,,,,,28.7,0.78,0.0,0.0,"During the next six months, do you think this business will be using Artificial Intelligence (AI) in any of its business functions? (Examples of AI: machine learning, natural language processing, virtual agents, voice recognition, etc.)",Do not know,AI future
107,8/10/2026 - 8/23/2026,CO,,,,,23.1,2.26,0.0,0.0,"During the next six months, do you think this business will be using Artificial Intelligence (AI) in any of its business functions? (Examples of AI: machine learning, natural language processing, virtual agents, voice recognition, etc.)",Do not know,AI future
107,8/10/2026 - 8/23/2026,CT,,,,,28.9,3.53,0.0,0.0,"During the next six months, do you think this business will be using Artificial Intelligence (AI) in any of its business functions? (Examples of AI: machine learning, natural language processing, virtual agents, voice recognition, etc.)",Do not know,AI future
107,8/10/2026 - 8/23/2026,DC,,,,,23.8,6.87,0.0,0.0,"During the next six months, do you think this business will be using Artificial Intelligence (AI) in any of its business functions? (Examples of AI: machine learning, natural language processing, virtual agents, voice recognition, etc.)",Do not know,AI future
107,8/10/2026 - 8/23/2026,DE,,,,,36.2,7.17,0.0,0.0,"During the next six months, do you think this business will be using Artificial Intelligence (AI) in any of its business functions? (Examples of AI: machine learning, natural language processing, virtual agents, voice recognition, etc.)",Do not know,AI future
107,8/10/2026 - 8/23/2026,FL,,,,,27.3,1.34,0.0,0.0,"During the next six months, do you think this business will be using Artificial Intelligence (AI) in any of its business functions? (Examples of AI: machine learning, natural language processing, virtual agents, voice recognition, etc.)",Do not know,AI future
107,8/10/2026 - 8/23/2026,GA,,,,,25.9,1.17,0.0,0.0,"During the next six months, do you think this business will be using Artificial Intelligence (AI) in any of its business functions? (Examples of AI: machine learning, natural language processing, virtual agents, voice recognition, etc.)",Do not know,AI future
107,8/10/2026 - 8/23/2026,HI,,,,,25.1,5.87,0.0,0.0,"During the next six months, do you think this business will be using Artificial Intelligence (AI) in any of its business functions? (Examples of AI: machine learning, natural language processing, virtual agents, voice recognition, etc.)",Do not know,AI future
107,8/10/2026 - 8/23/2026,IA,,,,,24.8,2.11,0.0,0.0,"During the next six months, do you think this business will be using Artificial Intelligence (AI) in any of its business functions? (Examples of AI: machine learning, natural language processing, virtual agents, voice recognition, etc.)",Do not know,AI future
107,8/10/2026 - 8/23/2026,ID,,,,,20.7,2.91,0.0,0.0,"During the next six months, do you think this business will be using Artificial Intelligence (AI) in any of its business functions? (Examples of AI: machine learning, natural language processing, virtual agents, voice recognition, etc.)",Do not know,AI future
107,8/10/2026 - 8/23/2026,IL,,,,,31.3,1.95,0.0,0.0,"During the next six months, do you think this business will be using Artificial Intelligence (AI) in any of its business functions? (Examples of AI: machine learning, natural language processing, virtual agents, voice recognition, etc.)",Do not know,AI future
107,8/10/2026 - 8/23/2026,IN,,,,,23.4,2.85,0.0,0.0,"During the next six months, do you think this business will be using Artificial Intelligence (AI) in any of its business functions? (Examples of AI: machine learning, natural language processing, virtual agents, voice recognition, etc.)",Do not know,AI future
107,8/10/2026 - 8/23/2026,KS,,,,,29.6,2.41,0.0,0.0,"During the next six months, do you think this business will be using Artificial Intelligence (AI) in any of its business functions? (Examples of AI: machine learning, natural language processing, virtual agents, voice recognition, etc.)",Do not know,AI future
107,8/10/2026 - 8/23/2026,KY,,,,,33.2,2.98,0.0,0.0,"During the next six months, do you think this business will be using Artificial Intelligence (AI) in any of its business functions? (Examples of AI: machine learning, natural language processing, virtual agents, voice recognition, etc.)",Do not know,AI future
107,8/10/2026 - 8/23/2026,LA,,,,,22.3,3.74,0.0,0.0,"During the next six months, do you think this business will be using Artificial Intelligence (AI) in any of its business functions? (Examples of AI: machine learning, natural language processing, virtual agents, voice recognition, etc.)",Do not know,AI future
107,8/10/2026 - 8/23/2026,MA,,,,,29.5,2.72,0.0,0.0,"During the next six months, do you think this business will be using Artificial Intelligence (AI) in any of its business functions? (Examples of AI: machine learning, natural language processing, virtual agents, voice recognition, etc.)",Do not know,AI future
107,8/10/2026 - 8/23/2026,MD,,,,,24.6,2.7,0.0,0.0,"During the next six months, do you think this business will be using Artificial Intelligence (AI) in any of its business functions? (Examples of AI: machine learning, natural language processing, virtual agents, voice recognition, etc.)",Do not know,AI future
107,8/10/2026 - 8/23/2026,ME,,,,,30.0,3.28,0.0,0.0,"During the next six months, do you think this business will be using Artificial Intelligence (AI) in any of its business functions? (Examples of AI: machine learning, natural language processing, virtual agents, voice recognition, etc.)",Do not know,AI future
107,8/10/2026 - 8/23/2026,MI,,,,,25.5,1.5,0.0,0.0,"During the next six months, do you think this business will be using Artificial Intelligence (AI) in any of its business functions? (Examples of AI: machine learning, natural language processing, virtual agents, voice recognition, etc.)",Do not know,AI future
107,8/10/2026 - 8/23/2026,MN,,,,,22.1,2.01,0.0,0.0,"During the next six months, do you think this business will be using Artificial Intelligence (AI) in any of its business functions? (Examples of AI: machine learning, natural language processing, virtual agents, voice recognition, etc.)",Do not know,AI future
107,8/10/2026 - 8/23/2026,MO,,,,,21.6,1.97,0.0,0.0,"During the next six months, do you think this business will be using Artificial Intelligence (AI) in any of its business functions? (Examples of AI: machine learning, natural language processing, virtual agents, voice recognition, etc.)",Do not know,AI future
107,8/10/2026 - 8/23/2026,MS,,,,,29.3,4.75,0.0,0.0,"During the next six months, do you think this business will be using Artificial Intelligence (AI) in any of its business functions? (Examples of AI: machine learning, natural language processing, virtual agents, voice recognition, etc.)",Do not know,AI future
107,8/10/2026 - 8/23/2026,MT,,,,,23.4,3.95,0.0,0.0,"During the next six months, do you think this business will be using Artificial Intelligence (AI) in any of its business functions? (Examples of AI: machine learning, natural language processing, virtual agents, voice recognition, etc.)",Do not know,AI future
107,8/10/2026 - 8/23/2026,NC,,,,,24.8,1.33,0.0,0.0,"During the next six months, do you think this business will be using Artificial Intelligence (AI) in any of its business functions? (Examples of AI: machine learning, natural language processing, virtual agents, voice recognition, etc.)",Do not know,AI future
107,8/10/2026 - 8/23/2026,ND,,,,,35.6,7.53,0.0,0.0,"During the next six months, do you think this business will be using Artificial Intelligence (AI) in any of its business functions? (Examples of AI: machine learning, natural language processing, virtual agents, voice recognition, etc.)",Do not know,AI future
107,8/10/2026 - 8/23/2026,NE,,,,,23.4,4.93,0.0,0.0,"During the next six months, do you think this business will be using Artificial Intelligence (AI) in any of its business functions? (Examples of AI: machine learning, natural language processing, virtual agents, voice recognition, etc.)",Do not know,AI future
107,8/10/2026 - 8/23/2026,NH,,,,,27.4,4.94,0.0,0.0,"During the next six months, do you think this business will be using Artificial Intelligence (AI) in any of its business functions? (Examples of AI: machine learning, natural language processing, virtual agents, voice recognition, etc.)",Do not know,AI future
107,8/10/2026 - 8/23/2026,NJ,,,,,27.3,2.0,0.0,0.0,"During the next six months, do you think this business will be using Artificial Intelligence (AI) in any of its business functions? (Examples of AI: machine learning, natural language processing, virtual agents, voice recognition, etc.)",Do not know,AI future
107,8/10/2026 - 8/23/2026,NM,,,,,28.9,4.32,0.0,0.0,"During the next six months, do you think this business will be using Artificial Intelligence (AI) in any of its business functions? (Examples of AI: machine learning, natural language processing, virtual agents, voice recognition, etc.)",Do not know,AI future
107,8/10/2026 - 8/23/2026,NV,,,,,31.8,3.58,0.0,0.0,"During the next six months, do you think this business will be using Artificial Intelligence (AI) in any of its business functions? (Examples of AI: machine learning, natural language processing, virtual agents, voice recognition, etc.)",Do not know,AI future
107,8/10/2026 - 8/23/2026,NY,,,,,28.8,1.23,0.0,0.0,"During the next six months, do you think this business will be using Artificial Intelligence (AI) in any of its business functions? (Examples of AI: machine learning, natural language processing, virtual agents, voice recognition, etc.)",Do not know,AI future
107,8/10/2026 - 8/23/2026,OH,,,,,26.2,1.52,0.0,0.0,"During the next six months, do you think this business will be using Artificial Intelligence (AI) in any of its business functions? (Examples of AI: machine learning, natural language processing, virtual agents, voice recognition, etc.)",Do not know,AI future
107,8/10/2026 - 8/23/2026,OK,,,,,22.8,2.68,0.0,0.0,"During the next six months, do you think this business will be using Artificial Intelligence (AI) in any of its business functions? (Examples of AI: machine learning, natural language processing, virtual agents, voice recognition, etc.)",Do not know,AI future
107,8/10/2026 - 8/23/2026,OR,,,,,19.2,2.59,0.0,0.0,"During the next six months, do you think this business will be using Artificial Intelligence (AI) in any of its business functions? (Examples of AI: machine learning, natural language processing, virtual agents, voice recognition, etc.)",Do not know,AI future
107,8/10/2026 - 8/23/2026,PA,,,,,25.7,1.49,0.0,0.0,"During the next six months, do you think this business will be using Artificial Intelligence (AI) in any of its business functions? (Examples of AI: machine learning, natural language processing, virtual agents, voice recognition, etc.)",Do not know,AI future
107,8/10/2026 - 8/23/2026,PR,,,,,39.1,4.55,0.0,0.0,"During the next six months, do you think this business will be using Artificial Intelligence (AI) in any of its business functions? (Examples of AI: machine learning, natural language processing, virtual agents, voice recognition, etc.)",Do not know,AI future
107,8/10/2026 - 8/23/2026,RI,,,,,25.2,6.08,0.0,0.0,"During the next six months, do you think this business will be using Artificial Intelligence (AI) in any of its business functions? (Examples of AI: machine learning, natural language processing, virtual agents, voice recognition, etc.)",Do not know,AI future
107,8/10/2026 - 8/23/2026,SC,,,,,27.1,2.32,0.0,0.0,"During the next six months, do you think this business will be using Artificial Intelligence (AI) in any of its business functions? (Examples of AI: machine learning, natural language processing, virtual agents, voice recognition, etc.)",Do not know,AI future
107,8/10/2026 - 8/23/2026,SD,,,,,25.4,4.56,0.0,0.0,"During the next six months, do you think this business will be using Artificial Intelligence (AI) in any of its business functions? (Examples of AI: machine learning, natural language processing, virtual agents, voice recognition, etc.)",Do not know,AI future
107,8/10/2026 - 8/23/2026,TN,,,,,29.8,3.05,0.0,0.0,"During the next six months, do you think this business will be using Artificial Intelligence (AI) in any of its business functions? (Examples of AI: machine learning, natural language processing, virtual agents, voice recognition, etc.)",Do not know,AI future
107,8/10/2026 - 8/23/2026,TX,,,,,23.7,1.45,0.0,0.0,"During the next six months, do you think this business will be using Artificial Intelligence (AI) in any of its business functions? (Examples of AI: machine learning, natural language processing, virtual agents, voice recognition, etc.)",Do not know,AI future
107,8/10/2026 - 8/23/2026,UT,,,,,22.9,2.54,0.0,0.0,"During the next six months, do you think this business will be using Artificial Intelligence (AI) in any of its business functions? (Examples of AI: machine learning, natural language processing, virtual agents, voice recognition, etc.)",Do not know,AI future
107,8/10/2026 - 8/23/2026,VA,,,,,27.2,1.78,0.0,0.0,"During the next six months, do you think this business will be using Artificial Intelligence (AI) in any of its business functions? (Examples of AI: machine learning, natural language processing, virtual agents, voice recognition, etc.)",Do not know,AI future
107,8/10/2026 - 8/23/2026,VT,,,,,13.7,2.43,0.0,0.0,"During the next six months, do you think this business will be using Artificial Intelligence (AI) in any of its business functions? (Examples of AI: machine learning, natural language processing, virtual agents, voice recognition, etc.)",Do not know,AI future
107,8/10/2026 - 8/23/2026,WA,,,,,19.0,2.0,0.0,0.0,"During the next six months, do you think this business will be using Artificial Intelligence (AI) in any of its business functions? (Examples of AI: machine learning, natural language processing, virtual agents, voice recognition, etc.)",Do not know,AI future
107,8/10/2026 - 8/23/2026,WI,,,,,19.4,1.87,0.0,0.0,"During the next six months, do you think this business will be using Artificial Intelligence (AI) in any of its business functions? (Examples of AI: machine learning, natural language processing, virtual agents, voice recognition, etc.)",Do not know,AI future
107,8/10/2026 - 8/23/2026,WV,,,,,28.4,7.3,0.0,0.0,"During the next six months, do you think this business will be using Artificial Intelligence (AI) in any of its business functions? (Examples of AI: machine learning, natural language processing, virtual agents, voice recognition, etc.)",Do not know,AI future
107,8/10/2026 - 8/23/2026,WY,,,,,29.3,4.15,0.0,0.0,"During the next six months, do you think this business will be using Artificial Intelligence (AI) in any of its business functions? (Examples of AI: machine learning, natural language processing, virtual agents, voice recognition, etc.)",Do not know,AI future
107,8/10/2026 - 8/23/2026,XX,,,,,31.8,2.44,0.0,0.0,"During the next six months, do you think this business will be using Artificial Intelligence (AI) in any of its business functions? (Examples of AI: machine learning, natural language processing, virtual agents, voice recognition, etc.)",Do not know,AI future
107,8/10/2026 - 8/23/2026,,11,,,,36.8,6.21,0.0,0.0,"During the next six months, do you think this business will be using Artificial Intelligence (AI) in any of its business functions? (Examples of AI: machine learning, natural language processing, virtual agents, voice recognition, etc.)",Do not know,AI future
107,8/10/2026 - 8/23/2026,,11,,,A,36.6,8.34,0.0,0.0,"During the next six months, do you think this business will be using Artificial Intelligence (AI) in any of its business functions? (Examples of AI: machine learning, natural language processing, virtual agents, voice recognition, etc.)",Do not know,AI future
107,8/10/2026 - 8/23/2026,,11,,,B,39.1,11.49,0.0,0.0,"During the next six months, do you think this business will be using Artificial Intelligence (AI) in any of its business functions? (Examples of AI: machine learning, natural language processing, virtual agents, voice recognition, etc.)",Do not know,AI future
107,8/10/2026 - 8/23/2026,,11,,,D,,,0.0,0.0,"During the next six months, do you think this business will be using Artificial Intelligence (AI) in any of its business functions? (Examples of AI: machine learning, natural language processing, virtual agents, voice recognition, etc.)",Do not know,AI future
107,8/10/2026 - 8/23/2026,,11,,,C,,,0.0,0.0,"During the next six months, do you think this business will be using Artificial Intelligence (AI) in any of its business functions? (Examples of AI: machine learning, natural language processing, virtual agents, voice recognition, etc.)",Do not know,AI future
107,8/10/2026 - 8/23/2026,,11,,,G,,,0.0,0.0,"During the next six months, do you think this business will be using Artificial Intelligence (AI) in any of its business functions? (Examples of AI: machine learning, natural language processing, virtual agents, voice recognition, etc.)",Do not know,AI future
107,8/10/2026 - 8/23/2026,,11,,,F,,,0.0,0.0,"During the next six months, do you think this business will be using Artificial Intelligence (AI) in any of its business functions? (Examples of AI: machine learning, natural language processing, virtual agents, voice recognition, etc.)",Do not know,AI future
107,8/10/2026 - 8/23/2026,,21,,,B,,,0.0,0.0,"During the next six months, do you think this business will be using Artificial Intelligence (AI) in any of its business functions? (Examples of AI: machine learning, natural language processing, virtual agents, voice recognition, etc.)",Do not know,AI future
107,8/10/2026 - 8/23/2026,,21,,,F,,,0.0,0.0,"During the next six months, do you think this business will be using Artificial Intelligence (AI) in any of its business functions? (Examples of AI: machine learning, natural language processing, virtual agents, voice recognition, etc.)",Do not know,AI future
107,8/10/2026 - 8/23/2026,,21,,,E,,,0.0,0.0,"During the next six months, do you think this business will be using Artificial Intelligence (AI) in any of its business functions? (Examples of AI: machine learning, natural language processing, virtual agents, voice recognition, etc.)",Do not know,AI future
107,8/10/2026 - 8/23/2026,,21,,,,19.6,3.77,0.0,0.0,"During the next six months, do you think this business will be using Artificial Intelligence (AI) in any of its business functions? (Examples of AI: machine learning, natural language processing, virtual agents, voice recognition, etc.)",Do not know,AI future
107,8/10/2026 - 8/23/2026,,21,,,A,18.1,5.29,0.0,0.0,"During the next six months, do you think this business will be using Artificial Intelligence (AI) in any of its business functions? (Examples of AI: machine learning, natural language processing, virtual agents, voice recognition, etc.)",Do not know,AI future
107,8/10/2026 - 8/23/2026,,21,,,D,,,0.0,0.0,"During the next six months, do you think this business will be using Artificial Intelligence (AI) in any of its business functions? (Examples of AI: machine learning, natural language processing, virtual agents, voice recognition, etc.)",Do not know,AI future
107,8/10/2026 - 8/23/2026,,21,,,C,24.4,10.09,0.0,0.0,"During the next six months, do you think this business will be using Artificial Intelligence (AI) in any of its business functions? (Examples of AI: machine learning, natural language processing, virtual agents, voice recognition, etc.)",Do not know,AI future
107,8/10/2026 - 8/23/2026,,22,,,D,,,0.0,0.0,"During the next six months, do you think this business will be using Artificial Intelligence (AI) in any of its business functions? (Examples of AI: machine learning, natural language processing, virtual agents, voice recognition, etc.)",Do not know,AI future
107,8/10/2026 - 8/23/2026,,22,,,,26.5,4.1,0.0,0.0,"During the next six months, do you think this business will be using Artificial Intelligence (AI) in any of its business functions? (Examples of AI: machine learning, natural language processing, virtual agents, voice recognition, etc.)",Do not know,AI future
107,8/10/2026 - 8/23/2026,,22,,,A,24.9,6.06,0.0,0.0,"During the next six months, do you think this business will be using Artificial Intelligence (AI) in any of its business functions? (Examples of AI: machine learning, natural language processing, virtual agents, voice recognition, etc.)",Do not know,AI future
107,8/10/2026 - 8/23/2026,,22,,,B,36.8,15.15,0.0,0.0,"During the next six months, do you think this business will be using Artificial Intelligence (AI) in any of its business functions? (Examples of AI: machine learning, natural language processing, virtual agents, voice recognition, etc.)",Do not know,AI future
107,8/10/2026 - 8/23/2026,,22,,,C,,,0.0,0.0,"During the next six months, do you think this business will be using Artificial Intelligence (AI) in any of its business functions? (Examples of AI: machine learning, natural language processing, virtual agents, voice recognition, etc.)",Do not know,AI future
107,8/10/2026 - 8/23/2026,,23,,,E,35.0,5.92,0.0,0.0,"During the next six months, do you think this business will be using Artificial Intelligence (AI) in any of its business functions? (Examples of AI: machine learning, natural language processing, virtual agents, voice recognition, etc.)",Do not know,AI future
107,8/10/2026 - 8/23/2026,,23,,,,24.2,1.42,0.0,0.0,"During the next six months, do you think this business will be using Artificial Intelligence (AI) in any of its business functions? (Examples of AI: machine learning, natural language processing, virtual agents, voice recognition, etc.)",Do not know,AI future
107,8/10/2026 - 8/23/2026,,23,,,A,22.9,1.75,0.0,0.0,"During the next six months, do you think this business will be using Artificial Intelligence (AI) in any of its business functions? (Examples of AI: machine learning, natural language processing, virtual agents, voice recognition, etc.)",Do not know,AI future
107,8/10/2026 - 8/23/2026,,23,,,C,29.4,2.53,0.0,0.0,"During the next six months, do you think this business will be using Artificial Intelligence (AI) in any of its business functions? (Examples of AI: machine learning, natural language processing, virtual agents, voice recognition, etc.)",Do not know,AI future
107,8/10/2026 - 8/23/2026,,23,,,F,25.4,6.85,0.0,0.0,"During the next six months, do you think this business will be using Artificial Intelligence (AI) in any of its business functions? (Examples of AI: machine learning, natural language processing, virtual agents, voice recognition, etc.)",Do not know,AI future
107,8/10/2026 - 8/23/2026,,23,,,B,23.8,2.31,0.0,0.0,"During the next six months, do you think this business will be using Artificial Intelligence (AI) in any of its business functions? (Examples of AI: machine learning, natural language processing, virtual agents, voice recognition, etc.)",Do not know,AI future
107,8/10/2026 - 8/23/2026,,23,,,D,26.4,1.48,0.0,0.0,"During the next six months, do you think this business will be using Artificial Intelligence (AI) in any of its business functions? (Examples of AI: machine learning, natural language processing, virtual agents, voice recognition, etc.)",Do not know,AI future
107,8/10/2026 - 8/23/2026,,23,,,G,,,0.0,0.0,"During the next six months, do you think this business will be using Artificial Intelligence (AI) in any of its business functions? (Examples of AI: machine learning, natural language processing, virtual agents, voice recognition, etc.)",Do not know,AI future
107,8/10/2026 - 8/23/2026,,31,,,G,41.4,5.93,0.0,0.0,"During the next six months, do you think this business will be using Artificial Intelligence (AI) in any of its business functions? (Examples of AI: machine learning, natural language processing, virtual agents, voice recognition, etc.)",Do not know,AI future
107,8/10/2026 - 8/23/2026,,31,,,F,19.7,4.74,0.0,0.0,"During the next six months, do you think this business will be using Artificial Intelligence (AI) in any of its business functions? (Examples of AI: machine learning, natural language processing, virtual agents, voice recognition, etc.)",Do not know,AI future
107,8/10/2026 - 8/23/2026,,31,,,B,21.1,2.41,0.0,0.0,"During the next six months, do you think this business will be using Artificial Intelligence (AI) in any of its business functions? (Examples of AI: machine learning, natural language processing, virtual agents, voice recognition, etc.)",Do not know,AI future
107,8/10/2026 - 8/23/2026,,31,,,,22.7,0.97,0.0,0.0,"During the next six months, do you think this business will be using Artificial Intelligence (AI) in any of its business functions? (Examples of AI: machine learning, natural language processing, virtual agents, voice recognition, etc.)",Do not know,AI future
107,8/10/2026 - 8/23/2026,,31,,,C,21.3,2.25,0.0,0.0,"During the next six months, do you think this business will be using Artificial Intelligence (AI) in any of its business functions? (Examples of AI: machine learning, natural language processing, virtual agents, voice recognition, etc.)",Do not know,AI future
107,8/10/2026 - 8/23/2026,,31,,,E,23.2,5.35,0.0,0.0,"During the next six months, do you think this business will be using Artificial Intelligence (AI) in any of its business functions? (Examples of AI: machine learning, natural language processing, virtual agents, voice recognition, etc.)",Do not know,AI future
107,8/10/2026 - 8/23/2026,,31,,,D,30.5,2.34,0.0,0.0,"During the next six months, do you think this business will be using Artificial Intelligence (AI) in any of its business functions? (Examples of AI: machine learning, natural language processing, virtual agents, voice recognition, etc.)",Do not know,AI future
107,8/10/2026 - 8/23/2026,,31,,,A,21.1,2.28,0.0,0.0,"During the next six months, do you think this business will be using Artificial Intelligence (AI) in any of its business functions? (Examples of AI: machine learning, natural language processing, virtual agents, voice recognition, etc.)",Do not know,AI future
107,8/10/2026 - 8/23/2026,,42,,,,28.7,1.03,0.0,0.0,"During the next six months, do you think this business will be using Artificial Intelligence (AI) in any of its business functions? (Examples of AI: machine learning, natural language processing, virtual agents, voice recognition, etc.)",Do not know,AI future
107,8/10/2026 - 8/23/2026,,42,,,E,32.9,4.11,0.0,0.0,"During the next six months, do you think this business will be using Artificial Intelligence (AI) in any of its business functions? (Examples of AI: machine learning, natural language processing, virtual agents, voice recognition, etc.)",Do not know,AI future
107,8/10/2026 - 8/23/2026,,42,,,D,38.8,2.91,0.0,0.0,"During the next six months, do you think this business will be using Artificial Intelligence (AI) in any of its business functions? (Examples of AI: machine learning, natural language processing, virtual agents, voice recognition, etc.)",Do not know,AI future
107,8/10/2026 - 8/23/2026,,42,,,B,31.1,2.49,0.0,0.0,"During the next six months, do you think this business will be using Artificial Intelligence (AI) in any of its business functions? (Examples of AI: machine learning, natural language processing, virtual agents, voice recognition, etc.)",Do not know,AI future
107,8/10/2026 - 8/23/2026,,42,,,A,27.4,1.34,0.0,0.0,"During the next six months, do you think this business will be using Artificial Intelligence (AI) in any of its business functions? (Examples of AI: machine learning, natural language processing, virtual agents, voice recognition, etc.)",Do not know,AI future
107,8/10/2026 - 8/23/2026,,42,,,C,23.6,2.46,0.0,0.0,"During the next six months, do you think this business will be using Artificial Intelligence (AI) in any of its business functions? (Examples of AI: machine learning, natural language processing, virtual agents, voice recognition, etc.)",Do not know,AI future
107,8/10/2026 - 8/23/2026,,42,,,G,56.3,12.59,0.0,0.0,"During the next six months, do you think this business will be using Artificial Intelligence (AI) in any of its business functions? (Examples of AI: machine learning, natural language processing, virtual agents, voice recognition, etc.)",Do not know,AI future
107,8/10/2026 - 8/23/2026,,42,,,F,23.3,10.11,0.0,0.0,"During the next six months, do you think this business will be using Artificial Intelligence (AI) in any of its business functions? (Examples of AI: machine learning, natural language processing, virtual agents, voice recognition, etc.)",Do not know,AI future
107,8/10/2026 - 8/23/2026,,44,,,E,22.3,6.36,0.0,0.0,"During the next six months, do you think this business will be using Artificial Intelligence (AI) in any of its business functions? (Examples of AI: machine learning, natural language processing, virtual agents, voice recognition, etc.)",Do not know,AI future
107,8/10/2026 - 8/23/2026,,44,,,C,22.6,2.42,0.0,0.0,"During the next six months, do you think this business will be using Artificial Intelligence (AI) in any of its business functions? (Examples of AI: machine learning, natural language processing, virtual agents, voice recognition, etc.)",Do not know,AI future
107,8/10/2026 - 8/23/2026,,44,,,G,27.4,12.84,0.0,0.0,"During the next six months, do you think this business will be using Artificial Intelligence (AI) in any of its business functions? (Examples of AI: machine learning, natural language processing, virtual agents, voice recognition, etc.)",Do not know,AI future
107,8/10/2026 - 8/23/2026,,44,,,,26.3,0.99,0.0,0.0,"During the next six months, do you think this business will be using Artificial Intelligence (AI) in any of its business functions? (Examples of AI: machine learning, natural language processing, virtual agents, voice recognition, etc.)",Do not know,AI future
107,8/10/2026 - 8/23/2026,,44,,,A,27.2,1.73,0.0,0.0,"During the next six months, do you think this business will be using Artificial Intelligence (AI) in any of its business functions? (Examples of AI: machine learning, natural language processing, virtual agents, voice recognition, etc.)",Do not know,AI future
107,8/10/2026 - 8/23/2026,,44,,,B,25.5,1.58,0.0,0.0,"During the next six months, do you think this business will be using Artificial Intelligence (AI) in any of its business functions? (Examples of AI: machine learning, natural language processing, virtual agents, voice recognition, etc.)",Do not know,AI future
107,8/10/2026 - 8/23/2026,,44,,,F,33.9,4.38,0.0,0.0,"During the next six months, do you think this business will be using Artificial Intelligence (AI) in any of its business functions? (Examples of AI: machine learning, natural language processing, virtual agents, voice recognition, etc.)",Do not know,AI future
107,8/10/2026 - 8/23/2026,,44,,,D,27.5,4.14,0.0,0.0,"During the next six months, do you think this business will be using Artificial Intelligence (AI) in any of its business functions? (Examples of AI: machine learning, natural language processing, virtual agents, voice recognition, etc.)",Do not know,AI future
107,8/10/2026 - 8/23/2026,,48,,,B,21.4,3.35,0.0,0.0,"During the next six months, do you think this business will be using Artificial Intelligence (AI) in any of its business functions? (Examples of AI: machine learning, natural language processing, virtual agents, voice recognition, etc.)",Do not know,AI future
107,8/10/2026 - 8/23/2026,,48,,,E,41.7,7.61,0.0,0.0,"During the next six months, do you think this business will be using Artificial Intelligence (AI) in any of its business functions? (Examples of AI: machine learning, natural language processing, virtual agents, voice recognition, etc.)",Do not know,AI future
107,8/10/2026 - 8/23/2026,,48,,,,25.2,1.0,0.0,0.0,"During the next six months, do you think this business will be using Artificial Intelligence (AI) in any of its business functions? (Examples of AI: machine learning, natural language processing, virtual agents, voice recognition, etc.)",Do not know,AI future
107,8/10/2026 - 8/23/2026,,48,,,A,24.4,2.1,0.0,0.0,"During the next six months, do you think this business will be using Artificial Intelligence (AI) in any of its business functions? (Examples of AI: machine learning, natural language processing, virtual agents, voice recognition, etc.)",Do not know,AI future
107,8/10/2026 - 8/23/2026,,48,,,G,40.0,15.73,0.0,0.0,"During the next six months, do you think this business will be using Artificial Intelligence (AI) in any of its business functions? (Examples of AI: machine learning, natural language processing, virtual agents, voice recognition, etc.)",Do not know,AI future
107,8/10/2026 - 8/23/2026,,48,,,D,27.1,4.44,0.0,0.0,"During the next six months, do you think this business will be using Artificial Intelligence (AI) in any of its business functions? (Examples of AI: machine learning, natural language processing, virtual agents, voice recognition, etc.)",Do not know,AI future
107,8/10/2026 - 8/23/2026,,48,,,F,29.5,7.64,0.0,0.0,"During the next six months, do you think this business will be using Artificial Intelligence (AI) in any of its business functions? (Examples of AI: machine learning, natural language processing, virtual agents, voice recognition, etc.)",Do not know,AI future
107,8/10/2026 - 8/23/2026,,48,,,C,29.9,6.44,0.0,0.0,"During the next six months, do you think this business will be using Artificial Intelligence (AI) in any of its business functions? (Examples of AI: machine learning, natural language processing, virtual agents, voice recognition, etc.)",Do not know,AI future
107,8/10/2026 - 8/23/2026,,51,,,C,23.1,9.53,0.0,0.0,"During the next six months, do you think this business will be using Artificial Intelligence (AI) in any of its business functions? (Examples of AI: machine learning, natural language processing, virtual agents, voice recognition, etc.)",Do not know,AI future
107,8/10/2026 - 8/23/2026,,51,,,F,,,0.0,0.0,"During the next six months, do you think this business will be using Artificial Intelligence (AI) in any of its business functions? (Examples of AI: machine learning, natural language processing, virtual agents, voice recognition, etc.)",Do not know,AI future
107,8/10/2026 - 8/23/2026,,51,,,B,17.7,3.52,0.0,0.0,"During the next six months, do you think this business will be using Artificial Intelligence (AI) in any of its business functions? (Examples of AI: machine learning, natural language processing, virtual agents, voice recognition, etc.)",Do not know,AI future
107,8/10/2026 - 8/23/2026,,51,,,,25.6,1.97,0.0,0.0,"During the next six months, do you think this business will be using Artificial Intelligence (AI) in any of its business functions? (Examples of AI: machine learning, natural language processing, virtual agents, voice recognition, etc.)",Do not know,AI future
107,8/10/2026 - 8/23/2026,,51,,,D,31.9,8.48,0.0,0.0,"During the next six months, do you think this business will be using Artificial Intelligence (AI) in any of its business functions? (Examples of AI: machine learning, natural language processing, virtual agents, voice recognition, etc.)",Do not know,AI future
107,8/10/2026 - 8/23/2026,,51,,,A,27.2,2.48,0.0,0.0,"During the next six months, do you think this business will be using Artificial Intelligence (AI) in any of its business functions? (Examples of AI: machine learning, natural language processing, virtual agents, voice recognition, etc.)",Do not know,AI future
107,8/10/2026 - 8/23/2026,,51,,,E,,,0.0,0.0,"During the next six months, do you think this business will be using Artificial Intelligence (AI) in any of its business functions? (Examples of AI: machine learning, natural language processing, virtual agents, voice recognition, etc.)",Do not know,AI future
107,8/10/2026 - 8/23/2026,,52,,,E,,,0.0,0.0,"During the next six months, do you think this business will be using Artificial Intelligence (AI) in any of its business functions? (Examples of AI: machine learning, natural language processing, virtual agents, voice recognition, etc.)",Do not know,AI future
107,8/10/2026 - 8/23/2026,,52,,,B,27.8,5.18,0.0,0.0,"During the next six months, do you think this business will be using Artificial Intelligence (AI) in any of its business functions? (Examples of AI: machine learning, natural language processing, virtual agents, voice recognition, etc.)",Do not know,AI future
107,8/10/2026 - 8/23/2026,,52,,,D,32.1,6.58,0.0,0.0,"During the next six months, do you think this business will be using Artificial Intelligence (AI) in any of its business functions? (Examples of AI: machine learning, natural language processing, virtual agents, voice recognition, etc.)",Do not know,AI future
107,8/10/2026 - 8/23/2026,,52,,,A,28.2,1.42,0.0,0.0,"During the next six months, do you think this business will be using Artificial Intelligence (AI) in any of its business functions? (Examples of AI: machine learning, natural language processing, virtual agents, voice recognition, etc.)",Do not know,AI future
107,8/10/2026 - 8/23/2026,,52,,,C,27.1,4.03,0.0,0.0,"During the next six months, do you think this business will be using Artificial Intelligence (AI) in any of its business functions? (Examples of AI: machine learning, natural language processing, virtual agents, voice recognition, etc.)",Do not know,AI future
107,8/10/2026 - 8/23/2026,,52,,,,28.1,1.18,0.0,0.0,"During the next six months, do you think this business will be using Artificial Intelligence (AI) in any of its business functions? (Examples of AI: machine learning, natural language processing, virtual agents, voice recognition, etc.)",Do not know,AI future
107,8/10/2026 - 8/23/2026,,52,,,G,,,0.0,0.0,"During the next six months, do you think this business will be using Artificial Intelligence (AI) in any of its business functions? (Examples of AI: machine learning, natural language processing, virtual agents, voice recognition, etc.)",Do not know,AI future
107,8/10/2026 - 8/23/2026,,52,,,F,20.4,6.84,0.0,0.0,"During the next six months, do you think this business will be using Artificial Intelligence (AI) in any of its business functions? (Examples of AI: machine learning, natural language processing, virtual agents, voice recognition, etc.)",Do not know,AI future
107,8/10/2026 - 8/23/2026,,53,,,D,27.8,5.71,0.0,0.0,"During the next six months, do you think this business will be using Artificial Intelligence (AI) in any of its business functions? (Examples of AI: machine learning, natural language processing, virtual agents, voice recognition, etc.)",Do not know,AI future
107,8/10/2026 - 8/23/2026,,53,,,C,37.6,6.57,0.0,0.0,"During the next six months, do you think this business will be using Artificial Intelligence (AI) in any of its business functions? (Examples of AI: machine learning, natural language processing, virtual agents, voice recognition, etc.)",Do not know,AI future
107,8/10/2026 - 8/23/2026,,53,,,F,18.1,8.9,0.0,0.0,"During the next six months, do you think this business will be using Artificial Intelligence (AI) in any of its business functions? (Examples of AI: machine learning, natural language processing, virtual agents, voice recognition, etc.)",Do not know,AI future
107,8/10/2026 - 8/23/2026,,53,,,G,,,0.0,0.0,"During the next six months, do you think this business will be using Artificial Intelligence (AI) in any of its business functions? (Examples of AI: machine learning, natural language processing, virtual agents, voice recognition, etc.)",Do not know,AI future
107,8/10/2026 - 8/23/2026,,53,,,,29.6,1.16,0.0,0.0,"During the next six months, do you think this business will be using Artificial Intelligence (AI) in any of its business functions? (Examples of AI: machine learning, natural language processing, virtual agents, voice recognition, etc.)",Do not know,AI future
107,8/10/2026 - 8/23/2026,,53,,,A,29.1,1.06,0.0,0.0,"During the next six months, do you think this business will be using Artificial Intelligence (AI) in any of its business functions? (Examples of AI: machine learning, natural language processing, virtual agents, voice recognition, etc.)",Do not know,AI future
107,8/10/2026 - 8/23/2026,,53,,,E,33.4,9.13,0.0,0.0,"During the next six months, do you think this business will be using Artificial Intelligence (AI) in any of its business functions? (Examples of AI: machine learning, natural language processing, virtual agents, voice recognition, etc.)",Do not know,AI future
107,8/10/2026 - 8/23/2026,,53,,,B,31.3,3.37,0.0,0.0,"During the next six months, do you think this business will be using Artificial Intelligence (AI) in any of its business functions? (Examples of AI: machine learning, natural language processing, virtual agents, voice recognition, etc.)",Do not know,AI future
107,8/10/2026 - 8/23/2026,,54,,,B,23.6,2.01,0.0,0.0,"During the next six months, do you think this business will be using Artificial Intelligence (AI) in any of its business functions? (Examples of AI: machine learning, natural language processing, virtual agents, voice recognition, etc.)",Do not know,AI future
107,8/10/2026 - 8/23/2026,,54,,,G,33.9,7.15,0.0,0.0,"During the next six months, do you think this business will be using Artificial Intelligence (AI) in any of its business functions? (Examples of AI: machine learning, natural language processing, virtual agents, voice recognition, etc.)",Do not know,AI future
107,8/10/2026 - 8/23/2026,,54,,,C,25.0,2.44,0.0,0.0,"During the next six months, do you think this business will be using Artificial Intelligence (AI) in any of its business functions? (Examples of AI: machine learning, natural language processing, virtual agents, voice recognition, etc.)",Do not know,AI future
107,8/10/2026 - 8/23/2026,,54,,,,24.4,0.85,0.0,0.0,"During the next six months, do you think this business will be using Artificial Intelligence (AI) in any of its business functions? (Examples of AI: machine learning, natural language processing, virtual agents, voice recognition, etc.)",Do not know,AI future
107,8/10/2026 - 8/23/2026,,54,,,A,24.2,1.01,0.0,0.0,"During the next six months, do you think this business will be using Artificial Intelligence (AI) in any of its business functions? (Examples of AI: machine learning, natural language processing, virtual agents, voice recognition, etc.)",Do not know,AI future
107,8/10/2026 - 8/23/2026,,54,,,F,27.4,3.76,0.0,0.0,"During the next six months, do you think this business will be using Artificial Intelligence (AI) in any of its business functions? (Examples of AI: machine learning, natural language processing, virtual agents, voice recognition, etc.)",Do not know,AI future
107,8/10/2026 - 8/23/2026,,54,,,D,28.8,1.53,0.0,0.0,"During the next six months, do you think this business will be using Artificial Intelligence (AI) in any of its business functions? (Examples of AI: machine learning, natural language processing, virtual agents, voice recognition, etc.)",Do not know,AI future
107,8/10/2026 - 8/23/2026,,54,,,E,21.7,3.29,0.0,0.0,"During the next six months, do you think this business will be using Artificial Intelligence (AI) in any of its business functions? (Examples of AI: machine learning, natural language processing, virtual agents, voice recognition, etc.)",Do not know,AI future
107,8/10/2026 - 8/23/2026,,55,,,,30.1,8.86,0.0,0.0,"During the next six months, do you think this business will be using Artificial Intelligence (AI) in any of its business functions? (Examples of AI: machine learning, natural language processing, virtual agents, voice recognition, etc.)",Do not know,AI future
107,8/10/2026 - 8/23/2026,,55,,,A,24.2,11.92,0.0,0.0,"During the next six months, do you think this business will be using Artificial Intelligence (AI) in any of its business functions? (Examples of AI: machine learning, natural language processing, virtual agents, voice recognition, etc.)",Do not know,AI future
107,8/10/2026 - 8/23/2026,,55,,,C,,,0.0,0.0,"During the next six months, do you think this business will be using Artificial Intelligence (AI) in any of its business functions? (Examples of AI: machine learning, natural language processing, virtual agents, voice recognition, etc.)",Do not know,AI future
107,8/10/2026 - 8/23/2026,,55,,,D,55.3,27.13,0.0,0.0,"During the next six months, do you think this business will be using Artificial Intelligence (AI) in any of its business functions? (Examples of AI: machine learning, natural language processing, virtual agents, voice recognition, etc.)",Do not know,AI future
107,8/10/2026 - 8/23/2026,,56,,,B,23.5,2.83,0.0,0.0,"During the next six months, do you think this business will be using Artificial Intelligence (AI) in any of its business functions? (Examples of AI: machine learning, natural language processing, virtual agents, voice recognition, etc.)",Do not know,AI future
107,8/10/2026 - 8/23/2026,,56,,,D,23.7,2.13,0.0,0.0,"During the next six months, do you think this business will be using Artificial Intelligence (AI) in any of its business functions? (Examples of AI: machine learning, natural language processing, virtual agents, voice recognition, etc.)",Do not know,AI future
107,8/10/2026 - 8/23/2026,,56,,,F,38.1,8.92,0.0,0.0,"During the next six months, do you think this business will be using Artificial Intelligence (AI) in any of its business functions? (Examples of AI: machine learning, natural language processing, virtual agents, voice recognition, etc.)",Do not know,AI future
107,8/10/2026 - 8/23/2026,,56,,,,23.3,1.26,0.0,0.0,"During the next six months, do you think this business will be using Artificial Intelligence (AI) in any of its business functions? (Examples of AI: machine learning, natural language processing, virtual agents, voice recognition, etc.)",Do not know,AI future
107,8/10/2026 - 8/23/2026,,56,,,C,26.4,3.74,0.0,0.0,"During the next six months, do you think this business will be using Artificial Intelligence (AI) in any of its business functions? (Examples of AI: machine learning, natural language processing, virtual agents, voice recognition, etc.)",Do not know,AI future
107,8/10/2026 - 8/23/2026,,56,,,E,38.0,6.89,0.0,0.0,"During the next six months, do you think this business will be using Artificial Intelligence (AI) in any of its business functions? (Examples of AI: machine learning, natural language processing, virtual agents, voice recognition, etc.)",Do not know,AI future
107,8/10/2026 - 8/23/2026,,56,,,A,21.9,1.92,0.0,0.0,"During the next six months, do you think this business will be using Artificial Intelligence (AI) in any of its business functions? (Examples of AI: machine learning, natural language processing, virtual agents, voice recognition, etc.)",Do not know,AI future
107,8/10/2026 - 8/23/2026,,56,,,G,24.0,8.35,0.0,0.0,"During the next six months, do you think this business will be using Artificial Intelligence (AI) in any of its business functions? (Examples of AI: machine learning, natural language processing, virtual agents, voice recognition, etc.)",Do not know,AI future
107,8/10/2026 - 8/23/2026,,61,,,B,28.0,6.6,0.0,0.0,"During the next six months, do you think this business will be using Artificial Intelligence (AI) in any of its business functions? (Examples of AI: machine learning, natural language processing, virtual agents, voice recognition, etc.)",Do not know,AI future
107,8/10/2026 - 8/23/2026,,61,,,A,18.3,3.5,0.0,0.0,"During the next six months, do you think this business will be using Artificial Intelligence (AI) in any of its business functions? (Examples of AI: machine learning, natural language processing, virtual agents, voice recognition, etc.)",Do not know,AI future
107,8/10/2026 - 8/23/2026,,61,,,F,28.2,7.5,0.0,0.0,"During the next six months, do you think this business will be using Artificial Intelligence (AI) in any of its business functions? (Examples of AI: machine learning, natural language processing, virtual agents, voice recognition, etc.)",Do not know,AI future
107,8/10/2026 - 8/23/2026,,61,,,G,60.5,21.42,0.0,0.0,"During the next six months, do you think this business will be using Artificial Intelligence (AI) in any of its business functions? (Examples of AI: machine learning, natural language processing, virtual agents, voice recognition, etc.)",Do not know,AI future
107,8/10/2026 - 8/23/2026,,61,,,E,34.1,10.77,0.0,0.0,"During the next six months, do you think this business will be using Artificial Intelligence (AI) in any of its business functions? (Examples of AI: machine learning, natural language processing, virtual agents, voice recognition, etc.)",Do not know,AI future
107,8/10/2026 - 8/23/2026,,61,,,C,19.3,2.76,0.0,0.0,"During the next six months, do you think this business will be using Artificial Intelligence (AI) in any of its business functions? (Examples of AI: machine learning, natural language processing, virtual agents, voice recognition, etc.)",Do not know,AI future
107,8/10/2026 - 8/23/2026,,61,,,,22.5,2.7,0.0,0.0,"During the next six months, do you think this business will be using Artificial Intelligence (AI) in any of its business functions? (Examples of AI: machine learning, natural language processing, virtual agents, voice recognition, etc.)",Do not know,AI future
107,8/10/2026 - 8/23/2026,,61,,,D,26.8,6.0,0.0,0.0,"During the next six months, do you think this business will be using Artificial Intelligence (AI) in any of its business functions? (Examples of AI: machine learning, natural language processing, virtual agents, voice recognition, etc.)",Do not know,AI future
107,8/10/2026 - 8/23/2026,,62,,,,31.2,0.99,0.0,0.0,"During the next six months, do you think this business will be using Artificial Intelligence (AI) in any of its business functions? (Examples of AI: machine learning, natural language processing, virtual agents, voice recognition, etc.)",Do not know,AI future
107,8/10/2026 - 8/23/2026,,62,,,A,30.4,1.93,0.0,0.0,"During the next six months, do you think this business will be using Artificial Intelligence (AI) in any of its business functions? (Examples of AI: machine learning, natural language processing, virtual agents, voice recognition, etc.)",Do not know,AI future
107,8/10/2026 - 8/23/2026,,62,,,B,26.5,1.77,0.0,0.0,"During the next six months, do you think this business will be using Artificial Intelligence (AI) in any of its business functions? (Examples of AI: machine learning, natural language processing, virtual agents, voice recognition, etc.)",Do not know,AI future
107,8/10/2026 - 8/23/2026,,62,,,D,34.3,2.62,0.0,0.0,"During the next six months, do you think this business will be using Artificial Intelligence (AI) in any of its business functions? (Examples of AI: machine learning, natural language processing, virtual agents, voice recognition, etc.)",Do not know,AI future
107,8/10/2026 - 8/23/2026,,62,,,C,35.1,1.14,0.0,0.0,"During the next six months, do you think this business will be using Artificial Intelligence (AI) in any of its business functions? (Examples of AI: machine learning, natural language processing, virtual agents, voice recognition, etc.)",Do not know,AI future
107,8/10/2026 - 8/23/2026,,62,,,G,28.5,4.66,0.0,0.0,"During the next six months, do you think this business will be using Artificial Intelligence (AI) in any of its business functions? (Examples of AI: machine learning, natural language processing, virtual agents, voice recognition, etc.)",Do not know,AI future
107,8/10/2026 - 8/23/2026,,62,,,E,33.4,4.54,0.0,0.0,"During the next six months, do you think this business will be using Artificial Intelligence (AI) in any of its business functions? (Examples of AI: machine learning, natural language processing, virtual agents, voice recognition, etc.)",Do not know,AI future
107,8/10/2026 - 8/23/2026,,62,,,F,47.9,4.94,0.0,0.0,"During the next six months, do you think this business will be using Artificial Intelligence (AI) in any of its business functions? (Examples of AI: machine learning, natural language processing, virtual agents, voice recognition, etc.)",Do not know,AI future
107,8/10/2026 - 8/23/2026,,71,,,B,27.1,4.4,0.0,0.0,"During the next six months, do you think this business will be using Artificial Intelligence (AI) in any of its business functions? (Examples of AI: machine learning, natural language processing, virtual agents, voice recognition, etc.)",Do not know,AI future
107,8/10/2026 - 8/23/2026,,71,,,E,44.7,8.87,0.0,0.0,"During the next six months, do you think this business will be using Artificial Intelligence (AI) in any of its business functions? (Examples of AI: machine learning, natural language processing, virtual agents, voice recognition, etc.)",Do not know,AI future
107,8/10/2026 - 8/23/2026,,71,,,C,22.5,6.31,0.0,0.0,"During the next six months, do you think this business will be using Artificial Intelligence (AI) in any of its business functions? (Examples of AI: machine learning, natural language processing, virtual agents, voice recognition, etc.)",Do not know,AI future
107,8/10/2026 - 8/23/2026,,71,,,D,32.9,3.72,0.0,0.0,"During the next six months, do you think this business will be using Artificial Intelligence (AI) in any of its business functions? (Examples of AI: machine learning, natural language processing, virtual agents, voice recognition, etc.)",Do not know,AI future
107,8/10/2026 - 8/23/2026,,71,,,,30.6,1.53,0.0,0.0,"During the next six months, do you think this business will be using Artificial Intelligence (AI) in any of its business functions? (Examples of AI: machine learning, natural language processing, virtual agents, voice recognition, etc.)",Do not know,AI future
107,8/10/2026 - 8/23/2026,,71,,,A,32.0,1.94,0.0,0.0,"During the next six months, do you think this business will be using Artificial Intelligence (AI) in any of its business functions? (Examples of AI: machine learning, natural language processing, virtual agents, voice recognition, etc.)",Do not know,AI future
107,8/10/2026 - 8/23/2026,,71,,,F,,,0.0,0.0,"During the next six months, do you think this business will be using Artificial Intelligence (AI) in any of its business functions? (Examples of AI: machine learning, natural language processing, virtual agents, voice recognition, etc.)",Do not know,AI future
107,8/10/2026 - 8/23/2026,,71,,,G,28.3,14.0,0.0,0.0,"During the next six months, do you think this business will be using Artificial Intelligence (AI) in any of its business functions? (Examples of AI: machine learning, natural language processing, virtual agents, voice recognition, etc.)",Do not know,AI future
107,8/10/2026 - 8/23/2026,,72,,,,27.8,1.1,0.0,0.0,"During the next six months, do you think this business will be using Artificial Intelligence (AI) in any of its business functions? (Examples of AI: machine learning, natural language processing, virtual agents, voice recognition, etc.)",Do not know,AI future
107,8/10/2026 - 8/23/2026,,72,,,B,26.6,1.86,0.0,0.0,"During the next six months, do you think this business will be using Artificial Intelligence (AI) in any of its business functions? (Examples of AI: machine learning, natural language processing, virtual agents, voice recognition, etc.)",Do not know,AI future
107,8/10/2026 - 8/23/2026,,72,,,G,34.6,7.46,0.0,0.0,"During the next six months, do you think this business will be using Artificial Intelligence (AI) in any of its business functions? (Examples of AI: machine learning, natural language processing, virtual agents, voice recognition, etc.)",Do not know,AI future
107,8/10/2026 - 8/23/2026,,72,,,F,30.7,4.07,0.0,0.0,"During the next six months, do you think this business will be using Artificial Intelligence (AI) in any of its business functions? (Examples of AI: machine learning, natural language processing, virtual agents, voice recognition, etc.)",Do not know,AI future
107,8/10/2026 - 8/23/2026,,72,,,D,28.6,1.66,0.0,0.0,"During the next six months, do you think this business will be using Artificial Intelligence (AI) in any of its business functions? (Examples of AI: machine learning, natural language processing, virtual agents, voice recognition, etc.)",Do not know,AI future
107,8/10/2026 - 8/23/2026,,72,,,E,28.2,4.26,0.0,0.0,"During the next six months, do you think this business will be using Artificial Intelligence (AI) in any of its business functions? (Examples of AI: machine learning, natural language processing, virtual agents, voice recognition, etc.)",Do not know,AI future
107,8/10/2026 - 8/23/2026,,72,,,A,29.9,2.22,0.0,0.0,"During the next six months, do you think this business will be using Artificial Intelligence (AI) in any of its business functions? (Examples of AI: machine learning, natural language processing, virtual agents, voice recognition, etc.)",Do not know,AI future
107,8/10/2026 - 8/23/2026,,72,,,C,24.4,2.35,0.0,0.0,"During the next six months, do you think this business will be using Artificial Intelligence (AI) in any of its business functions? (Examples of AI: machine learning, natural language processing, virtual agents, voice recognition, etc.)",Do not know,AI future
107,8/10/2026 - 8/23/2026,,81,,,,23.0,0.88,0.0,0.0,"During the next six months, do you think this business will be using Artificial Intelligence (AI) in any of its business functions? (Examples of AI: machine learning, natural language processing, virtual agents, voice recognition, etc.)",Do not know,AI future
107,8/10/2026 - 8/23/2026,,81,,,G,,,0.0,0.0,"During the next six months, do you think this business will be using Artificial Intelligence (AI) in any of its business functions? (Examples of AI: machine learning, natural language processing, virtual agents, voice recognition, etc.)",Do not know,AI future
107,8/10/2026 - 8/23/2026,,81,,,D,24.9,3.08,0.0,0.0,"During the next six months, do you think this business will be using Artificial Intelligence (AI) in any of its business functions? (Examples of AI: machine learning, natural language processing, virtual agents, voice recognition, etc.)",Do not know,AI future
107,8/10/2026 - 8/23/2026,,81,,,C,27.2,2.77,0.0,0.0,"During the next six months, do you think this business will be using Artificial Intelligence (AI) in any of its business functions? (Examples of AI: machine learning, natural language processing, virtual agents, voice recognition, etc.)",Do not know,AI future
107,8/10/2026 - 8/23/2026,,81,,,B,23.7,1.92,0.0,0.0,"During the next six months, do you think this business will be using Artificial Intelligence (AI) in any of its business functions? (Examples of AI: machine learning, natural language processing, virtual agents, voice recognition, etc.)",Do not know,AI future
107,8/10/2026 - 8/23/2026,,81,,,E,25.3,8.32,0.0,0.0,"During the next six months, do you think this business will be using Artificial Intelligence (AI) in any of its business functions? (Examples of AI: machine learning, natural language processing, virtual agents, voice recognition, etc.)",Do not know,AI future
107,8/10/2026 - 8/23/2026,,81,,,A,22.1,1.11,0.0,0.0,"During the next six months, do you think this business will be using Artificial Intelligence (AI) in any of its business functions? (Examples of AI: machine learning, natural language processing, virtual agents, voice recognition, etc.)",Do not know,AI future
107,8/10/2026 - 8/23/2026,,81,,,F,,,0.0,0.0,"During the next six months, do you think this business will be using Artificial Intelligence (AI) in any of its business functions? (Examples of AI: machine learning, natural language processing, virtual agents, voice recognition, etc.)",Do not know,AI future
107,8/10/2026 - 8/23/2026,,XX,,,B,33.4,14.72,0.0,0.0,"During the next six months, do you think this business will be using Artificial Intelligence (AI) in any of its business functions? (Examples of AI: machine learning, natural language processing, virtual agents, voice recognition, etc.)",Do not know,AI future
107,8/10/2026 - 8/23/2026,,XX,,,F,35.8,6.16,0.0,0.0,"During the next six months, do you think this business will be using Artificial Intelligence (AI) in any of its business functions? (Examples of AI: machine learning, natural language processing, virtual agents, voice recognition, etc.)",Do not know,AI future
107,8/10/2026 - 8/23/2026,,XX,,,G,34.2,3.26,0.0,0.0,"During the next six months, do you think this business will be using Artificial Intelligence (AI) in any of its business functions? (Examples of AI: machine learning, natural language processing, virtual agents, voice recognition, etc.)",Do not know,AI future
107,8/10/2026 - 8/23/2026,,XX,,,D,18.6,4.91,0.0,0.0,"During the next six months, do you think this business will be using Artificial Intelligence (AI) in any of its business functions? (Examples of AI: machine learning, natural language processing, virtual agents, voice recognition, etc.)",Do not know,AI future
107,8/10/2026 - 8/23/2026,,XX,,,C,24.1,6.66,0.0,0.0,"During the next six months, do you think this business will be using Artificial Intelligence (AI) in any of its business functions? (Examples of AI: machine learning, natural language processing, virtual agents, voice recognition, etc.)",Do not know,AI future
107,8/10/2026 - 8/23/2026,,XX,,,,29.2,2.41,0.0,0.0,"During the next six months, do you think this business will be using Artificial Intelligence (AI) in any of its business functions? (Examples of AI: machine learning, natural language processing, virtual agents, voice recognition, etc.)",Do not know,AI future
107,8/10/2026 - 8/23/2026,,XX,,,E,26.1,4.01,0.0,0.0,"During the next six months, do you think this business will be using Artificial Intelligence (AI) in any of its business functions? (Examples of AI: machine learning, natural language processing, virtual agents, voice recognition, etc.)",Do not know,AI future
107,8/10/2026 - 8/23/2026,,,,113,,,,0.0,0.0,"During the next six months, do you think this business will be using Artificial Intelligence (AI) in any of its business functions? (Examples of AI: machine learning, natural language processing, virtual agents, voice recognition, etc.)",Do not know,AI future
107,8/10/2026 - 8/23/2026,,,,114,,44.7,20.06,0.0,0.0,"During the next six months, do you think this business will be using Artificial Intelligence (AI) in any of its business functions? (Examples of AI: machine learning, natural language processing, virtual agents, voice recognition, etc.)",Do not know,AI future
107,8/10/2026 - 8/23/2026,,,,115,,46.8,10.94,0.0,0.0,"During the next six months, do you think this business will be using Artificial Intelligence (AI) in any of its business functions? (Examples of AI: machine learning, natural language processing, virtual agents, voice recognition, etc.)",Do not know,AI future
107,8/10/2026 - 8/23/2026,,,,211,,,,0.0,0.0,"During the next six months, do you think this business will be using Artificial Intelligence (AI) in any of its business functions? (Examples of AI: machine learning, natural language processing, virtual agents, voice recognition, etc.)",Do not know,AI future
107,8/10/2026 - 8/23/2026,,,,212,,28.4,13.87,0.0,0.0,"During the next six months, do you think this business will be using Artificial Intelligence (AI) in any of its business functions? (Examples of AI: machine learning, natural language processing, virtual agents, voice recognition, etc.)",Do not know,AI future
107,8/10/2026 - 8/23/2026,,,,213,,22.9,7.96,0.0,0.0,"During the next six months, do you think this business will be using Artificial Intelligence (AI) in any of its business functions? (Examples of AI: machine learning, natural language processing, virtual agents, voice recognition, etc.)",Do not know,AI future
107,8/10/2026 - 8/23/2026,,,,221,,26.5,4.1,0.0,0.0,"During the next six months, do you think this business will be using Artificial Intelligence (AI) in any of its business functions? (Examples of AI: machine learning, natural language processing, virtual agents, voice recognition, etc.)",Do not know,AI future
107,8/10/2026 - 8/23/2026,,,,236,,24.7,1.95,0.0,0.0,"During the next six months, do you think this business will be using Artificial Intelligence (AI) in any of its business functions? (Examples of AI: machine learning, natural language processing, virtual agents, voice recognition, etc.)",Do not know,AI future
107,8/10/2026 - 8/23/2026,,,,237,,24.1,5.19,0.0,0.0,"During the next six months, do you think this business will be using Artificial Intelligence (AI) in any of its business functions? (Examples of AI: machine learning, natural language processing, virtual agents, voice recognition, etc.)",Do not know,AI future
107,8/10/2026 - 8/23/2026,,,,238,,24.0,1.88,0.0,0.0,"During the next six months, do you think this business will be using Artificial Intelligence (AI) in any of its business functions? (Examples of AI: machine learning, natural language processing, virtual agents, voice recognition, etc.)",Do not know,AI future
107,8/10/2026 - 8/23/2026,,,,23X,,,,0.0,0.0,"During the next six months, do you think this business will be using Artificial Intelligence (AI) in any of its business functions? (Examples of AI: machine learning, natural language processing, virtual agents, voice recognition, etc.)",Do not know,AI future
107,8/10/2026 - 8/23/2026,,,,311,,18.8,2.64,0.0,0.0,"During the next six months, do you think this business will be using Artificial Intelligence (AI) in any of its business functions? (Examples of AI: machine learning, natural language processing, virtual agents, voice recognition, etc.)",Do not know,AI future
107,8/10/2026 - 8/23/2026,,,,312,,23.6,5.02,0.0,0.0,"During the next six months, do you think this business will be using Artificial Intelligence (AI) in any of its business functions? (Examples of AI: machine learning, natural language processing, virtual agents, voice recognition, etc.)",Do not know,AI future
107,8/10/2026 - 8/23/2026,,,,313,,,,0.0,0.0,"During the next six months, do you think this business will be using Artificial Intelligence (AI) in any of its business functions? (Examples of AI: machine learning, natural language processing, virtual agents, voice recognition, etc.)",Do not know,AI future
107,8/10/2026 - 8/23/2026,,,,314,,21.8,7.92,0.0,0.0,"During the next six months, do you think this business will be using Artificial Intelligence (AI) in any of its business functions? (Examples of AI: machine learning, natural language processing, virtual agents, voice recognition, etc.)",Do not know,AI future
107,8/10/2026 - 8/23/2026,,,,315,,26.2,6.29,0.0,0.0,"During the next six months, do you think this business will be using Artificial Intelligence (AI) in any of its business functions? (Examples of AI: machine learning, natural language processing, virtual agents, voice recognition, etc.)",Do not know,AI future
107,8/10/2026 - 8/23/2026,,,,316,,,,0.0,0.0,"During the next six months, do you think this business will be using Artificial Intelligence (AI) in any of its business functions? (Examples of AI: machine learning, natural language processing, virtual agents, voice recognition, etc.)",Do not know,AI future
107,8/10/2026 - 8/23/2026,,,,31X,,26.7,9.75,0.0,0.0,"During the next six months, do you think this business will be using Artificial Intelligence (AI) in any of its business functions? (Examples of AI: machine learning, natural language processing, virtual agents, voice recognition, etc.)",Do not know,AI future
107,8/10/2026 - 8/23/2026,,,,321,,17.9,2.38,0.0,0.0,"During the next six months, do you think this business will be using Artificial Intelligence (AI) in any of its business functions? (Examples of AI: machine learning, natural language processing, virtual agents, voice recognition, etc.)",Do not know,AI future
107,8/10/2026 - 8/23/2026,,,,322,,,,0.0,0.0,"During the next six months, do you think this business will be using Artificial Intelligence (AI) in any of its business functions? (Examples of AI: machine learning, natural language processing, virtual agents, voice recognition, etc.)",Do not know,AI future
107,8/10/2026 - 8/23/2026,,,,323,,21.6,4.84,0.0,0.0,"During the next six months, do you think this business will be using Artificial Intelligence (AI) in any of its business functions? (Examples of AI: machine learning, natural language processing, virtual agents, voice recognition, etc.)",Do not know,AI future
107,8/10/2026 - 8/23/2026,,,,324,,,,0.0,0.0,"During the next six months, do you think this business will be using Artificial Intelligence (AI) in any of its business functions? (Examples of AI: machine learning, natural language processing, virtual agents, voice recognition, etc.)",Do not know,AI future
107,8/10/2026 - 8/23/2026,,,,325,,21.3,4.06,0.0,0.0,"During the next six months, do you think this business will be using Artificial Intelligence (AI) in any of its business functions? (Examples of AI: machine learning, natural language processing, virtual agents, voice recognition, etc.)",Do not know,AI future
107,8/10/2026 - 8/23/2026,,,,326,,25.0,3.22,0.0,0.0,"During the next six months, do you think this business will be using Artificial Intelligence (AI) in any of its business functions? (Examples of AI: machine learning, natural language processing, virtual agents, voice recognition, etc.)",Do not know,AI future
107,8/10/2026 - 8/23/2026,,,,327,,25.6,3.92,0.0,0.0,"During the next six months, do you think this business will be using Artificial Intelligence (AI) in any of its business functions? (Examples of AI: machine learning, natural language processing, virtual agents, voice recognition, etc.)",Do not know,AI future
107,8/10/2026 - 8/23/2026,,,,331,,26.2,9.67,0.0,0.0,"During the next six months, do you think this business will be using Artificial Intelligence (AI) in any of its business functions? (Examples of AI: machine learning, natural language processing, virtual agents, voice recognition, etc.)",Do not know,AI future
107,8/10/2026 - 8/23/2026,,,,332,,22.6,2.32,0.0,0.0,"During the next six months, do you think this business will be using Artificial Intelligence (AI) in any of its business functions? (Examples of AI: machine learning, natural language processing, virtual agents, voice recognition, etc.)",Do not know,AI future
107,8/10/2026 - 8/23/2026,,,,333,,27.7,3.41,0.0,0.0,"During the next six months, do you think this business will be using Artificial Intelligence (AI) in any of its business functions? (Examples of AI: machine learning, natural language processing, virtual agents, voice recognition, etc.)",Do not know,AI future
107,8/10/2026 - 8/23/2026,,,,334,,18.9,5.32,0.0,0.0,"During the next six months, do you think this business will be using Artificial Intelligence (AI) in any of its business functions? (Examples of AI: machine learning, natural language processing, virtual agents, voice recognition, etc.)",Do not know,AI future
107,8/10/2026 - 8/23/2026,,,,335,,25.6,10.74,0.0,0.0,"During the next six months, do you think this business will be using Artificial Intelligence (AI) in any of its business functions? (Examples of AI: machine learning, natural language processing, virtual agents, voice recognition, etc.)",Do not know,AI future
107,8/10/2026 - 8/23/2026,,,,336,,30.2,5.99,0.0,0.0,"During the next six months, do you think this business will be using Artificial Intelligence (AI) in any of its business functions? (Examples of AI: machine learning, natural language processing, virtual agents, voice recognition, etc.)",Do not know,AI future
107,8/10/2026 - 8/23/2026,,,,337,,22.1,3.06,0.0,0.0,"During the next six months, do you think this business will be using Artificial Intelligence (AI) in any of its business functions? (Examples of AI: machine learning, natural language processing, virtual agents, voice recognition, etc.)",Do not know,AI future
107,8/10/2026 - 8/23/2026,,,,339,,21.0,3.83,0.0,0.0,"During the next six months, do you think this business will be using Artificial Intelligence (AI) in any of its business functions? (Examples of AI: machine learning, natural language processing, virtual agents, voice recognition, etc.)",Do not know,AI future
107,8/10/2026 - 8/23/2026,,,,423,,29.5,1.42,0.0,0.0,"During the next six months, do you think this business will be using Artificial Intelligence (AI) in any of its business functions? (Examples of AI: machine learning, natural language processing, virtual agents, voice recognition, etc.)",Do not know,AI future
107,8/10/2026 - 8/23/2026,,,,424,,25.9,2.26,0.0,0.0,"During the next six months, do you think this business will be using Artificial Intelligence (AI) in any of its business functions? (Examples of AI: machine learning, natural language processing, virtual agents, voice recognition, etc.)",Do not know,AI future
107,8/10/2026 - 8/23/2026,,,,425,,31.1,3.18,0.0,0.0,"During the next six months, do you think this business will be using Artificial Intelligence (AI) in any of its business functions? (Examples of AI: machine learning, natural language processing, virtual agents, voice recognition, etc.)",Do not know,AI future
107,8/10/2026 - 8/23/2026,,,,42X,,87.1,14.13,0.0,0.0,"During the next six months, do you think this business will be using Artificial Intelligence (AI) in any of its business functions? (Examples of AI: machine learning, natural language processing, virtual agents, voice recognition, etc.)",Do not know,AI future
107,8/10/2026 - 8/23/2026,,,,440,,,,0.0,0.0,"During the next six months, do you think this business will be using Artificial Intelligence (AI) in any of its business functions? (Examples of AI: machine learning, natural language processing, virtual agents, voice recognition, etc.)",Do not know,AI future
107,8/10/2026 - 8/23/2026,,,,441,,30.7,2.64,0.0,0.0,"During the next six months, do you think this business will be using Artificial Intelligence (AI) in any of its business functions? (Examples of AI: machine learning, natural language processing, virtual agents, voice recognition, etc.)",Do not know,AI future
107,8/10/2026 - 8/23/2026,,,,444,,26.9,3.81,0.0,0.0,"During the next six months, do you think this business will be using Artificial Intelligence (AI) in any of its business functions? (Examples of AI: machine learning, natural language processing, virtual agents, voice recognition, etc.)",Do not know,AI future
107,8/10/2026 - 8/23/2026,,,,445,,25.5,3.36,0.0,0.0,"During the next six months, do you think this business will be using Artificial Intelligence (AI) in any of its business functions? (Examples of AI: machine learning, natural language processing, virtual agents, voice recognition, etc.)",Do not know,AI future
107,8/10/2026 - 8/23/2026,,,,449,,29.9,0.8,0.0,0.0,"During the next six months, do you think this business will be using Artificial Intelligence (AI) in any of its business functions? (Examples of AI: machine learning, natural language processing, virtual agents, voice recognition, etc.)",Do not know,AI future
107,8/10/2026 - 8/23/2026,,,,44X,,,,0.0,0.0,"During the next six months, do you think this business will be using Artificial Intelligence (AI) in any of its business functions? (Examples of AI: machine learning, natural language processing, virtual agents, voice recognition, etc.)",Do not know,AI future
107,8/10/2026 - 8/23/2026,,,,455,,28.5,5.83,0.0,0.0,"During the next six months, do you think this business will be using Artificial Intelligence (AI) in any of its business functions? (Examples of AI: machine learning, natural language processing, virtual agents, voice recognition, etc.)",Do not know,AI future
107,8/10/2026 - 8/23/2026,,,,456,,27.9,3.32,0.0,0.0,"During the next six months, do you think this business will be using Artificial Intelligence (AI) in any of its business functions? (Examples of AI: machine learning, natural language processing, virtual agents, voice recognition, etc.)",Do not know,AI future
107,8/10/2026 - 8/23/2026,,,,457,,26.1,4.05,0.0,0.0,"During the next six months, do you think this business will be using Artificial Intelligence (AI) in any of its business functions? (Examples of AI: machine learning, natural language processing, virtual agents, voice recognition, etc.)",Do not know,AI future
107,8/10/2026 - 8/23/2026,,,,458,,24.9,2.92,0.0,0.0,"During the next six months, do you think this business will be using Artificial Intelligence (AI) in any of its business functions? (Examples of AI: machine learning, natural language processing, virtual agents, voice recognition, etc.)",Do not know,AI future
107,8/10/2026 - 8/23/2026,,,,459,,23.0,1.06,0.0,0.0,"During the next six months, do you think this business will be using Artificial Intelligence (AI) in any of its business functions? (Examples of AI: machine learning, natural language processing, virtual agents, voice recognition, etc.)",Do not know,AI future
107,8/10/2026 - 8/23/2026,,,,481,,67.5,17.91,0.0,0.0,"During the next six months, do you think this business will be using Artificial Intelligence (AI) in any of its business functions? (Examples of AI: machine learning, natural language processing, virtual agents, voice recognition, etc.)",Do not know,AI future
107,8/10/2026 - 8/23/2026,,,,483,,,,0.0,0.0,"During the next six months, do you think this business will be using Artificial Intelligence (AI) in any of its business functions? (Examples of AI: machine learning, natural language processing, virtual agents, voice recognition, etc.)",Do not know,AI future
107,8/10/2026 - 8/23/2026,,,,484,,23.8,1.53,0.0,0.0,"During the next six months, do you think this business will be using Artificial Intelligence (AI) in any of its business functions? (Examples of AI: machine learning, natural language processing, virtual agents, voice recognition, etc.)",Do not know,AI future
107,8/10/2026 - 8/23/2026,,,,485,,21.1,5.08,0.0,0.0,"During the next six months, do you think this business will be using Artificial Intelligence (AI) in any of its business functions? (Examples of AI: machine learning, natural language processing, virtual agents, voice recognition, etc.)",Do not know,AI future
107,8/10/2026 - 8/23/2026,,,,487,,,,0.0,0.0,"During the next six months, do you think this business will be using Artificial Intelligence (AI) in any of its business functions? (Examples of AI: machine learning, natural language processing, virtual agents, voice recognition, etc.)",Do not know,AI future
107,8/10/2026 - 8/23/2026,,,,488,,28.6,3.23,0.0,0.0,"During the next six months, do you think this business will be using Artificial Intelligence (AI) in any of its business functions? (Examples of AI: machine learning, natural language processing, virtual agents, voice recognition, etc.)",Do not know,AI future
107,8/10/2026 - 8/23/2026,,,,48X,,,,0.0,0.0,"During the next six months, do you think this business will be using Artificial Intelligence (AI) in any of its business functions? (Examples of AI: machine learning, natural language processing, virtual agents, voice recognition, etc.)",Do not know,AI future
107,8/10/2026 - 8/23/2026,,,,492,,22.6,5.24,0.0,0.0,"During the next six months, do you think this business will be using Artificial Intelligence (AI) in any of its business functions? (Examples of AI: machine learning, natural language processing, virtual agents, voice recognition, etc.)",Do not know,AI future
107,8/10/2026 - 8/23/2026,,,,493,,26.5,11.25,0.0,0.0,"During the next six months, do you think this business will be using Artificial Intelligence (AI) in any of its business functions? (Examples of AI: machine learning, natural language processing, virtual agents, voice recognition, etc.)",Do not know,AI future
107,8/10/2026 - 8/23/2026,,,,512,,25.9,2.8,0.0,0.0,"During the next six months, do you think this business will be using Artificial Intelligence (AI) in any of its business functions? (Examples of AI: machine learning, natural language processing, virtual agents, voice recognition, etc.)",Do not know,AI future
107,8/10/2026 - 8/23/2026,,,,513,,20.5,2.5,0.0,0.0,"During the next six months, do you think this business will be using Artificial Intelligence (AI) in any of its business functions? (Examples of AI: machine learning, natural language processing, virtual agents, voice recognition, etc.)",Do not know,AI future
107,8/10/2026 - 8/23/2026,,,,516,,24.0,7.06,0.0,0.0,"During the next six months, do you think this business will be using Artificial Intelligence (AI) in any of its business functions? (Examples of AI: machine learning, natural language processing, virtual agents, voice recognition, etc.)",Do not know,AI future
107,8/10/2026 - 8/23/2026,,,,517,,33.5,10.9,0.0,0.0,"During the next six months, do you think this business will be using Artificial Intelligence (AI) in any of its business functions? (Examples of AI: machine learning, natural language processing, virtual agents, voice recognition, etc.)",Do not know,AI future
107,8/10/2026 - 8/23/2026,,,,518,,33.3,8.09,0.0,0.0,"During the next six months, do you think this business will be using Artificial Intelligence (AI) in any of its business functions? (Examples of AI: machine learning, natural language processing, virtual agents, voice recognition, etc.)",Do not know,AI future
107,8/10/2026 - 8/23/2026,,,,519,,27.5,13.49,0.0,0.0,"During the next six months, do you think this business will be using Artificial Intelligence (AI) in any of its business functions? (Examples of AI: machine learning, natural language processing, virtual agents, voice recognition, etc.)",Do not know,AI future
107,8/10/2026 - 8/23/2026,,,,522,,32.7,2.8,0.0,0.0,"During the next six months, do you think this business will be using Artificial Intelligence (AI) in any of its business functions? (Examples of AI: machine learning, natural language processing, virtual agents, voice recognition, etc.)",Do not know,AI future
107,8/10/2026 - 8/23/2026,,,,523,,27.1,1.96,0.0,0.0,"During the next six months, do you think this business will be using Artificial Intelligence (AI) in any of its business functions? (Examples of AI: machine learning, natural language processing, virtual agents, voice recognition, etc.)",Do not know,AI future
107,8/10/2026 - 8/23/2026,,,,524,,27.1,2.06,0.0,0.0,"During the next six months, do you think this business will be using Artificial Intelligence (AI) in any of its business functions? (Examples of AI: machine learning, natural language processing, virtual agents, voice recognition, etc.)",Do not know,AI future
107,8/10/2026 - 8/23/2026,,,,52X,,47.5,11.83,0.0,0.0,"During the next six months, do you think this business will be using Artificial Intelligence (AI) in any of its business functions? (Examples of AI: machine learning, natural language processing, virtual agents, voice recognition, etc.)",Do not know,AI future
107,8/10/2026 - 8/23/2026,,,,531,,30.2,1.21,0.0,0.0,"During the next six months, do you think this business will be using Artificial Intelligence (AI) in any of its business functions? (Examples of AI: machine learning, natural language processing, virtual agents, voice recognition, etc.)",Do not know,AI future
107,8/10/2026 - 8/23/2026,,,,532,,22.1,3.95,0.0,0.0,"During the next six months, do you think this business will be using Artificial Intelligence (AI) in any of its business functions? (Examples of AI: machine learning, natural language processing, virtual agents, voice recognition, etc.)",Do not know,AI future
107,8/10/2026 - 8/23/2026,,,,533,,,,0.0,0.0,"During the next six months, do you think this business will be using Artificial Intelligence (AI) in any of its business functions? (Examples of AI: machine learning, natural language processing, virtual agents, voice recognition, etc.)",Do not know,AI future
107,8/10/2026 - 8/23/2026,,,,541,,24.4,0.85,0.0,0.0,"During the next six months, do you think this business will be using Artificial Intelligence (AI) in any of its business functions? (Examples of AI: machine learning, natural language processing, virtual agents, voice recognition, etc.)",Do not know,AI future
107,8/10/2026 - 8/23/2026,,,,551,,30.1,8.86,0.0,0.0,"During the next six months, do you think this business will be using Artificial Intelligence (AI) in any of its business functions? (Examples of AI: machine learning, natural language processing, virtual agents, voice recognition, etc.)",Do not know,AI future
107,8/10/2026 - 8/23/2026,,,,561,,22.5,1.21,0.0,0.0,"During the next six months, do you think this business will be using Artificial Intelligence (AI) in any of its business functions? (Examples of AI: machine learning, natural language processing, virtual agents, voice recognition, etc.)",Do not know,AI future
107,8/10/2026 - 8/23/2026,,,,562,,34.6,8.72,0.0,0.0,"During the next six months, do you think this business will be using Artificial Intelligence (AI) in any of its business functions? (Examples of AI: machine learning, natural language processing, virtual agents, voice recognition, etc.)",Do not know,AI future
107,8/10/2026 - 8/23/2026,,,,611,,22.5,2.7,0.0,0.0,"During the next six months, do you think this business will be using Artificial Intelligence (AI) in any of its business functions? (Examples of AI: machine learning, natural language processing, virtual agents, voice recognition, etc.)",Do not know,AI future
107,8/10/2026 - 8/23/2026,,,,620,,,,0.0,0.0,"During the next six months, do you think this business will be using Artificial Intelligence (AI) in any of its business functions? (Examples of AI: machine learning, natural language processing, virtual agents, voice recognition, etc.)",Do not know,AI future
107,8/10/2026 - 8/23/2026,,,,621,,31.1,1.08,0.0,0.0,"During the next six months, do you think this business will be using Artificial Intelligence (AI) in any of its business functions? (Examples of AI: machine learning, natural language processing, virtual agents, voice recognition, etc.)",Do not know,AI future
107,8/10/2026 - 8/23/2026,,,,622,,,,0.0,0.0,"During the next six months, do you think this business will be using Artificial Intelligence (AI) in any of its business functions? (Examples of AI: machine learning, natural language processing, virtual agents, voice recognition, etc.)",Do not know,AI future
107,8/10/2026 - 8/23/2026,,,,623,,32.7,3.98,0.0,0.0,"During the next six months, do you think this business will be using Artificial Intelligence (AI) in any of its business functions? (Examples of AI: machine learning, natural language processing, virtual agents, voice recognition, etc.)",Do not know,AI future
107,8/10/2026 - 8/23/2026,,,,624,,30.8,1.61,0.0,0.0,"During the next six months, do you think this business will be using Artificial Intelligence (AI) in any of its business functions? (Examples of AI: machine learning, natural language processing, virtual agents, voice recognition, etc.)",Do not know,AI future
107,8/10/2026 - 8/23/2026,,,,62X,,22.8,7.81,0.0,0.0,"During the next six months, do you think this business will be using Artificial Intelligence (AI) in any of its business functions? (Examples of AI: machine learning, natural language processing, virtual agents, voice recognition, etc.)",Do not know,AI future
107,8/10/2026 - 8/23/2026,,,,710,,,,0.0,0.0,"During the next six months, do you think this business will be using Artificial Intelligence (AI) in any of its business functions? (Examples of AI: machine learning, natural language processing, virtual agents, voice recognition, etc.)",Do not know,AI future
107,8/10/2026 - 8/23/2026,,,,711,,36.4,2.27,0.0,0.0,"During the next six months, do you think this business will be using Artificial Intelligence (AI) in any of its business functions? (Examples of AI: machine learning, natural language processing, virtual agents, voice recognition, etc.)",Do not know,AI future
107,8/10/2026 - 8/23/2026,,,,712,,22.7,4.91,0.0,0.0,"During the next six months, do you think this business will be using Artificial Intelligence (AI) in any of its business functions? (Examples of AI: machine learning, natural language processing, virtual agents, voice recognition, etc.)",Do not know,AI future
107,8/10/2026 - 8/23/2026,,,,713,,25.2,2.71,0.0,0.0,"During the next six months, do you think this business will be using Artificial Intelligence (AI) in any of its business functions? (Examples of AI: machine learning, natural language processing, virtual agents, voice recognition, etc.)",Do not know,AI future
107,8/10/2026 - 8/23/2026,,,,71X,,,,0.0,0.0,"During the next six months, do you think this business will be using Artificial Intelligence (AI) in any of its business functions? (Examples of AI: machine learning, natural language processing, virtual agents, voice recognition, etc.)",Do not know,AI future
107,8/10/2026 - 8/23/2026,,,,721,,34.1,3.46,0.0,0.0,"During the next six months, do you think this business will be using Artificial Intelligence (AI) in any of its business functions? (Examples of AI: machine learning, natural language processing, virtual agents, voice recognition, etc.)",Do not know,AI future
107,8/10/2026 - 8/23/2026,,,,722,,26.7,1.18,0.0,0.0,"During the next six months, do you think this business will be using Artificial Intelligence (AI) in any of its business functions? (Examples of AI: machine learning, natural language processing, virtual agents, voice recognition, etc.)",Do not know,AI future
107,8/10/2026 - 8/23/2026,,,,811,,20.5,1.43,0.0,0.0,"During the next six months, do you think this business will be using Artificial Intelligence (AI) in any of its business functions? (Examples of AI: machine learning, natural language processing, virtual agents, voice recognition, etc.)",Do not know,AI future
107,8/10/2026 - 8/23/2026,,,,812,,25.9,1.52,0.0,0.0,"During the next six months, do you think this business will be using Artificial Intelligence (AI) in any of its business functions? (Examples of AI: machine learning, natural language processing, virtual agents, voice recognition, etc.)",Do not know,AI future
107,8/10/2026 - 8/23/2026,,,,XXX,,29.2,2.41,0.0,0.0,"During the next six months, do you think this business will be using Artificial Intelligence (AI) in any of its business functions? (Examples of AI: machine learning, natural language processing, virtual agents, voice recognition, etc.)",Do not know,AI future
107,8/10/2026 - 8/23/2026,,,12060.0,,,28.2,2.38,0.0,0.0,"During the next six months, do you think this business will be using Artificial Intelligence (AI) in any of its business functions? (Examples of AI: machine learning, natural language processing, virtual agents, voice recognition, etc.)",Do not know,AI future
107,8/10/2026 - 8/23/2026,,,12580.0,,,21.2,4.6,0.0,0.0,"During the next six months, do you think this business will be using Artificial Intelligence (AI) in any of its business functions? (Examples of AI: machine learning, natural language processing, virtual agents, voice recognition, etc.)",Do not know,AI future
107,8/10/2026 - 8/23/2026,,,14460.0,,,29.8,2.29,0.0,0.0,"During the next six months, do you think this business will be using Artificial Intelligence (AI) in any of its business functions? (Examples of AI: machine learning, natural language processing, virtual agents, voice recognition, etc.)",Do not know,AI future
107,8/10/2026 - 8/23/2026,,,16740.0,,,29.3,3.64,0.0,0.0,"During the next six months, do you think this business will be using Artificial Intelligence (AI) in any of its business functions? (Examples of AI: machine learning, natural language processing, virtual agents, voice recognition, etc.)",Do not know,AI future
107,8/10/2026 - 8/23/2026,,,16980.0,,,33.8,2.81,0.0,0.0,"During the next six months, do you think this business will be using Artificial Intelligence (AI) in any of its business functions? (Examples of AI: machine learning, natural language processing, virtual agents, voice recognition, etc.)",Do not know,AI future
107,8/10/2026 - 8/23/2026,,,19100.0,,,22.7,2.07,0.0,0.0,"During the next six months, do you think this business will be using Artificial Intelligence (AI) in any of its business functions? (Examples of AI: machine learning, natural language processing, virtual agents, voice recognition, etc.)",Do not know,AI future
107,8/10/2026 - 8/23/2026,,,19740.0,,,23.5,3.09,0.0,0.0,"During the next six months, do you think this business will be using Artificial Intelligence (AI) in any of its business functions? (Examples of AI: machine learning, natural language processing, virtual agents, voice recognition, etc.)",Do not know,AI future
107,8/10/2026 - 8/23/2026,,,19820.0,,,30.1,2.9,0.0,0.0,"During the next six months, do you think this business will be using Artificial Intelligence (AI) in any of its business functions? (Examples of AI: machine learning, natural language processing, virtual agents, voice recognition, etc.)",Do not know,AI future
107,8/10/2026 - 8/23/2026,,,26420.0,,,21.9,2.33,0.0,0.0,"During the next six months, do you think this business will be using Artificial Intelligence (AI) in any of its business functions? (Examples of AI: machine learning, natural language processing, virtual agents, voice recognition, etc.)",Do not know,AI future
107,8/10/2026 - 8/23/2026,,,31080.0,,,31.5,0.85,0.0,0.0,"During the next six months, do you think this business will be using Artificial Intelligence (AI) in any of its business functions? (Examples of AI: machine learning, natural language processing, virtual agents, voice recognition, etc.)",Do not know,AI future
107,8/10/2026 - 8/23/2026,,,33100.0,,,25.0,2.0,0.0,0.0,"During the next six months, do you think this business will be using Artificial Intelligence (AI) in any of its business functions? (Examples of AI: machine learning, natural language processing, virtual agents, voice recognition, etc.)",Do not know,AI future
107,8/10/2026 - 8/23/2026,,,33460.0,,,23.1,2.85,0.0,0.0,"During the next six months, do you think this business will be using Artificial Intelligence (AI) in any of its business functions? (Examples of AI: machine learning, natural language processing, virtual agents, voice recognition, etc.)",Do not know,AI future
107,8/10/2026 - 8/23/2026,,,35620.0,,,29.7,0.99,0.0,0.0,"During the next six months, do you think this business will be using Artificial Intelligence (AI) in any of its business functions? (Examples of AI: machine learning, natural language processing, virtual agents, voice recognition, etc.)",Do not know,AI future
107,8/10/2026 - 8/23/2026,,,36740.0,,,33.3,3.41,0.0,0.0,"During the next six months, do you think this business will be using Artificial Intelligence (AI) in any of its business functions? (Examples of AI: machine learning, natural language processing, virtual agents, voice recognition, etc.)",Do not know,AI future
107,8/10/2026 - 8/23/2026,,,37980.0,,,27.9,2.09,0.0,0.0,"During the next six months, do you think this business will be using Artificial Intelligence (AI) in any of its business functions? (Examples of AI: machine learning, natural language processing, virtual agents, voice recognition, etc.)",Do not know,AI future
107,8/10/2026 - 8/23/2026,,,38060.0,,,29.4,2.9,0.0,0.0,"During the next six months, do you think this business will be using Artificial Intelligence (AI) in any of its business functions? (Examples of AI: machine learning, natural language processing, virtual agents, voice recognition, etc.)",Do not know,AI future
107,8/10/2026 - 8/23/2026,,,38900.0,,,18.0,3.02,0.0,0.0,"During the next six months, do you think this business will be using Artificial Intelligence (AI) in any of its business functions? (Examples of AI: machine learning, natural language processing, virtual agents, voice recognition, etc.)",Do not know,AI future
107,8/10/2026 - 8/23/2026,,,40140.0,,,29.3,3.02,0.0,0.0,"During the next six months, do you think this business will be using Artificial Intelligence (AI) in any of its business functions? (Examples of AI: machine learning, natural language processing, virtual agents, voice recognition, etc.)",Do not know,AI future
107,8/10/2026 - 8/23/2026,,,41180.0,,,18.1,2.86,0.0,0.0,"During the next six months, do you think this business will be using Artificial Intelligence (AI) in any of its business functions? (Examples of AI: machine learning, natural language processing, virtual agents, voice recognition, etc.)",Do not know,AI future
107,8/10/2026 - 8/23/2026,,,41700.0,,,34.1,4.82,0.0,0.0,"During the next six months, do you think this business will be using Artificial Intelligence (AI) in any of its business functions? (Examples of AI: machine learning, natural language processing, virtual agents, voice recognition, etc.)",Do not know,AI future
107,8/10/2026 - 8/23/2026,,,41740.0,,,27.6,2.64,0.0,0.0,"During the next six months, do you think this business will be using Artificial Intelligence (AI) in any of its business functions? (Examples of AI: machine learning, natural language processing, virtual agents, voice recognition, etc.)",Do not know,AI future
107,8/10/2026 - 8/23/2026,,,41860.0,,,27.8,2.15,0.0,0.0,"During the next six months, do you think this business will be using Artificial Intelligence (AI) in any of its business functions? (Examples of AI: machine learning, natural language processing, virtual agents, voice recognition, etc.)",Do not know,AI future
107,8/10/2026 - 8/23/2026,,,42660.0,,,18.9,2.56,0.0,0.0,"During the next six months, do you think this business will be using Artificial Intelligence (AI) in any of its business functions? (Examples of AI: machine learning, natural language processing, virtual agents, voice recognition, etc.)",Do not know,AI future
107,8/10/2026 - 8/23/2026,,,45300.0,,,27.8,4.21,0.0,0.0,"During the next six months, do you think this business will be using Artificial Intelligence (AI) in any of its business functions? (Examples of AI: machine learning, natural language processing, virtual agents, voice recognition, etc.)",Do not know,AI future
107,8/10/2026 - 8/23/2026,,,47900.0,,,28.0,2.52,0.0,0.0,"During the next six months, do you think this business will be using Artificial Intelligence (AI) in any of its business functions? (Examples of AI: machine learning, natural language processing, virtual agents, voice recognition, etc.)",Do not know,AI future
107,8/10/2026 - 8/23/2026,,,,,,26.3,0.38,0.0,0.0,"During the next six months, do you think this business will be using Artificial Intelligence (AI) in any of its business functions? (Examples of AI: machine learning, natural language processing, virtual agents, voice recognition, etc.)",Do not know,AI future
107,8/10/2026 - 8/23/2026,,,,,A,25.8,0.5,0.0,0.0,"During the next six months, do you think this business will be using Artificial Intelligence (AI) in any of its business functions? (Examples of AI: machine learning, natural language processing, virtual agents, voice recognition, etc.)",Do not know,AI future
107,8/10/2026 - 8/23/2026,,,,,E,29.9,0.89,0.0,0.0,"During the next six months, do you think this business will be using Artificial Intelligence (AI) in any of its business functions? (Examples of AI: machine learning, natural language processing, virtual agents, voice recognition, etc.)",Do not know,AI future
107,8/10/2026 - 8/23/2026,,,,,B,25.4,0.55,0.0,0.0,"During the next six months, do you think this business will be using Artificial Intelligence (AI) in any of its business functions? (Examples of AI: machine learning, natural language processing, virtual agents, voice recognition, etc.)",Do not know,AI future
107,8/10/2026 - 8/23/2026,,,,,D,29.4,1.01,0.0,0.0,"During the next six months, do you think this business will be using Artificial Intelligence (AI) in any of its business functions? (Examples of AI: machine learning, natural language processing, virtual agents, voice recognition, etc.)",Do not know,AI future
107,8/10/2026 - 8/23/2026,,,,,C,26.9,0.85,0.0,0.0,"During the next six months, do you think this business will be using Artificial Intelligence (AI) in any of its business functions? (Examples of AI: machine learning, natural language processing, virtual agents, voice recognition, etc.)",Do not know,AI future
107,8/10/2026 - 8/23/2026,,,,,G,32.7,2.0,0.0,0.0,"During the next six months, do you think this business will be using Artificial Intelligence (AI) in any of its business functions? (Examples of AI: machine learning, natural language processing, virtual agents, voice recognition, etc.)",Do not know,AI future
107,8/10/2026 - 8/23/2026,,,,,F,32.3,1.55,0.0,0.0,"During the next six months, do you think this business will be using Artificial Intelligence (AI) in any of its business functions? (Examples of AI: machine learning, natural language processing, virtual agents, voice recognition, etc.)",Do not know,AI future
